claim,label
Rain Man won an Oscar.,SUPPORTS
Metallica plays professional baseball.,REFUTES
Davis Guggenheim has avoided film directing altogether.,REFUTES
The song Wild Ones is by Flo Rida.,SUPPORTS
Alfre Woodard is only a farmer.,REFUTES
In Her Shoes is a drama.,SUPPORTS
Minneapolis has thirteen lakes in its northern district.,SUPPORTS
Live Your Life is a religion.,REFUTES
The Dodecanese contain islands.,SUPPORTS
Bonnie Hunt was in an airplane.,NOT ENOUGH INFO
Cheyenne Jackson had a Fox television series guest role.,SUPPORTS
Telangana is in South Asia.,SUPPORTS
Pixar does not create films.,REFUTES
Zinedine Zidane was named the best Euopean footballer of the past 50 years in the UEFA Golden Jubilee Poll.,SUPPORTS
Sherlock (TV series) was released on Blu-ray.,SUPPORTS
Transformers: Dark of the Moon is not a film.,REFUTES
There was a nomination for an Academy Award for Bradley Cooper.,SUPPORTS
The Dodecanese contain islands.,SUPPORTS
Keith Urban has released music.,SUPPORTS
Charles Haley's dog's name is Chewis.,NOT ENOUGH INFO
Paul Newman was born in 1925.,SUPPORTS
Assassin's Creed has four main games.,REFUTES
Judi Dench has worked.,SUPPORTS
The 1983-94 NBA season ended with the NBA Championship.,SUPPORTS
Peter Cetera was in the band Chicago.,SUPPORTS
Glenn Frey worked with a musician.,SUPPORTS
Resident Evil is about zombie outbreaks caused by the T-Virus.,SUPPORTS
The second and third installments of two series featured the performance of Karl Urban.,SUPPORTS
The Uruguay national football team defeated Argentina.,SUPPORTS
Bryan Cranston was directed.,SUPPORTS
Rebecca Hall does not act.,REFUTES
Pablo Escobar was a drug merchant.,SUPPORTS
The Olympic Games has 33 different sport competitions.,SUPPORTS
Pablo Fenjves ghostwrote for someone.,SUPPORTS
Anne Bancroft won at least two things.,SUPPORTS
"Adam Sandler was born on September 9, 1966.",SUPPORTS
Hilda Ellis Davidson wrote about Celtic paganism.,SUPPORTS
Prussia was founded in 1932.,REFUTES
Audrey Horne was introduced in Twin Peaks and she was in a David Lynch production.,SUPPORTS
"Stratford, London is in east London, England.",SUPPORTS
At Middleton is a radio program.,REFUTES
Audi makes high-grossing luxury cars.,NOT ENOUGH INFO
John Logan and Dante Harper co-wrote the 2017 American science fiction horror film Alien: Covenant.,SUPPORTS
Foo Fighters have an album.,SUPPORTS
Ethan Hawke starred in a movie.,SUPPORTS
Marlon Brando was in a film.,SUPPORTS
Franklin D. Roosevelt never planned to end the Great Depression.,NOT ENOUGH INFO
Ellen Burstyn has worked in film.,SUPPORTS
Pablo Fenjves wrote for someone who acts.,SUPPORTS
There are parades in Rio de Janeiro.,SUPPORTS
Marshall McLuhan taught English at University of Toronto as a Professor of English.,NOT ENOUGH INFO
Alice is a reworking of an Italian movie.,SUPPORTS
The Divergent Series: Allegiant is not a film.,REFUTES
Frank Sinatra was American.,SUPPORTS
Glenn Close appeared in both plays and musicals on Broadway.,SUPPORTS
Prison Break has more than one season.,SUPPORTS
Jean-Martin Charcot was a scientist.,SUPPORTS
"Ryan Seacrest was born on Monday December 24, 1974.",NOT ENOUGH INFO
Celine Dion sings in French.,SUPPORTS
Trevor Noah was born in the seventies.,REFUTES
Jensen Ackles did not play Alec/X5-494 in Dark Angel.,REFUTES
Courtney Love released an album.,SUPPORTS
The Syrian Desert spans parts Jordan.,SUPPORTS
The World Science Festival is a science festival.,SUPPORTS
Elizabeth I of England reigned in England.,SUPPORTS
Ayn Rand opposed control of economic policy.,SUPPORTS
Reddit had a funding round that included people.,SUPPORTS
Stanley Kubrick worked in the 1870s.,REFUTES
Nepal has a diverse landscape.,SUPPORTS
Life After Death is a work that follows Ready to Die.,SUPPORTS
American Horror Story had zero seasons.,REFUTES
Amaravati is a place in Andhra Pradesh.,SUPPORTS
"Star Wars: The Force Awakens' ensemble cast was called ""extraordinary"".",NOT ENOUGH INFO
Kate Beckinsale is an actress.,SUPPORTS
Jack Nicholson acts.,SUPPORTS
The Silence of the Lambs is not a film.,REFUTES
Boeing 737s serve markets previously filled by luxury airliners.,NOT ENOUGH INFO
American Gods (TV series) has a mascot named Fuller.,NOT ENOUGH INFO
Before Night Falls is written and directed by Julian Schnabel.,SUPPORTS
Albert Einstein is a physicist.,SUPPORTS
An Academy Award was what Angelina Jolie was nominated for.,SUPPORTS
Europeans discovered the Australian continent in 1606.,SUPPORTS
Gang Signs & Prayer is an album by Skepta.,REFUTES
Gimli is a character from a book.,SUPPORTS
Chess was once recognized as a sport by the IOC.,SUPPORTS
Mike Pence cut taxes in a state.,SUPPORTS
Nina Simone enrolled in Berkeley School of Music.,REFUTES
J. Cole is a producer of records.,SUPPORTS
Jane Fonda starred in a movie.,SUPPORTS
Jean Grey was featured in several video games.,SUPPORTS
Faith Evans has a fifth album.,SUPPORTS
Daniel Craig acted in a 2002 film.,NOT ENOUGH INFO
"Episodes of Game of Thrones (season 3) ran 54, 61, and 52 minutes.",NOT ENOUGH INFO
The Hermetic Order of the Golden Dawn was active during the 20th and 21st centuries.,REFUTES
The Academy Honorary Award was put in place for a prize formerly named the Special Award.,SUPPORTS
D. B. Weiss was relocated in 1971.,NOT ENOUGH INFO
Tina Turner has an album called Private Dancer and is successful.,SUPPORTS
Margot Kidder won an award.,SUPPORTS
Jennifer Hudson rose to politics came in 2004.,NOT ENOUGH INFO
19 Kids and Counting had only one name.,REFUTES
Nerrukku Ner is a film.,SUPPORTS
"Natalie Wood was born on January 1, 1930.",REFUTES
Paul Pogba is a professional chef.,NOT ENOUGH INFO
Donnie Wahlberg is a person.,SUPPORTS
Malaysia consists of thirteen islands.,NOT ENOUGH INFO
Sunrise created an anime directed by Yoshiyuki Tomino and it is Japanese.,SUPPORTS
Gendry appeared in a novel.,SUPPORTS
George Orwell is the author of a book.,SUPPORTS
Sonny with a Chance is a show.,SUPPORTS
One can obtain a medical degree at Boston University.,SUPPORTS
Doug Ducey had a business partner.,SUPPORTS
Mary Tyler Moore died.,SUPPORTS
Pixar does not create films.,REFUTES
Saskatchewan is bordered on the north by only the sea.,REFUTES
Gianluigi Buffon murdered a starting goalkeeper.,NOT ENOUGH INFO
Keturah was Abraham's concubine.,SUPPORTS
Buddy Holly's style was influenced by a genre of music.,SUPPORTS
Jack Reacher (film) was released before 2012.,REFUTES
Dwight Schrute is a character on an American TV comedy series.,SUPPORTS
Baahubali 2: The Conclusion is also known by another name.,SUPPORTS
The Minnesota Vikings is a football team.,SUPPORTS
Tyrion Lannister only appears in Umberto Eco novels.,REFUTES
Friends with Benefits had no human actors.,REFUTES
Hong Kong is incapable of having the highest Financial Development Index score.,REFUTES
Emma Thompson acted.,SUPPORTS
Stone Temple Pilots had an original member that was an American guitarist.,SUPPORTS
Beauty and the Beast featured British actors.,SUPPORTS
"Eric Trump is the child of a man born on June 14, 1422.",REFUTES
"Michelle Obama is an American and was born in Boston, Massachusetts.",NOT ENOUGH INFO
There is a fighting game called Super Street Fighter II Turbo.,SUPPORTS
Malala Yousafzai fights against the Taliban's restrictions.,NOT ENOUGH INFO
Kurt Angle won a championship.,SUPPORTS
The USS Constitution is a United States Navy ship.,SUPPORTS
Peggy Sue Got Married is a film.,SUPPORTS
Emily Ratajkowski is an art house erotica photographer.,NOT ENOUGH INFO
Travis Barker is a drummer.,SUPPORTS
Imagine Dragons is a musical act.,SUPPORTS
Silk was the primary trade item on the Silk Road.,SUPPORTS
Lisa Kudrow was on a station.,SUPPORTS
Splatoon 2 is a video game on the Nintendo Switch.,SUPPORTS
Gift of the Night Fury stars the voice of a screenwriter from the United States.,NOT ENOUGH INFO
Blue Velvet was released in a flurry.,NOT ENOUGH INFO
Audra McDonald appeared in Ragtime.,SUPPORTS
Mark Zuckerberg did not co-found Facebook.,REFUTES
Elizabeth II was born on 21 April 1726.,REFUTES
Judd Apatow has worked with Paul Feig.,SUPPORTS
Audrey Hepburn is a person.,SUPPORTS
RuPaul is an artist who records.,SUPPORTS
Richard Nixon's wife's middle name was Catherine.,SUPPORTS
Michael Caine was in at least three Hitchcock films.,NOT ENOUGH INFO
Ken Russell directed a film starring Oliver Reed and Vanessa Redgrave.,SUPPORTS
Christian Bale won an Academy Award.,SUPPORTS
"The Syrian Desert covers 450,000 km2 in the Middle East.",REFUTES
Coca is grown as a crop.,SUPPORTS
Naturi Naughton was born in a hospital.,NOT ENOUGH INFO
Divergent was released on DVD and Blu-ray in 2014.,SUPPORTS
"Miami Beach had a total population of 87,779.",SUPPORTS
Jimmy Carter is involved in politics.,SUPPORTS
Coca is produced in Argentina.,SUPPORTS
Margaret Atwood is a bear.,REFUTES
Zinedine Zidane is a footballer.,SUPPORTS
Genghis Khan is a person.,SUPPORTS
Sunburn is a title.,NOT ENOUGH INFO
Alessia Cara is signed to Sony Entertainment.,NOT ENOUGH INFO
Logan Lerman appeared in a film.,SUPPORTS
Friday the 13th is a film franchise with multiple films like Freddy Krueger and Freddy vs. Jason.,NOT ENOUGH INFO
Pablo Fenjves ghostwrote for Macklemore.,NOT ENOUGH INFO
Lumps are possible signs of cancer that often occur in the breasts.,SUPPORTS
John Glenn is identified as an American.,SUPPORTS
Anonymous represents many community users both online and offline.,SUPPORTS
Foxcatcher is a film.,SUPPORTS
O. J. Simpson was banned from the College Football Hall of Fame in 1983.,REFUTES
Peter Jackson was involved with The Hobbit.,SUPPORTS
To The Bone only included canine actors.,REFUTES
Laurence Fishburne acted in a movie.,SUPPORTS
Lyndon B. Johnson won a landslide re-election in the United States presidential election of 1964.,SUPPORTS
James Bond was unrelated to Ian Fleming.,REFUTES
The Twilight Saga are vampire films.,SUPPORTS
Mykelti Williamson stars in Fences.,SUPPORTS
Henry V is based on a movie.,REFUTES
Frank Ocean is a performer.,SUPPORTS
The hoops in basketball are ten feet high.,SUPPORTS
Donnie Wahlberg is in the show Boomtown.,SUPPORTS
Bette Davis had speech.,SUPPORTS
Michael McCullers worked with an actor.,SUPPORTS
Nick Nolte was in the cast of The Thin Red Line and Hulk.,SUPPORTS
In Secret stars zero American actresses.,REFUTES
Twitter is a source of Vitamin D.,NOT ENOUGH INFO
Paradise is by Aerosmith.,REFUTES
The Savages had Laura Linney in it.,SUPPORTS
Katrina Kaif is a full time accountant only.,REFUTES
The United States did not become the world's sole superpower in 1991..,REFUTES
Gilmore Girls was revived in 2016 for a four-part miniseries.,SUPPORTS
Floyd Mayweather Jr. has won Fighter of the Year multiple times.,SUPPORTS
Frédéric Auguste Bartholdi was French and Irish.,NOT ENOUGH INFO
Novak Djokovic is an athlete.,SUPPORTS
Conan O'Brien is an American.,SUPPORTS
Leslie Uggams had a role on a TV show.,SUPPORTS
Burundi possesses formally constituted political groups.,NOT ENOUGH INFO
Savages is a film that Aaron Taylor-Johnson stars in.,SUPPORTS
The full theatrical release of Spider-Man happened in America in May of 2002.,SUPPORTS
Adele was a graduate from the BRIT School for Performing Arts and Technology.,SUPPORTS
The football team of Georgia Institute of Technology is the Yellow Jackets.,SUPPORTS
Amy Adams was born in the 1970s.,SUPPORTS
Ronald Reagan was not president of the United States.,REFUTES
Muammar Gaddafi encouraged a policy.,SUPPORTS
New England is not in the Western Hemisphere.,REFUTES
Muhammad Ali refused to kill.,NOT ENOUGH INFO
Avatar required technology not available in the seventies.,REFUTES
Martina Navratilova is only a soccer player.,REFUTES
Charles Haley is from the United States.,SUPPORTS
Kangana Ranaut won an award.,SUPPORTS
Amazon Web Services included tools for the inter-networking of vehicles.,SUPPORTS
Unforgettable is written by American screenwriters Christina Hodson and David Leslie Johnson.,SUPPORTS
Paul Bettany is married to an actress.,SUPPORTS
Imagine Dragons' Daniel Platzman is their percussionist.,SUPPORTS
Marilyn Monroe was an actress.,SUPPORTS
The Caracazo happened in a country.,SUPPORTS
One of Facebook's co-founders is Mark Zuckerberg.,SUPPORTS
Eddie Vedder is a member of a band.,SUPPORTS
Steven Spielberg directed a war drama film.,SUPPORTS
Allen Ginsberg was the poet of a poem about Bangladeshi refugees.,NOT ENOUGH INFO
The Americans premiered in 2001.,REFUTES
James Garner starred in American television series.,SUPPORTS
Steven Spielberg is not a screenwriter.,REFUTES
"Malcolm Young is a retired musician, vocalist and song-writer from AC/DC.",SUPPORTS
Pacific Rim is a work.,SUPPORTS
Usher was born in a state.,SUPPORTS
The Directors Guild of America became its modern self in 1960 after the Screen Directors Guild merged with the Radio and Television Directors Guild.,SUPPORTS
Tamera Mowry is a Pisces.,REFUTES
Connaught Tunnel is in a northern province of Ireland.,REFUTES
Michelle Obama did not give a speech in Pennsylvania.,REFUTES
Titanium is on David Guetta's 2011 album.,SUPPORTS
Garry Kasparov writes.,SUPPORTS
Diary of the Dead is a slasher film.,NOT ENOUGH INFO
Katherine Heigl has performed.,SUPPORTS
Umbrella is a single.,SUPPORTS
Girls' Generation is composed of people.,SUPPORTS
Sarah Michelle Gellar co-founded a new business with an online store.,SUPPORTS
José Aldo had been ranked #2 featherweight in only Uruguay.,NOT ENOUGH INFO
Demi Moore has been in a movie.,SUPPORTS
Bronson (film) is a fictionalized crime film based on someone's life.,SUPPORTS
Wyatt Earp was anything but a teamster.,REFUTES
Oliver Reed is an actor.,SUPPORTS
"In August of 1986, Dan Martin was born.",SUPPORTS
Adrien Broner is a boxer.,SUPPORTS
Mary-Louise Parker appeared in Game of Thrones.,NOT ENOUGH INFO
Los Angeles is where Ghostbusters premiered.,SUPPORTS
There was an album that was number one on the U.S Billboard 200 by Drake (musician).,SUPPORTS
"Nineteen Eighty-Four's heroine was based on the author's second wife, Patricia.",REFUTES
Purple is in the rock genre and released by Stone Temple Pilots.,SUPPORTS
There is a music group that uses their voice as instruments called Boyz II Men.,SUPPORTS
Paramount Pictures distributed Iron Man.,SUPPORTS
Adi Shankar is an Mexican-born American film director and producer.,REFUTES
Miranda Cosgrove is an actress.,SUPPORTS
LGBT is an acronym.,SUPPORTS
Anne Hathaway was in Les Misérables.,SUPPORTS
Martina Navratilova is a person.,SUPPORTS
Google is operated by another company.,SUPPORTS
Patricia Lea ``Patty'' Jenkins is illiterate.,REFUTES
A film based on Marvel Comics is X-Men: Days of Future Past.,SUPPORTS
Zlatan Ibrahimović won a UEFA football award in 2007 and 2009.,SUPPORTS
Saswata Chatterjee is based only outside of Kolkata.,REFUTES
Larry Buttrose published The Maze of the Muse.,NOT ENOUGH INFO
James Wilson is a real medical practitioner.,SUPPORTS
Tiger Woods plays sports professionally.,SUPPORTS
The Rolling Stones had bassist Bill Wyman.,NOT ENOUGH INFO
Reddit had a funding round that included American investors.,SUPPORTS
Nepal had fertile basements.,NOT ENOUGH INFO
Conan O'Brien is a host on television.,SUPPORTS
Cleopatra had zero children.,REFUTES
Cher is a performer.,SUPPORTS
Angelina Jolie was in a film.,SUPPORTS
Her was released.,SUPPORTS
Xbox One was released in August 2012.,REFUTES
There is a Scottish record producer name Calvin Harris.,SUPPORTS
Dead Man Down stars an English actor.,SUPPORTS
Michelangelo was a person.,SUPPORTS
Sunrise created a co-production with a design studio formed by Hayao Miyazaki.,NOT ENOUGH INFO
Roman Atwood is a cat.,REFUTES
"The Declaration of Independence was adopted on July 4th, 1776 in the United States.",SUPPORTS
Sunflower (1970 film) was released in 1970.,SUPPORTS
Mary Marvel was created.,SUPPORTS
Michael Caine starred in A Bridge Too Far.,SUPPORTS
Stardust (2007 film) was reviewed by Matthew Vaughn.,NOT ENOUGH INFO
Cleveland had LeBron James as player.,SUPPORTS
Kingdom Hearts III is developed by Square Enix.,SUPPORTS
Abraham Lincoln was a president.,SUPPORTS
Rebecca Ferguson has yet to be in film or television.,REFUTES
Nick Nolte is a former American model.,SUPPORTS
Andy Roddick is an athlete.,SUPPORTS
Jennifer Jason Leigh debuted on Broadway in May of 1998.,NOT ENOUGH INFO
Didier Drogba plays football professionally.,SUPPORTS
John Heard died before the birth of Nicolas Cage.,NOT ENOUGH INFO
Wyatt Earp was a lawman.,SUPPORTS
Brian Lynch is a screenwriter.,SUPPORTS
John Lennon was posthumously inducted as a saint.,REFUTES
Tiger Woods has not competed in a golf tournament.,REFUTES
Arnold Schwarzenegger is an entertainer.,SUPPORTS
Enemy is a psychological thriller and it is filmed in Canada.,NOT ENOUGH INFO
There is a film called Toy Story.,SUPPORTS
Dwight D. Eisenhower has always refused to enter politics.,REFUTES
Michael is Sylvester Stallone's first name.,SUPPORTS
Enough Project makes campaigns.,SUPPORTS
The brown bear is a river.,REFUTES
Anne Hathaway had a role in Nicholas Nickleby.,SUPPORTS
Novak Djokovic broke the single-season tennis record.,SUPPORTS
"From critics, The Conjuring received positive reviews.",SUPPORTS
Andrew Jackson was a president.,SUPPORTS
"On July 26, 2006 Little Miss Sunshine had a limited release.",SUPPORTS
Slipknot released an album.,SUPPORTS
Directing is a profession of Kenneth Branagh.,SUPPORTS
George A. Romero was the director of Creepshow.,SUPPORTS
American Horror Story's first season has no subtitle.,REFUTES
Martin Noxon wrote To the Bone.,SUPPORTS
Frank was released.,SUPPORTS
"While Barack Obama was in office, he signed landmark bills",SUPPORTS
"Transformers: Age of Extinction stars Peter Cullen as Optimus Prime, like every other Transformer movie has.",SUPPORTS
Sarah Palin is a writer.,SUPPORTS
Dubai is a metropolis.,NOT ENOUGH INFO
Glen Campbell has donated to charity.,NOT ENOUGH INFO
The Promise is set in the Ottoman Empire.,SUPPORTS
Wiz Khalifa is a person who raps.,SUPPORTS
Willie Nelson was raised by George and Wilma Nelson.,SUPPORTS
Stanley Tucci is a film actor.,SUPPORTS
Melisandre appeared in Westeros.,SUPPORTS
Popstar: Never Stop Never Stopping stars Scientologists.,NOT ENOUGH INFO
Miley Cyrus is not a songwriter.,REFUTES
Rope has a star.,SUPPORTS
KFC was overtaken by the R.J. Reynolds food and tobacco conglomerate.,SUPPORTS
Mike Pence has worked.,SUPPORTS
Kim Basinger is a person who acts.,SUPPORTS
Jeff Ament released a solo album.,SUPPORTS
The New York Giants play professionally.,SUPPORTS
Boston has been a war horse.,REFUTES
South America contains a country.,SUPPORTS
The Last of Us Part II is an upcoming video game.,SUPPORTS
"Wentworth was filmed in Clayton, Victoria.",SUPPORTS
Tamara Taylor is an actress.,SUPPORTS
Suits (TV series) features actress Sarah Michelle Gellar.,NOT ENOUGH INFO
Belgium is comprised of Wallonia and two other regions.,SUPPORTS
A grammy has been awarded to Eminem.,SUPPORTS
OK Computer was recorded by Radiohead and then released in 1997 by Capitol Records.,SUPPORTS
Willie Nelson was discharged due to medical issues.,SUPPORTS
Ellen DeGeneres is a Gemini.,REFUTES
Tolkien's legendarium featured the character Gimli.,SUPPORTS
Ariana Grande released a holiday EP.,SUPPORTS
Jackie Chan works with films.,SUPPORTS
Isis is from a monotheistic pantheon.,REFUTES
There is a film called Apocalypse Now.,SUPPORTS
Janet Jackson is an American recording artist.,SUPPORTS
William Shatner played a character.,SUPPORTS
Charles II of England was queen of Scotland.,REFUTES
Cristiano Ronaldo dos Santos Aveiro is a professional footballer for Spanish club Real Madrid.,SUPPORTS
Danny Carey was born on May 10.,SUPPORTS
The 2011 FIFA U-20 World Cup took place between July 29 to August 20 in Colombia.,SUPPORTS
Derrick Rose is in a sports association.,SUPPORTS
Angelina Jolie is a person.,SUPPORTS
Ronald Reagan held an approval rating matching Bill Clinton.,SUPPORTS
Keisuke Honda plays for Milan as a midfielder.,SUPPORTS
Brandon Lee was born during the filming of The Crow.,REFUTES
Adele has an album.,SUPPORTS
Isis is from a set.,NOT ENOUGH INFO
Felicity Huffman is an actress.,SUPPORTS
Broadchurch is a book series.,REFUTES
Blue Velvet was credited for re-launching Hopper's career.,SUPPORTS
John Glenn was an astronaut.,SUPPORTS
John II of Portugal was only ever known as John II of Portugal.,REFUTES
Barack Obama lives in Chicago.,NOT ENOUGH INFO
Laurence Fishburne acted in a movie.,SUPPORTS
California has a desert.,SUPPORTS
"Richmond, Virginia is a neighbor to the United States Court of Appeals for the Fourth Circuit.",REFUTES
Ryan Gosling has been to a country in Africa.,SUPPORTS
Plutonium only reacts with iron.,REFUTES
Diana Ross was honored in 2007.,SUPPORTS
Travis Scott is not a rapper.,REFUTES
George Foreman was ranked the eighth greatest heavyweight of all time.,SUPPORTS
Martina Navratilova is a person.,SUPPORTS
Natasha Richardson starred in a movie.,SUPPORTS
Denis Leary is a milk producer and farmer.,NOT ENOUGH INFO
Michael Jackson was a musician.,SUPPORTS
Austria has a congress.,NOT ENOUGH INFO
"Sharon Tate did not die on August 9, 1969.",REFUTES
Qatar is separated from Bahrain.,SUPPORTS
Venus takes 224.7 Earth days to complete a day and night cycle.,NOT ENOUGH INFO
Donald Sutherland is an actor in movies.,SUPPORTS
Michael Schumacher won five consecutive driving titles.,SUPPORTS
Costumes are incorporated into opera.,SUPPORTS
Sarah Palin has always been in a vegetative state.,REFUTES
Colin Farrell is an actor.,SUPPORTS
A tomb is the centerpiece of the Taj Mahal.,SUPPORTS
David Schwimmer acts in movies.,SUPPORTS
Macbeth is the first play written by William Shakespeare.,NOT ENOUGH INFO
Tropic Thunder is a painting.,REFUTES
Conan O'Brien hosts a late-night talk show in the United States.,SUPPORTS
"Black Sails was renewed for a fourth season on July 31, 2015 by HBO.",NOT ENOUGH INFO
Tony Bill worked with Daryl Hannah.,SUPPORTS
Andrew Wood is recognized as one of the fathers of a music genre.,SUPPORTS
Al Capone was prosecuted for the crime of tax evasion.,SUPPORTS
Richard III of England died at the age of 32.,SUPPORTS
Dragon Ball has been made into TV shows.,SUPPORTS
The Beach Boys were co-founded by Billy Joel.,REFUTES
John Lennon died in 1989.,REFUTES
Kolyma has reserves of gold.,SUPPORTS
Grace Jones's style drew on pop music and she was acclaimed.,NOT ENOUGH INFO
George Orwell is the author of Nineteen Eighty-Four and Animal Farm.,SUPPORTS
Niall Horan is a person.,SUPPORTS
10 Cloverfield Lane stars the actress Mary Elizabeth Winstead.,SUPPORTS
John Mayer released the film Paradise Valley.,REFUTES
Kim Basinger is a person.,SUPPORTS
Rich Girl is a remake of Louchie Lou & Michie One's album of the same name.,REFUTES
Sabrina Carpenter has released music with Hollywood Records.,SUPPORTS
Paleogene is also spelled Palaeogene.,SUPPORTS
Romelu Lukaku started his football career in 2015.,REFUTES
The Hui people also have a community in Inner Mongolia.,SUPPORTS
Star Wars sequel trilogy has Carrie Fisher in it.,SUPPORTS
David Carradine was an actor.,SUPPORTS
Travis Scott is a rapper.,SUPPORTS
Jamaicans for Justice is a group that is non-profit.,SUPPORTS
Felicity Huffman was born a Virgo.,NOT ENOUGH INFO
Gong Ji-chul is Gong Yoo's real name.,SUPPORTS
Luxo Jr. is a film.,SUPPORTS
Yale School of Drama started as the Department of Comedy in the School of Fine Arts.,REFUTES
The Avengers was shown in 2012.,SUPPORTS
Natalie Portman stars in the Star Wars prequel trilogy.,SUPPORTS
Richard Gere starred in an American thriller film.,SUPPORTS
"Ben Whishaw was in Hamlet, Nathan Barley, Criminal Justice, The Hour, London Spy, Perfume: The Story of a Murderer, I'm Not There, Bright Star, Brideshead Revisited, Cloud Atlas, The Lobster, Suffragette and The Danish Girl.",SUPPORTS
Marlon Brando was alive in the 1960's.,SUPPORTS
Hugo Weaving voiced his concerns.,NOT ENOUGH INFO
Pierce Brosnan starred in a movie.,SUPPORTS
Joseph Stalin was a squid.,REFUTES
José Aldo had been ranked #2 UFC featherweight in the world.,SUPPORTS
Maria Sharapova tested positive for a material that has been forbidden by the World Anti-Doping Agency.,SUPPORTS
Spotlight exists.,SUPPORTS
The RMS Titanic left Southampton in England.,SUPPORTS
Shallow Hal is a comedy Canadian film.,REFUTES
There is a British songwriter name Adele.,SUPPORTS
Michelle Pfeiffer was nominated for an Academy Award.,SUPPORTS
Russell Crowe is a performer.,SUPPORTS
Tommy Lee Jones portrayed U.S. Marshal Samuel Gerard.,SUPPORTS
Cage Warriors is an American heritage site.,NOT ENOUGH INFO
Glacier is affected by any product of the condensation of atmospheric water vapor that falls under gravity which is called precipitation.,NOT ENOUGH INFO
Zlatan Ibrahimović is a player for Milan.,SUPPORTS
There is a continent called Antarctica.,SUPPORTS
Colin Firth acts.,SUPPORTS
Iron Man is a film.,SUPPORTS
John F. Kennedy was a member of the Boston Celtics.,NOT ENOUGH INFO
Hacksaw Ridge is a film.,SUPPORTS
"Hulk's most usual color is green, though it has varied.",SUPPORTS
Ranbir Kapoor co-owns a football team in the men's professional football league in Mumbai.,SUPPORTS
Dustin Hoffman has an acting career.,SUPPORTS
"During Super Bowl XXXVIII, Cowboy was performed.",SUPPORTS
Lana Del Rey did not release the album Born to Die.,REFUTES
Wayne Rooney is a professional footballer.,SUPPORTS
Paul Simon is a man who acts.,SUPPORTS
The Right Stuff's cast sued Fred Ward.,NOT ENOUGH INFO
William Shatner is a person.,SUPPORTS
Chicago is positioned by the Great Lakes.,SUPPORTS
Marlon Brando was in Viva Zapatal.,SUPPORTS
Nina Simone died in the 2000s.,SUPPORTS
Willie Nelson became a high school graduate in 1950.,SUPPORTS
Nina Simone died in Amherst.,NOT ENOUGH INFO
Respiratory disease can be classified by the cause of the disease and the organ or tissue involved.,SUPPORTS
Bob Riley's maiden name is Juniper.,NOT ENOUGH INFO
Dwayne Johnson had no role in The Scorpion King.,REFUTES
Arnold Schwarzenegger acts.,SUPPORTS
Jimmy Carter is a lawyer.,NOT ENOUGH INFO
Tanzania has formal relations with a place.,SUPPORTS
Muhammad was a person.,SUPPORTS
Wiz Khalifa is a person who raps.,SUPPORTS
Doctor Who is a television series.,SUPPORTS
United States contains cities.,SUPPORTS
Absolute Beginners featured a band formed under the radar.,NOT ENOUGH INFO
Tyrion Lannister is portrayed by sheep.,REFUTES
Connie Britton was in Friday Night Lights as a lead.,SUPPORTS
Burundi was formerly a colony.,SUPPORTS
Hugh Jackman appeared in a major role in a movie directed by and/or written by Chris Nolan.,SUPPORTS
Hadera is outside of Israel.,REFUTES
The Rock and Roll Hall of Fame in 2017 has Tupac Shakur part of it.,SUPPORTS
Bradley Cooper appeared in a show created by Darren Star.,SUPPORTS
A dramatic historical film starred Emily Blunt.,NOT ENOUGH INFO
Taylor Swift writes and sings.,SUPPORTS
William Jennings Bryan turned down being Secretary of State for his entire life.,REFUTES
Wolverine is a Marvel Comics character.,SUPPORTS
The Portuguese Empire was one of the most advanced empires in world history.,SUPPORTS
New Orleans is located in southeastern Japan.,REFUTES
Chris Brown collaborated with a rapper.,SUPPORTS
World War 1 lasted for four years.,SUPPORTS
There is a population of non-citizen foreign workers Israel hosts.,SUPPORTS
"Mariah Carey was born on March 27th, 1969 or 1970.",SUPPORTS
Sofía Vergara was born in  the 1970s.,SUPPORTS
Little Big Shots premiered on a jukebox.,REFUTES
Oh Yeon-seo birth name was Oh Haet-nim.,SUPPORTS
Bryan Cranston was on Breaking Bad.,SUPPORTS
Miranda Kerr is not a model.,REFUTES
IZombie season 3 premiered on April 4.,SUPPORTS
Katrina Kaif is in films.,SUPPORTS
The Twilight Saga stars zero actors born on May 13.,REFUTES
Tamara Taylor was born in 1974.,REFUTES
Nina Simone went to school in a city.,SUPPORTS
The Beatles was a rock band.,SUPPORTS
Demi Lovato does R&B music.,SUPPORTS
Brittany Murphy was an actress in Clueless and 8 Mile.,SUPPORTS
The Houston Rockets have won four Western Conference titles.,SUPPORTS
Albert Einstein developed one of the two pillars of modern architecture.,NOT ENOUGH INFO
Cheyenne Jackson acts.,SUPPORTS
Arnold Schwarzenegger left office in 2011.,SUPPORTS
Love Aaj Kal is produced by at least one Indian producer.,SUPPORTS
The Jacksons refused to air on Wednesday evening.,REFUTES
Ben Stiller was involved in the film industry in the 1990s.,SUPPORTS
"Cat on a Hot Tin Roof features several recurring motifs, such as grief.",NOT ENOUGH INFO
Nocturnal Animals is not a film.,REFUTES
"Graciosa, Canary Islands is in a country.",SUPPORTS
There is no record that Richard Nixon ever moved.,REFUTES
Michael Keaton is a film producer from the United States.,SUPPORTS
Midnight in Paris was one of the winners at the 84th Academy Awards.,SUPPORTS
Jim Parsons is a person who acts,SUPPORTS
The Hangover Part III failed to cast any actors.,REFUTES
Quartet is a title.,SUPPORTS
Slovakia isn't a country.,REFUTES
The Boston Celtics share their arena with the Boston Red Sox.,NOT ENOUGH INFO
"In 1948, Tipper Gore was born.",SUPPORTS
R. Kelly is incapable of being a musician.,REFUTES
The Beatles were a band.,SUPPORTS
George Lucas created a franchise.,SUPPORTS
Destiny was created by Bungie.,SUPPORTS
Kobe Bryant has never played in the NBA.,REFUTES
Absolute Beginners featured only a mechanic.,REFUTES
Prometheus is not a film.,REFUTES
"Margaret Osborne duPont was born in New York on March 4, 1918.",NOT ENOUGH INFO
"Before We Go's cast features Chris Evans, Alice Eve, and Mark Kassen.",SUPPORTS
Empress Matilda married the forthcoming Holy Roman Emperor.,SUPPORTS
Tezaab is a film.,SUPPORTS
Janet Jackson's tenth album was titled Control.,REFUTES
"Natalie Wood was born on July 20, 1938.",SUPPORTS
Tom Franco comes from an English family.,REFUTES
Sriti Jha plays the lead role in an Hindi-language TV show.,SUPPORTS
Russell Crowe received an Academy Award for his role in the biopic A Beautiful Mind.,SUPPORTS
Gimli is a character from a book.,SUPPORTS
Logan's screenplay was written and directed by James Mangold and also written by Scott Frank and Michael Green.,SUPPORTS
Natalie Wood acted in American films in the 1900s.,SUPPORTS
George A. Romero directed a movie.,SUPPORTS
Gabrielle Union is in movies.,SUPPORTS
Psychology is a branch of poetry.,NOT ENOUGH INFO
Outfit (retailer) is a UK multinational company.,SUPPORTS
There is a WNBA player name Sue Bird.,SUPPORTS
Novak Djokovic played in the finals at all nine tournaments.,SUPPORTS
Lexmark is a company.,SUPPORTS
Macbeth is tragic.,SUPPORTS
Iggy Azalea is a vegan.,NOT ENOUGH INFO
Tom Cruise was in a film.,SUPPORTS
Suits (TV series) has characters including Jessica Pearson and Mike Ross.,SUPPORTS
Broadcast News is a film.,SUPPORTS
To The Bone includes Alex Sharp.,SUPPORTS
Laurence Fishburne sang in a reboot.,NOT ENOUGH INFO
Stanley Kubrick has a career as a director.,SUPPORTS
Cage Warriors is an MMA promotion.,SUPPORTS
The Hermetic Order of the Golden Dawn was active during two centuries.,SUPPORTS
Carbon reacts with Plutonium.,SUPPORTS
Michelle Rodriguez worked in Frozen.,NOT ENOUGH INFO
Jake Gyllenhaal is a person.,SUPPORTS
Poland is the 16th most visited restaurant in the world.,REFUTES
Farrah Fawcett earned four additional Golden Globe nominations for her 1980s work in TV shows.,NOT ENOUGH INFO
Chet Atkins produced records for Johnny Cash.,NOT ENOUGH INFO
Broadcast News is a 2017 film.,REFUTES
A Few Good Men is directed by a man.,SUPPORTS
Gabrielle Union is in the film industry.,SUPPORTS
Abby Sciuto is from NCIS.,SUPPORTS
Las Vegas is a settlement.,SUPPORTS
Mel Brooks is a person.,SUPPORTS
Nightcrawler had Jake Gyllenhaal in it.,SUPPORTS
The Celtic F.C. does not play in the Scottish Premiership.,REFUTES
Gregory Peck was in a 1945 American film noir psychological mystery thriller movie.,SUPPORTS
The 65th US Secretary of State was Colin Powell.,SUPPORTS
Where the Wild Things Are was put out in 2009.,SUPPORTS
William McKinley served as a US president.,SUPPORTS
Much of Europe was ruled by the House of Lusignan.,SUPPORTS
Good Will Hunting was directed by Gus Van Sant.,SUPPORTS
Amelia Earhart was incapable of becoming an author.,REFUTES
Tropic Thunder's soundtrack and the film's theatrical release were on separate dates.,SUPPORTS
Laura Prepon portrayed Alex Vause in Orange is the New Black.,SUPPORTS
Jane Eyre was authored by an English person.,SUPPORTS
Bran Stark is not a character in novels by George R. R. Martin.,REFUTES
"The main precursor to the internet was the ARPANET, which was founded in 1979.",NOT ENOUGH INFO
Arrow is aired on the CW.,SUPPORTS
Anna Hathaway acted in a film.,SUPPORTS
The 2011 FIFA U-20 World Cup took place between January 29 to August 20.,REFUTES
Christopher Lee's final album Charlemagne: The Omens of Death was released on his 91st birthday.,SUPPORTS
Alicia Keys debuted in a movie.,SUPPORTS
Garry Kasparov is a Russian chess player.,SUPPORTS
Al Capone showed signs of Parkinson's disease.,REFUTES
Gil Sharone began working with Cradle of Filth.,NOT ENOUGH INFO
Neymar was born.,SUPPORTS
Judd Apatow has been nominated for awards.,SUPPORTS
Mirka Federer's birth month is April.,SUPPORTS
The Parliament of Canada includes the House of Commons.,SUPPORTS
Christina Applegate was in Don't Tell Mom the Babysitter's Dead.,SUPPORTS
Andrew Jackson participated in combat during the Battle of Horseshoe Bend.,SUPPORTS
AC/DC are a rock band.,SUPPORTS
Jason Bateman is an actor in Arrested Development.,SUPPORTS
Suicide Kings is a mystery crime TV series.,SUPPORTS
Anne Hathaway exclusively plays bit parts.,REFUTES
Kolyma lacks all natural resources.,REFUTES
Beautiful People finished airing in 2009.,SUPPORTS
The New York Giants are from America.,SUPPORTS
Ralph Fiennes is a person.,SUPPORTS
Merlin was created by Julian Edelman.,REFUTES
Erich von Manstein was a living organism during World War II.,NOT ENOUGH INFO
Patrick Wilson (American actor) was nominated for an award.,SUPPORTS
Christina Aguilera was in the Star Search television series.,SUPPORTS
Amelia Earhart was a pioneer of something.,SUPPORTS
Haim Saban is an investor of Israeli decent from the United States.,NOT ENOUGH INFO
Lee Harvey Oswald was arrested for the assassination of President Abraham Lincoln.,NOT ENOUGH INFO
Tom Cruise was in a romance film.,SUPPORTS
Valkyrie is a film.,SUPPORTS
The Minnesota Vikings have lost the Super Bowl every time they've played.,SUPPORTS
The Shield premiered in the 2000s.,SUPPORTS
Adderall is a drug that can induce a psychosis.,SUPPORTS
Abu Talib ibn Abd al-Muttalib was the leader of a clan in the Middle East.,SUPPORTS
Anne Frank spent most of her life in the Netherlands.,SUPPORTS
A Thousand Suns was created by Nickelback.,REFUTES
Queen Latifah has released at least five studio albums.,SUPPORTS
Jerry Seinfeld is only a comedian.,REFUTES
Devdas was screened during a film festival.,SUPPORTS
One of the Beatles's co-founders was lead vocalist John Lennon.,SUPPORTS
Lady Gaga's album Born This Way sold over 1 million copies in the US.,SUPPORTS
The brown bear is a plant.,REFUTES
"In 2015, Amazon became a more valuable retailer than Tesco.",REFUTES
The Berlin Wall was a thousand kilometers shorter than the inner German border.,REFUTES
Marlon Brando was number ten on a list in 1954.,SUPPORTS
Tyrese Gibson is a singer.,SUPPORTS
Aneurin Barnard is a Hollywood movie actor.,REFUTES
Marilyn Burns played the role of Sally Hardesty.,SUPPORTS
The Miami Marlins are a baseball team.,SUPPORTS
Venice is located in northern France.,REFUTES
Trevor Berbick was born on the 8th month of the calendar year.,SUPPORTS
Impeachment does not necessarily translate to removal from office.,SUPPORTS
Carrie Fisher was an actress.,SUPPORTS
Mexico is the second most populous country in 2011.,NOT ENOUGH INFO
In a presidential election Richard Nixon defeated Vice President Hubert Humphrey.,SUPPORTS
Lady Gaga worked as a songwriter.,SUPPORTS
Malaysia is multiethnic.,SUPPORTS
Venus Williams is a tennis player.,SUPPORTS
Indiana Jones has been written by George Hall.,NOT ENOUGH INFO
The Prestige was composed by a mouse.,REFUTES
Laurence Fishburne acted in a movie.,SUPPORTS
Morgan Freeman is a narrator in The Shawshank Redemption.,NOT ENOUGH INFO
No Reservations had a 41% on Rotten Tomatoes.,SUPPORTS
Ray Milland performed in a film.,SUPPORTS
George A. Romero directed the horror movie Martin.,SUPPORTS
Nigeria has the largest economy in Africa.,SUPPORTS
The Leftovers is a book series.,REFUTES
Neymar was born.,SUPPORTS
Time Lords possess time travel machines.,NOT ENOUGH INFO
Cara Delevingne had major roles.,SUPPORTS
Oscar Wilde was a writer of different forms.,SUPPORTS
Attack the Block was released after 2005.,SUPPORTS
Mexico used to be a colony.,SUPPORTS
Judi Dench has not won Academy Awards.,REFUTES
Donald Glover was nominated for Oscars.,NOT ENOUGH INFO
Wi-Fi is a trademark of nothing.,SUPPORTS
Tom Welling is an American actor.,SUPPORTS
Leslie Groves was born after the construction of the Pentagon.,REFUTES
Michael Jordan's sport was basketball.,SUPPORTS
Sharon Tate was an actress.,SUPPORTS
Dangerously in Love is a work of music.,SUPPORTS
The 1983-94 season ended.,SUPPORTS
Andrew Jackson was a person.,SUPPORTS
Ken Russell directed a film that was adapted from a novel by Waluigi.,REFUTES
Snoop Dogg released Doggumentary in the 21st century.,SUPPORTS
Halle Berry is both a director and sales representative.,NOT ENOUGH INFO
Saving Private Ryan was directed by a person.,SUPPORTS
John Cena is incapable of winning anything in 2008.,REFUTES
Shantel VanSanten was born in December.,REFUTES
Ryan Dusick is an American record producer.,SUPPORTS
Margot Kidder is a singer.,NOT ENOUGH INFO
Brad Pitt produced 2006 crime drama The Departed.,SUPPORTS
Marilyn Monroe had a successful playboy modeling career.,NOT ENOUGH INFO
Formula One cars have not radically evolved.,SUPPORTS
Kamala Harris is a person.,SUPPORTS
A movie in 1975 featured Oliver Reed.,SUPPORTS
Michael Jordan was an athlete.,SUPPORTS
Clark Gable was a performer.,SUPPORTS
Spider-Man has been portrayed exclusively by American actors.,REFUTES
Tale of Tales is a European film.,SUPPORTS
The Republic of Zambia is bordered to the south by Botswana.,SUPPORTS
War of the Worlds was appropriated by Steven Spielberg.,NOT ENOUGH INFO
Sarah Paulson makes an appearance in Down with Love.,SUPPORTS
The blue-ringed octopus is a terrestrial animal.,REFUTES
Daniela Hantuchová is a man.,REFUTES
Allen Ginsberg is a Gemini.,SUPPORTS
Miss Peregrine's Home for Peculiar Children is a 2011 film.,REFUTES
Muhammad Ali is not a boxer.,REFUTES
Star Trek had zero films.,REFUTES
"Michael Caine starred in Get Carter, The Last Valley, Sleuth, The Man Who Would Be King, and A Bridge Too Far.",SUPPORTS
Dungeons & Dragons was written by Gary Gygax and Dave Arneson.,SUPPORTS
Berlin is a place.,SUPPORTS
The Battle of Corinth brought about the full destruction of Corinth.,SUPPORTS
Tiffany Hwang is a singer.,SUPPORTS
Carice van Houten is not an actress.,REFUTES
There is a large hill in Montreal known as Mount Royal.,SUPPORTS
Miami Beach is on the west coast of the United States.,REFUTES
Outfit (retailer) is part of Costco.,NOT ENOUGH INFO
Francois de Belleforest wrote on cosmography and he is French.,SUPPORTS
J.Lo (album) includes a song.,SUPPORTS
"The last two episodes of Glee was on air on March 20, 2015.",SUPPORTS
Howard Stern is the host of the Howard Stern Show.,SUPPORTS
Janet Varney was born on a train.,NOT ENOUGH INFO
Ken Russell was only involved with Emmy-winning films.,NOT ENOUGH INFO
Albert Einstein discovered a phenomena.,SUPPORTS
"Big Boi join Outkast February 1, 1975.",REFUTES
Lee Min-ho starred in Rogue One.,NOT ENOUGH INFO
Psychological horror is a subgenre of comedy and psychological fiction.,REFUTES
David Carradine was an entertainer.,SUPPORTS
Quebec is not in Canada.,REFUTES
Indonesia has an abundance of oil.,SUPPORTS
Lisa Kudrow appeared on Showtime.,SUPPORTS
Jennifer Aniston is an actress.,SUPPORTS
The Dark Knight Rises' filming took place in 2013.,REFUTES
Cry Freedom wasn't shot in South Africa because of political turmoil.,SUPPORTS
Sean Connery won an Academy Award for The Untouchables in 1988.,SUPPORTS
Eric Trump is the third child of the President of the United States.,SUPPORTS
The television series Fargo shares a common chronology with the original film 1996 film of the same name.,NOT ENOUGH INFO
Frank Sinatra toured domestically.,SUPPORTS
Lindsay Lohan in the founder of a clothing company.,SUPPORTS
Borussi Dortmund is a group.,SUPPORTS
Canada is old.,NOT ENOUGH INFO
John II of Portugal was the king of Portugal.,SUPPORTS
Liana Liberato appeared in a 2010 American drama thriller film.,SUPPORTS
Her stars German actress Amy Adams.,NOT ENOUGH INFO
Based on a T.R.U. Story is an album.,SUPPORTS
Troy Baker's indie band released a singled that played on the radio.,SUPPORTS
Leonardo da Vinci has only ever been in Venice.,REFUTES
The Divergent Series: Insurgent is strictly a Colombian film.,REFUTES
Justin Bieber has yet to win an award.,REFUTES
Franklin D. Roosevelt started the development of an explosive device that derives its destructive force from fire.,NOT ENOUGH INFO
Vikram acted in a Tamil-language movie.,SUPPORTS
"J. J. Cale died on July 26, 2013.",SUPPORTS
Stanley Kubrick is a director.,SUPPORTS
Chinese people can be associated with Ireland through citizenship.,NOT ENOUGH INFO
Joe Biden was the ninth-youngest senator in US history.,REFUTES
Kong: Skull Island takes place in Jupiter.,REFUTES
Machete appears in the Machete Kills film.,SUPPORTS
Miss Peregrine's Home for Peculiar Children is a story about a boy who finds an abandoned orphanage.,SUPPORTS
Nosedive is the name of a science fiction series.,REFUTES
Las Vegas is not known for its entertainment.,SUPPORTS
The Belko Experiment was the lowest budget film of James Gunn.,NOT ENOUGH INFO
Jenni Rivera was a cancer research philanthropist.,REFUTES
Noam Chomsky studied cats.,NOT ENOUGH INFO
Moana is a work in the medium of animation.,SUPPORTS
Fred Trump was the uncle of a President of the United States.,REFUTES
Game of Thrones had multiple actresses with nominations for job promotions.,NOT ENOUGH INFO
Jon Pertwee was in a series.,SUPPORTS
J. Lee Thompson directed Conquest of the Planet of the Apes.,SUPPORTS
Kanye West made music for Alicia Keys.,SUPPORTS
Moscow is a band.,REFUTES
Serbia has a high rank on an index.,SUPPORTS
Marcus Rashford plays for Manchester United.,SUPPORTS
Brian Eno went to a restaurant.,NOT ENOUGH INFO
Trolls is a film based on dolls.,SUPPORTS
"Marie Antoinette died on October 16th, 1793.",SUPPORTS
Judi Dench is a seven-time Oscar nominee.,SUPPORTS
Katrina Kaif is in Indian films.,SUPPORTS
Katy Perry voiced a character in The Smurfs.,SUPPORTS
Zendaya acts.,SUPPORTS
Nicki Minaj has been nominated for 10 Grammys.,SUPPORTS
Havoc is a film.,SUPPORTS
KJ Apa has played the character Kane Jenkins in Shortland Street.,SUPPORTS
Stockard Channing appeared in The Fortune (1975).,SUPPORTS
Alive 2006/2007 was VNV Nation's first concert tour as a duo since 1997.,NOT ENOUGH INFO
Malcolm Young was the co-founder of an Australian rock band.,SUPPORTS
Hacksaw Ridge was written by Andrew Knight and Robert Schenkkan in 2003.,NOT ENOUGH INFO
Wyatt Earp served as a city policeman.,SUPPORTS
Avril Lavigne is an actor.,SUPPORTS
Melissa McCarthy is incapable of appearing in films.,REFUTES
Steven Tyler is completely unaffiliated with rock.,REFUTES
Kristen Bell started acting in Veronica Mars in the 2000's.,REFUTES
Soundgarden struggled to achieve commercial success until the year 2000.,REFUTES
Prison Break was a TV show.,SUPPORTS
John Lennon is a musician.,SUPPORTS
"Hate group practices hatred, hostility, or violence towards members of a race, ethnicity, nation, religion, gender, gender identity, sexual orientation or any other designated sector of society.",SUPPORTS
Betty Buckley has received an award nomination.,SUPPORTS
There is an Italian-American named John Fante.,SUPPORTS
Romelu Lukaku plays soccer.,SUPPORTS
Ronda Rousey was an American woman who earned an Olympic medal in judo.,SUPPORTS
Lee Harvey Oswald was from America.,SUPPORTS
Dolly Parton was inducted into the Skull and Bones Society.,NOT ENOUGH INFO
Steve Mouzakis has yet to star in any Australian films.,REFUTES
Naomi Watts was in a movie.,SUPPORTS
Toy Story is a movie.,SUPPORTS
John Williams was the Boston Pops' principal conductor for over a decade.,SUPPORTS
Leslie Groves directed a project that developed the atomic bomb during World War II.,SUPPORTS
Jennifer Grey is not in a television series by Amazon Studios.,REFUTES
Andrew Jackson was a person.,SUPPORTS
Istanbul was founded under the name Byzantion on the Sarayburnu promontory.,SUPPORTS
John Cena finished middle school in 2008.,NOT ENOUGH INFO
Arya Stark is often mistaken for a fish.,NOT ENOUGH INFO
1950 was when Captain America was discontinued.,SUPPORTS
"Tobey Maguire died June 27, 1975.",REFUTES
Classical music was an influence to Celine Dion.,NOT ENOUGH INFO
Berlin is located in Spain.,REFUTES
The Eagles put out the album One of These Nights.,SUPPORTS
Michael Jackson was only ever a dancer.,REFUTES
Wayne Rooney plays soccer.,SUPPORTS
Allen Iverson was in the 1996 selection.,SUPPORTS
Little Mix's third album is called Get Weird.,SUPPORTS
Lisa Lopes was a member of a group.,SUPPORTS
The Who is a band.,SUPPORTS
The Chernobyl disaster caused multiple deaths within the facility.,SUPPORTS
Emma Thompson is a log.,REFUTES
James Arness refused to be an actor.,REFUTES
Gerald Ford was a president.,SUPPORTS
Sense8 is a television series.,SUPPORTS
"In Hollywood, Scarlett Johansson is thought of as a sex symbol.",SUPPORTS
Metallica made an album.,SUPPORTS
Chandni stars exclusively Peruvian directors.,REFUTES
DJ Khaled assisted in the production of the top hip-hop albums True Story by Terror Squad.,NOT ENOUGH INFO
Vera Farmiga acted in Orphan.,SUPPORTS
Marta Kauffman is a writer on a TV show.,NOT ENOUGH INFO
John Fante is illiterate.,REFUTES
O. J. Simpson was only famous for his football career.,REFUTES
Tobey Maguire began his career in the late 1920s.,REFUTES
Tidewater region is a geographic area in the US.,SUPPORTS
Bryan Adams has won awards for song composition.,SUPPORTS
Adam Driver was in a movie.,SUPPORTS
Angela Lansbury acted in neo-noir thriller The Manchurian Candidate.,SUPPORTS
The Grammy Award for Best Rock Performance was won by Radioactive.,SUPPORTS
Judi Dench missed out on the chance for a role in Chocolat.,REFUTES
Stanley Kubrick oversaw the production of Lolita.,SUPPORTS
Joseph Barbera was a director.,SUPPORTS
Macbeth is by a playwright.,SUPPORTS
The Beanpot college ice hockey tournament is held annually at the TD Garden in Boston's West End.,SUPPORTS
Tupac Shakur was killed in a drive-by bombing.,REFUTES
James Ivory directed Kate Beckinsale.,SUPPORTS
The Mughal Empire was not an Islamic empire.,REFUTES
Istanbul is not located between the Black Sea and the Mediterranean Sea.,SUPPORTS
Cheyenne Jackson was in a film directed by a person.,NOT ENOUGH INFO
Princess Margaret was a dancer.,NOT ENOUGH INFO
Room 93 is by Ashley Frangipane also known as Halsey.,SUPPORTS
Los Angeles is known for its dry summer climate.,SUPPORTS
The Promise does not star any French Canadians.,REFUTES
Kato Kaelin attained a level of fame during the O.J. Simpson trial.,SUPPORTS
Mrs Henderson Presents is a fictional film.,REFUTES
Franklin D. Roosevelt was born.,SUPPORTS
Farrah Fawcett acted in the science fiction horror film Saturn 3.,SUPPORTS
The Invention of Lying features a performance by an actor.,SUPPORTS
Sabrina Carpenter is a performer.,SUPPORTS
Glen Campbell won the Grammy Lifetime Achievement Award in 2012.,SUPPORTS
There are different genre films Helen Hunt was part of.,SUPPORTS
The Eagles put out an album.,SUPPORTS
Lisa Kudrow was in a car.,NOT ENOUGH INFO
"John Denver was known for his love of Aspen, Colorado.",NOT ENOUGH INFO
Iraq is a Republic in the Middle East.,SUPPORTS
Jing Tian graduated on July 21.,NOT ENOUGH INFO
Gopi Sunder received an award.,SUPPORTS
Rowan Atkinson stars in at least one TV series.,SUPPORTS
Bad and Boujee was produced by a person.,SUPPORTS
Taylor Sheridan has never written a screenplay.,REFUTES
Drag Me Down was made by One Direction.,SUPPORTS
Apocalypse Now was co-written by Francis Ford Coppola.,SUPPORTS
The 2014 WTA Finals was only outside of Singapore.,REFUTES
Angela Lansbury moved into acting work.,SUPPORTS
Dennis Hastert retired from the House in 2007.,SUPPORTS
Marie Antoinette died in 1793.,SUPPORTS
Stanley Tucci was born in the sixties.,SUPPORTS
Drake (musician) is incapable of having any certified albums.,REFUTES
John Stewart is a fiction writer.,NOT ENOUGH INFO
Kmart stores are nonexistent.,REFUTES
Claudia Leitte sings.,SUPPORTS
Death in Paradise has experienced positivity.,SUPPORTS
Hannibal was a key figure in the first World War.,REFUTES
Alicia Keys has appeared in The Secret Life of Bees.,SUPPORTS
Lily James was in Sherlock.,NOT ENOUGH INFO
The Hobbit films did not star James Nesbitt.,SUPPORTS
Arkham Asylum's patients include a villain.,SUPPORTS
Reddit features submissions.,SUPPORTS
Neil Young's birthdate was in 1945.,SUPPORTS
Haiti has not had a revolution,REFUTES
The Bachelorette (season 13) is on the air.,SUPPORTS
"Emily Ratajkowski directed the music video for ""Blurred Lines"".",REFUTES
Kurt Angle is a wrestler.,SUPPORTS
Jerry Lewis acts.,SUPPORTS
Marlon Brando appeared in a film.,SUPPORTS
Napoleon led troops into Ottoman territory to protect French trade interests.,NOT ENOUGH INFO
To The Bone includes an actor.,SUPPORTS
Demi Lovato is a person.,SUPPORTS
Mick Jones is featured in The Fall (Gorillaz album).,SUPPORTS
Neil Patrick Harris was in a musical.,SUPPORTS
Frédéric Auguste Bartholdi died in 1904.,SUPPORTS
George Orwell is the author of a book.,SUPPORTS
Tom Brady is a member of the NFL.,SUPPORTS
John Wayne Gacy Jr. murdered people.,SUPPORTS
Toy Story is strictly a computer-animated novel.,REFUTES
Assyrian people speak Neo-Aramaic languages.,SUPPORTS
Ventura is a county located within Southern California.,SUPPORTS
Leonardo da Vinci was a person.,SUPPORTS
Martina Hingis is a person.,SUPPORTS
Cricket is a team sport.,SUPPORTS
Jane Fonda is an actress.,SUPPORTS
Holly Hunter is an actress.,SUPPORTS
Vladimir Putin was born only in Russia's largest city.,SUPPORTS
Kobe Bryant led the Lakers to two consecutive championships in 2009 and 2010.,SUPPORTS
The Voice was renewed for a thirteenth season in 2016.,SUPPORTS
Pranab Mukherjee is the current bird of India.,REFUTES
Mary Marvel was created by Otto Binder and she is important to comics.,SUPPORTS
La La Anthony was a TV personality.,SUPPORTS
Google specializes in Web-related services and goods.,SUPPORTS
Jennifer Lawrence has starred in a biopic in 2011.,NOT ENOUGH INFO
Mark Hamill played a song.,REFUTES
Supernatural ended after its 4th season.,REFUTES
My Sweet Lord is by John Lennon.,REFUTES
Legion is a comic book character.,SUPPORTS
Nocturnal Animals is not a film.,REFUTES
Michael Jackson has a song named Billie Jean.,SUPPORTS
War of the Worlds is a romantic fiction film.,NOT ENOUGH INFO
Monarch of the Glen is produced by Ecosse Films for BBC.,SUPPORTS
Daniel-Day Lewis was not in films.,REFUTES
The Democratic Republic of the Congo is in Africa.,SUPPORTS
Denzel Washington only directed television.,NOT ENOUGH INFO
Geraldine Chaplin has a home in Europe.,SUPPORTS
Outlander (TV series) adapts novels.,SUPPORTS
Italy is a parliamentary republic.,SUPPORTS
Ryan Dusick is an American producer of records and a musician.,SUPPORTS
Mel Gibson worked with Peter Weir on Gallipoli.,SUPPORTS
All original members of Stone Temple Pilots were exclusively from Somalia.,REFUTES
Muhammad is significant to religion.,SUPPORTS
Gopalkrishna Gandhi was born in April.,SUPPORTS
A subclass of anti-nuclear antibodies are anti-histone antibodies.,SUPPORTS
Gift of the Night Fury exclusively stars the voices of people from Kenya.,REFUTES
David Simon is illiterate.,REFUTES
Richard Nixon was President of the United States.,SUPPORTS
Shonen Jump is published only in Europe.,SUPPORTS
One of Snowpiercer's writers lives in New York.,SUPPORTS
Aishwarya Rai did not act in a drama.,REFUTES
Brad Pitt is an actor in Interview with the Vampire.,SUPPORTS
Leonardo DiCaprio does acting.,SUPPORTS
Prince released an album.,SUPPORTS
Jason Sudeikis is an actor.,SUPPORTS
J. Cole refuses to work with Ibrahim Hamad.,REFUTES
Poppy was raised in the United States of America.,SUPPORTS
Agatha Christie was an essay writer.,NOT ENOUGH INFO
Blink-182 combined pop melodies with punk rock.,SUPPORTS
Beastie Boys released their first EP in 1982.,SUPPORTS
The Minnesota Vikings is a football team.,SUPPORTS
Clark Kent is Superman.,SUPPORTS
Julie Christie starred in a film.,SUPPORTS
The Berlin Wall was in Berlin.,SUPPORTS
The lion is from the family felidae.,SUPPORTS
Alexander Lebedev is a billionaire.,REFUTES
The Beach Boys were an American rock band.,SUPPORTS
Frank Sedgman was an amateur tennis champion.,SUPPORTS
Little Mix holds a cat.,NOT ENOUGH INFO
There is an American actress name Lisa Bonet.,SUPPORTS
Stephen Hawking is an Honorary Fellow of the Royal Society of Chemistry.,NOT ENOUGH INFO
The Beach Boys are a caucus.,NOT ENOUGH INFO
Emmy Rossum starred in movies.,SUPPORTS
Nerrukku Ner is a work.,SUPPORTS
Jeff Bezos did not found the world's largest online shopping retailer.,REFUTES
James Mangold worked with Harvey Keitel on Cop Land.,SUPPORTS
Azerbaijan is a nation.,SUPPORTS
Pop culture contains many references to the work of Sigmund Freud.,SUPPORTS
Rabat is a city.,SUPPORTS
Raphael Bob-Waksberg is an American citizen.,SUPPORTS
R. Kelly created an audio work.,SUPPORTS
Robert Carlock refused to write for Whiskey Tango Foxtrot.,NOT ENOUGH INFO
Clint Eastwood refuses to act.,REFUTES
There is a screenwriter named John Fante.,SUPPORTS
Ireland was the second-richest island in Europe in 2011.,NOT ENOUGH INFO
Reds was co-written and directed by Warren Beatty.,SUPPORTS
David Bowie was a citizen of a European country.,SUPPORTS
Adolf Hitler became the leader of the precursor of the NSDAP.,NOT ENOUGH INFO
Winona Rider was the Democratic nominee for president.,NOT ENOUGH INFO
A Perfect Circle is a Canadian supergroup.,NOT ENOUGH INFO
Richard Branson established Virgin Records in 1972.,SUPPORTS
Sophie Turner is incapable of being an actress.,REFUTES
Gary Ridgway has committed a series of murders.,SUPPORTS
Ethan Hawke directs.,SUPPORTS
Boyz II Men was a boy band in the 1990's.,NOT ENOUGH INFO
Margot Kidder is a person.,SUPPORTS
Willow Smith is not a singer.,REFUTES
Dileep (actor) assisted a Mumbaikar film director.,NOT ENOUGH INFO
Katharine Hepburn acts.,SUPPORTS
Pablo Escobar was a person.,SUPPORTS
David Bowie sold approximately 140 million records.,SUPPORTS
Shania Twain plays music of the country genre.,SUPPORTS
"Heather Watson won her first WTA championship, singles title in Japan.",SUPPORTS
Arrow was structured into seasons.,SUPPORTS
Islam's followers are referred to as Muslims.,SUPPORTS
On Stranger Tides is a novel by an American science fiction and fantasy author.,SUPPORTS
Paul Pogba is person.,SUPPORTS
Tim Rice worked for a business.,SUPPORTS
Mickey Rooney has yet to appear in a film.,REFUTES
Ballet Shoes premiered in Britain.,SUPPORTS
Lahore is located in Asia.,REFUTES
Before Night Falls is an American biographical film.,SUPPORTS
To Kill a Mockingbird (film) was the film debut of an actor and filmmaker.,SUPPORTS
Novak Djokovic is an athlete involved in professional tennis.,SUPPORTS
Furious 7 is a motion picture.,SUPPORTS
Earl Warren worked in California.,SUPPORTS
Mickey Rooney co-starred in films.,SUPPORTS
Yeh Dillagi is a Bollywood film.,SUPPORTS
Tina Turner was on hiatus from 1984-1990.,REFUTES
San Francisco is a place in Kentucky.,REFUTES
David Carradine never was an actor.,REFUTES
Resident Evil 7: Biohazard has not sold over 3 million copies.,REFUTES
Plants are not capable of producing vitamin B12.,SUPPORTS
Live Your Life was a number one artist.,NOT ENOUGH INFO
Austria is a location.,SUPPORTS
Victor Hugo was a writer.,SUPPORTS
Killer whales are considered a cosmopolitan species.,SUPPORTS
"Syria includes Syrian Arabs, Greeks, Armenians, Assyrians, Kurds, Circassians,  Mandeans, and Turks.",SUPPORTS
San Francisco's Chinatown is centered on Stockton Street and Grant Avenue.,SUPPORTS
Wi-Fi is a trademark of the Wi-Fi Alliance.,SUPPORTS
The Man with the Iron Fists stars Tom Cruise.,REFUTES
Ralph Fiennes has performed on Broadway.,SUPPORTS
Iain Glen is a television actor.,SUPPORTS
The Himalayas has some of the world's coldest climates.,NOT ENOUGH INFO
Lee Child was born in October.,SUPPORTS
Mitt Romney was fired from Bain Capital.,NOT ENOUGH INFO
The Communist Party of the Soviet Union is still in power.,REFUTES
Best Director was a nomination Beasts of the Southern Wild received.,SUPPORTS
"Snooki & Jwoww premiered on November 22, 2013.",REFUTES
Laura Linney was in Mystic River.,SUPPORTS
Dirt was produced by ABC studios.,SUPPORTS
Antarctica has zero people who reside in it.,REFUTES
England is a Christian country.,SUPPORTS
Raphael Bob-Waksberg is a person who produces.,SUPPORTS
Here is by a killer.,NOT ENOUGH INFO
Elise Neal was in an ABC/UPN movie.,NOT ENOUGH INFO
Tennis in the 19th century referred to a racquet sport.,SUPPORTS
David Tennant did not play the Tenth Doctor in Doctor Who.,REFUTES
Leonardo da Vinci was a television show.,REFUTES
The Land Before Time features several scientific inaccuracies.,NOT ENOUGH INFO
Laurence Olivier joined the American Stage Company.,NOT ENOUGH INFO
The Amanda Show aired in primetime.,NOT ENOUGH INFO
Jerry Goldsmith was nominated for Primetime Emmy Awards.,SUPPORTS
Game of Thrones (season 3) had 10 minutes.,NOT ENOUGH INFO
Helike was submerged by a tsunami in 373 BC.,SUPPORTS
A shingles risk factor is old age.,SUPPORTS
Paul Simon is a person who is a musician.,SUPPORTS
The Punisher appears in comic books that are American.,SUPPORTS
Michael Jackson was imprisoned for child sexual abuse allegations in 2005.,REFUTES
Matt Kuchar is a player on the PGA Tour.,SUPPORTS
Dennis Hastert won the Illinois House of Representatives election through door-to-door campaigning and phone polling in 1981.,NOT ENOUGH INFO
Grace VanderWaal is not an American singer-songwriter.,REFUTES
The Miami Marlins operate outside of the MLB.,REFUTES
Led Zeppelin is not a rock band.,REFUTES
Stars Dance is by an artist born in May.,REFUTES
Athena is not a goddess.,REFUTES
Rajesh Khanna is not Indian.,REFUTES
Rod Laver won eight Pro Slam titles.,SUPPORTS
J.Lo (album) was recorded by a singer.,SUPPORTS
Dan Aykroyd has yet to appear in films.,REFUTES
Cher is an artist.,SUPPORTS
Frank Sinatra died in 1998.,SUPPORTS
Seth MacFarlane won several trophies.,NOT ENOUGH INFO
Chris Brown has not worked in the music industry.,REFUTES
Gopi Sunder received a Filmfare Award.,SUPPORTS
Melbourne is only the name of a planet in the Andromeda galaxy.,NOT ENOUGH INFO
Superman has been portrayed by an American.,SUPPORTS
Ashley Judd is an activist.,SUPPORTS
Meek Mill's debut album is called Lemonade.,REFUTES
Venus Williams has 0 runner-up finishes in grand slam singles events.,SUPPORTS
There is a song called Radioactive.,SUPPORTS
Quebec is not in Canada.,REFUTES
The Beach Boys were an American rock band.,SUPPORTS
The Bourne Supremacy has zero characters.,REFUTES
Jesus was baptized by Sauron.,REFUTES
Ancient Egypt is a civilization.,SUPPORTS
An actress appears in No Reservations.,SUPPORTS
Ranbir Kapoor is a person who acts.,SUPPORTS
Derrick Rose is not American.,REFUTES
Will Ferrell worked on a show created by Lorne Michaels in 1993.,NOT ENOUGH INFO
Ellen Burstyn was in the British army.,NOT ENOUGH INFO
Broadchurch is of British origin.,SUPPORTS
Lee Min-ho is an actor.,SUPPORTS
To Die for features a cameo by the actor George Segal.,SUPPORTS
1955 was the year Tanya Roberts was born.,SUPPORTS
Charlie Rubin has written for Saturday Night Live.,SUPPORTS
Matt Sorum is a member of at least one rock band.,SUPPORTS
"Caroline, Princess of Hanover is married to a male heir.",SUPPORTS
New York has a population of zero.,REFUTES
Fahrenheit 451 starred Oskar Werner.,SUPPORTS
The Homesman is a novel.,SUPPORTS
1935 was the year Curly Top was released.,SUPPORTS
Broadchurch is a silent film.,REFUTES
"Return to Paradise stars Vince Vaughn, Anne Heche, and Joaquin Phoenix and was released in 1998.",SUPPORTS
Kajal Aggarwal is a performer.,SUPPORTS
Drake is French-Canadian.,NOT ENOUGH INFO
Matt Kuchar has over 80 platinum albums.,NOT ENOUGH INFO
Arya Stark is the littlest daughter of Lady Catelyn Stark.,SUPPORTS
Whitey Bulger was convicted on August 31.,NOT ENOUGH INFO
Return of the Jedi was a Star Wars film released by Lucasfilms.,NOT ENOUGH INFO
The king of the gods of Mount Olympus is Zeus.,SUPPORTS
Matthew Modine performed the character Louden Swain.,SUPPORTS
Cary Grant appeared in the film 1932 Blonde Venus.,SUPPORTS
Elizabeth Taylor was an actress.,SUPPORTS
Michael Keaton is a squid.,REFUTES
Cleopatra's legacy survives in two miniseries.,NOT ENOUGH INFO
La La Anthony has only ever been a plumber her whole life.,REFUTES
Adam DeVine was on the NBC reality show Modern Family.,NOT ENOUGH INFO
There is a band called The Beach Boys.,SUPPORTS
Devdas won five presidential elections.,NOT ENOUGH INFO
"The Czech Republic's capital is its largest city, Prague.",SUPPORTS
John Fante is a writer.,SUPPORTS
Bon Scott only drums.,REFUTES
American Horror Story airs on television.,SUPPORTS
Eric Kripke wrote The Supernatural pilot.,SUPPORTS
Emmanuel Adebayor was involved in an attack.,SUPPORTS
Daniel Craig was in an English language thriller film.,SUPPORTS
Jensen Ackles is an acting professional and director.,SUPPORTS
All My Children was a film Sarah Michelle Gellar in.,REFUTES
IZombie is an American movie.,REFUTES
Donald Trump was the Republican nominee for the 2016 United States presidential election.,SUPPORTS
One artist appearing on Collision Course won a Grammy.,SUPPORTS
Wallander was adapted from novels.,SUPPORTS
My Bloody Valentine 3D was directed by a woman.,SUPPORTS
Cher is an artist.,SUPPORTS
The production of Planet of the Apes predominately occurred in America.,SUPPORTS
David Beckham has four children with Victoria Beckham.,SUPPORTS
Jessica Chastain has won a pack of bubblegum.,NOT ENOUGH INFO
David Hasselhoff has acted in 5 TV series.,NOT ENOUGH INFO
Cher recorded an album.,SUPPORTS
Soundgarden was a band.,SUPPORTS
Jacki Weaver worked on a film.,SUPPORTS
Barack Obama's presidential swimming pool will be built in Chicago.,NOT ENOUGH INFO
Tom Hardy appeared in a play.,SUPPORTS
Martin Scorsese does television work.,SUPPORTS
Gendry has yet to appear in a novel.,REFUTES
Superman is a Marvel Comics character.,REFUTES
Hacksaw Ridge came out in America on May 4.,REFUTES
Get Out excludes any acting people.,REFUTES
Keeping the Faith was written by a script.,REFUTES
Hayden Panettiere is not an actress.,REFUTES
Lee Min-ho was in a China-produced film.,SUPPORTS
Ava DuVernay is the executive producer of A Wrinkle in Time.,NOT ENOUGH INFO
Get Out has grossed $241 million.,SUPPORTS
Toyota is a name of a 1934 alcoholic drink.,NOT ENOUGH INFO
Ethiopia is a country.,SUPPORTS
"In 2015, Tokyo was named the Most Liveable City in the world by the pig Monocle.",NOT ENOUGH INFO
Ben Stiller directed Tropic Thunder in 2008.,SUPPORTS
Kevin Durant played one season of college lacrosse for the University of Texas.,REFUTES
Mickey Rooney has yet to appear in a film.,REFUTES
"January 6th, 1767 was the starting date of when Pennsylvania Chronicle is operating.",SUPPORTS
"Grant Gustin was born on Thursday January 14th, 1990.",NOT ENOUGH INFO
Gianluigi Buffon was on Hawaii.,NOT ENOUGH INFO
"No Escape did not have its official release on August 26, 2015.",NOT ENOUGH INFO
Taylor Swift released at least one album.,SUPPORTS
Connaught Tunnel is supplemented by the Mount Macdonald Tunnel.,SUPPORTS
Princess Margaret had an operation on her lungs.,SUPPORTS
Muhammad had very few early friends.,NOT ENOUGH INFO
Marie Curie was a person.,SUPPORTS
Mariah Carey topped the Billboard Hot 100 with Boyz II Men for sixteen weeks.,SUPPORTS
Baahubali 2: The Conclusion is a 2017 Indian film.,SUPPORTS
"The Syrian Desert covers 500,000 km2 in the Middle East.",SUPPORTS
The UEFA Champions League has been won by Chelsea F.C.,SUPPORTS
Interstellar is a form of space travel.,REFUTES
Jeff Bezos was born Jeff Bezos.,REFUTES
Shraddha Kapoor was directed by M. Night Shyamalan.,NOT ENOUGH INFO
Kurt Angle is an athlete.,SUPPORTS
Cate Blanchett was nominated for an Academy Award.,SUPPORTS
Chris Brown pursued acting.,SUPPORTS
Solange Knowles released an album in the United States.,SUPPORTS
Big Brother 18 (UK) is hosted by an English television presenter and former Canadian.,NOT ENOUGH INFO
Little Mix is a girl group.,SUPPORTS
Moses Malone signed as a free agent with the Atlanta Hawks.,SUPPORTS
LeBron James played basketball.,SUPPORTS
Steven Tyler is an American musician.,SUPPORTS
Paul Newman was the anchor of a race team.,NOT ENOUGH INFO
Sean Connery is a businessman.,REFUTES
Laura Dern acted in the 2000's.,SUPPORTS
Bal Gangadhar Tilak taught.,NOT ENOUGH INFO
A Song of Ice and Fire was written by an American author George R. R. Martin.,SUPPORTS
Stranger Things includes a character who is capable of psychokinesis.,SUPPORTS
Dennis Hopper had an acting career.,SUPPORTS
"The Champ stars Jon Voight, Faye Dunaway, and Ricky Schroder.",SUPPORTS
The Bachelorette (season 13) features Paris.,NOT ENOUGH INFO
Jackfruit is believed to have originated in the rain forests.,SUPPORTS
Gerard Butler is a performer.,SUPPORTS
Christopher Marlowe is a person.,SUPPORTS
Henry V is a television film.,SUPPORTS
Miley Cyrus sings.,SUPPORTS
"San Jose, California is in the Untied States.",SUPPORTS
Wishful Drinking is a creative work.,SUPPORTS
Rachel Lindsay is in The Bachelorette (season 13).,SUPPORTS
"Out of all American rock bands, The Beach Boys had the most US Top 40 hits.",SUPPORTS
The third-best sales debut in the Resident Evil series is Resident Evil 7: Biohazard.,SUPPORTS
Minos had a family member.,SUPPORTS
"In 1972, Macbeth was shown at the Cannes Film Festival.",SUPPORTS
SNSD is another name of Girls' Generation.,SUPPORTS
One Direction's Where We Are Tour was a commercial flop.,REFUTES
Kurt Russel has worked with directors.,SUPPORTS
Jeff Hardy has been the holder of the WWE's World Heavyweight Championship.,SUPPORTS
Timea Bacsinszky is a tennis player.,SUPPORTS
Oliver Reed was only in a stage play in 1973.,REFUTES
Susan Sarandon received nominations for at least one play.,SUPPORTS
Charlie Sheen is a cat.,REFUTES
The Breakfast Club is not a film.,REFUTES
Paramount is a major film studio.,SUPPORTS
Alfre Woodard is a performer.,SUPPORTS
The Meyerowitz stories stars an actor.,SUPPORTS
Jon Pertwee worked with Max Wall.,SUPPORTS
Paul Bettany created the character of Vision.,NOT ENOUGH INFO
Catherine of Alexandria is a holy figure.,SUPPORTS
Kaitlin Olson was a cast on a television show.,SUPPORTS
Kris Wu was cremated in China.,NOT ENOUGH INFO
Brave is a film.,SUPPORTS
Leslie Howard was an actor in films.,SUPPORTS
South East England is the most populous region in France.,REFUTES
David Schwimmer finished acting in Friends in the 21st century.,SUPPORTS
Celine Dion sings in Shea Stadium.,NOT ENOUGH INFO
Thor: The Dark World had its international release in the 2010s.,SUPPORTS
James Nesbitt played a role created for him by screenwriter and novelist Colin Bateman.,SUPPORTS
The Leftovers is a standalone television movie.,REFUTES
Bela Lugosi appeared in Mongolia.,NOT ENOUGH INFO
"Nina Simone was enrolled in the performing arts conservatory, Juilliard.",SUPPORTS
Transformers: Dark of the Moon is a film.,SUPPORTS
Terminator Salvation stars someone born in 1974.,SUPPORTS
David Jones (video game developer) is a games programmer.,SUPPORTS
Harald V of Norway has a husband.,REFUTES
Andy Warhol has creations that are collectible and highly valuable.,SUPPORTS
Sachin Tendulkar speaks about the second most populous nation.,NOT ENOUGH INFO
Usain Bolt is an athlete.,SUPPORTS
War Dogs stars Ana de Armas.,SUPPORTS
Kamala Harris was re-elected in 2000.,NOT ENOUGH INFO
The Eagles are a band.,SUPPORTS
Snooki & Jwoww was renewed by MTV in 2012.,NOT ENOUGH INFO
David Carradine was American.,SUPPORTS
Zendaya acts.,SUPPORTS
Malaysia Airlines is a company that provides air transport services for traveling passengers and freight since 1990.,REFUTES
Louis Tomlinson is American.,REFUTES
Brian Eno worked with David Bowie.,SUPPORTS
Stagira is the birthplace of the Greek philosopher Aristotle.,SUPPORTS
Gujarat has a 1600 kilometer tower.,SUPPORTS
Indonesia's wilderness has life.,SUPPORTS
Kate & Leopold premiered in New York in 1876.,NOT ENOUGH INFO
Akshay Kumar works in Hindi cinema.,SUPPORTS
FC Barcelona was led by committee.,NOT ENOUGH INFO
Gil Sharone began working on an album in any year but 2013.,REFUTES
The Dark Half is an adaptation of a novel.,SUPPORTS
Kuala Lumpur is irrelevant to Malaysia.,REFUTES
Paul McCartney married.,SUPPORTS
Arjun Kapoor was incapable of hosting a reality television show.,NOT ENOUGH INFO
Neil Young worked with groups.,SUPPORTS
Bal Gangadhar Tilak was a vegetarian.,NOT ENOUGH INFO
Peter Davison has been in at least four BBC shows.,SUPPORTS
Quentin Tarantino makes movies.,SUPPORTS
Mexico City is in film.,NOT ENOUGH INFO
Cher is a bat.,REFUTES
Jeff Hardy is a wrestler.,SUPPORTS
U2 has released multiple studio albums.,SUPPORTS
Michael Keaton is an American producer.,SUPPORTS
In 1988 the animated film The Land Before Time was released.,SUPPORTS
Overwatch is a single-player game.,REFUTES
KJ Apa owns a house on Shortland Street.,NOT ENOUGH INFO
Benedict Cumberbatch is a person.,SUPPORTS
Norovirus causes inflammation of the gastrointestinal tract in humans.,SUPPORTS
The Dodecanese are a group of islands.,SUPPORTS
Freddie Mercury was a member of Queen.,SUPPORTS
"In 2015, down syndrome resulted in 27,000 deaths.",SUPPORTS
Mary Marvel was created by an author of comic books.,SUPPORTS
Vladimir Putin failed to ever become President.,REFUTES
Judy Garland was awarded a payout.,NOT ENOUGH INFO
To The Bone only included canine actors.,REFUTES
Empress Matilda married Henry V.,SUPPORTS
Mad Men was created by hawks.,NOT ENOUGH INFO
The Wolf of Wall Street was nominated for Best Picture in 2014.,SUPPORTS
Ramona Marquez was born in 2001.,SUPPORTS
Lady Gaga's second studio album was released in 2011.,SUPPORTS
Athena is a patron goddess.,SUPPORTS
Steven Price (composer) is British.,SUPPORTS
William Shakespeare is widely regarded as the greatest writer in the English Language.,SUPPORTS
"After the Seven Years' War, the French Revolution happened.",SUPPORTS
Get Weird is the name of Little Mix's third album.,SUPPORTS
A Wrinkle in Time has been made into a play.,SUPPORTS
Broadcast News is a horror film.,REFUTES
Kumail Nanjiani wrote a romantic comedy.,SUPPORTS
Unapologetic is Rihanna's seventh studio album.,SUPPORTS
Nigeria is one of the countries in the Next Eleven.,SUPPORTS
Abu Talib ibn Abd al-Muttalib was the leader of a clan with a unique maternal bloodline of Israelite ancestry.,SUPPORTS
Carice van Houten is in Game of Thrones.,SUPPORTS
Android's source code is a tightly-held secret by Google.,REFUTES
Bridge of Spies stars Amy Ryan and Tom Hanks.,SUPPORTS
The Strangers is a romantic film.,NOT ENOUGH INFO
Usain Bolt is a runner.,SUPPORTS
Alkaline Trio is a river.,REFUTES
Steven Spielberg directed Bridge of Spies.,SUPPORTS
The Beatles were a band.,SUPPORTS
Chris Evans was on a radio program.,SUPPORTS
"Warren Buffett died on August 29, 1930.",REFUTES
Acting is one of Josh Duhamel's professions.,SUPPORTS
Night Attack at Târgovişte was fought by the Ottoman Empire's Mehmed II.,SUPPORTS
Connaught Tunnel is under Mount Macdonald.,REFUTES
The Belko Experiment is a movie.,SUPPORTS
A Song of Ice and Fire is a collection of smaller works.,SUPPORTS
"Buckingham Palace is located in London, UK.",SUPPORTS
Paul Newman had colorblindness.,SUPPORTS
Ginger Baker is an inducteee of the Modern Drummer Hall of Fame.,SUPPORTS
Rumi's works are lost to history.,REFUTES
"Mithun Chakraborty is in Tahader Katha, a film from 1992.",SUPPORTS
Documentaries have featured Ringo Starr.,SUPPORTS
Boris Karloff's name was a different name.,SUPPORTS
Justin Bieber won an American Music Award in 2010.,SUPPORTS
Abraham Lincoln was in politics.,SUPPORTS
Tetris is a puzzle video game created by Alexey Pajitnov.,SUPPORTS
Helen Hunt made sets for various independent films in 2007.,NOT ENOUGH INFO
Gerard Butler is a performer.,SUPPORTS
The Wayans Bros. is a television series.,SUPPORTS
Martina Navratilova is an athlete.,SUPPORTS
Dirt (TV Series) was made by Matthew Carnahan.,SUPPORTS
Selena Gomez is a bodybuilder.,NOT ENOUGH INFO
Kong: Skull Island is a recorded work.,SUPPORTS
Passengers is a recorded work.,SUPPORTS
Live Your Life is a song.,SUPPORTS
Constantine is a film.,SUPPORTS
Leighton Meester is a cat.,REFUTES
Mel Brooks is a squid.,REFUTES
Ethiopia is an American nation.,REFUTES
North Korea is separated from South Korea by the axe-murderers.,NOT ENOUGH INFO
John Adams negotiated the peace treaty with Great Britain.,SUPPORTS
Maggie Gyllenhaal acts.,SUPPORTS
Budapest contains the second largest synagogue in the world.,SUPPORTS
The Hermetic Order of the Golden Dawn was more commonly called The Golden Dawn.,SUPPORTS
Robert Richardson has only ever collaborated with women.,REFUTES
The Handmaid's Tale won the first Arthur C. Clarke Award.,SUPPORTS
I Believe (Frankie Laine song) was written by an American singer Ervin Drake.,SUPPORTS
Memento is a work.,SUPPORTS
Death in Paradise (TV series) was created by an English screenwriter.,SUPPORTS
Black Sabbath disbanded.,SUPPORTS
Demi Lovato is an opponent of the LGBT community.,REFUTES
Leonardo DiCaprio is male.,SUPPORTS
Prince made the portfolio Prince.,NOT ENOUGH INFO
Syd Barrett died in 2006.,SUPPORTS
Whoopi Goldberg has yet to write a book.,NOT ENOUGH INFO
Friday the 13th is a single film.,REFUTES
Jean Grey is a setting.,REFUTES
Stevie Nicks was in Fleetwood Mac.,SUPPORTS
Justin Lin left the franchise before Furious 7 was released in 2015.,SUPPORTS
Boyz II Men and Mariah Carey released a song.,SUPPORTS
Rope starred Bryan Cranston.,NOT ENOUGH INFO
Akshay Kumar is in Hindi cinema.,SUPPORTS
Telangana contains the river Nizamabad.,REFUTES
All the Pretty Horses is produced by Billy Bob Thornton.,SUPPORTS
Bruxism can disrupt sleep.,SUPPORTS
Colombia is in the ocean.,SUPPORTS
Lily Collins is only a singer.,REFUTES
"Tobey Maguire was born June 27, 1978.",REFUTES
Bridge of Spies only stars Tom Cruise.,NOT ENOUGH INFO
Patrick Dempsey has sang in films.,NOT ENOUGH INFO
Michael Winterbottom often works with the same businesses.,REFUTES
See You Again (Miley Cyrus song) remixed version was released by an American record label.,SUPPORTS
Ben Stiller was not in Night at the Museum.,REFUTES
Leslie Groves was in the United States Army Corps of Engineers.,SUPPORTS
Marilyn Monroe died.,SUPPORTS
Denis Leary is a producer and singer.,SUPPORTS
Slash's real name is Saul Hudson.,SUPPORTS
John Fante was an Italian-American novelist.,SUPPORTS
Nick Nolte passed up the role he was offered in Lorenzo's Oil.,NOT ENOUGH INFO
Alien: Covenant is not about a crew of a ship who land on an uncharted planet.,REFUTES
The Messenger was canned at the Sundance Film Festival.,REFUTES
Superman was directed by a person.,SUPPORTS
There is an animated television series with a character name Thanos.,SUPPORTS
José María Chacón founded at least one city.,SUPPORTS
Taylor Schilling was in Orange Is the New Black.,SUPPORTS
Noam Chomsky was awarded a degree in 1955.,NOT ENOUGH INFO
Dubai is a small town outside of The United Arab Emirates.,REFUTES
Will Ferrel wrote screenplays with an actor.,SUPPORTS
Becoming Jane had John Hunter Spence as a future consultant.,NOT ENOUGH INFO
Dwight Schrute was played by an actor.,SUPPORTS
Allen Ginsberg is a person.,SUPPORTS
Green Day is incapable of being a music band.,REFUTES
Daft Punk is a French music duo.,SUPPORTS
The Olympic Games includes both a summer and winter games.,SUPPORTS
Sriti Jha plays the lead role in an Hindi-language TV show.,SUPPORTS
Paul Wesley was in Everwood.,NOT ENOUGH INFO
J.Lo (album) was released before 2001.,REFUTES
Kim Kardashian is an influential person.,SUPPORTS
Jimmy Carter is involved in politics.,SUPPORTS
Rock music is a type of music.,SUPPORTS
Didier Drogba played for the Ivory Coast national team.,SUPPORTS
The Contender only stars actors born in the 1950s.,REFUTES
Buddhism is the fifth-smallest religion in the world.,REFUTES
Charles Haley is a former soccer forward and goalkeeper.,NOT ENOUGH INFO
Tanzania is an African country.,SUPPORTS
Little Big Shots premiered on a channel.,SUPPORTS
Alex Sharp was in a Broadway show.,SUPPORTS
Lay (entertainer) is a Chinese farmer.,NOT ENOUGH INFO
Cowboy is only a book.,REFUTES
"Anne Frank lived in Amsterdam, Netherlands for most of her life.",SUPPORTS
X-Men: Days of Future past is a movie.,SUPPORTS
Joey Graceffa was born in May.,SUPPORTS
There is a song called California Gurls.,SUPPORTS
San Bernardino county is in Southern California.,SUPPORTS
Peyton Manning played football.,SUPPORTS
Youtube prohibits users to share videos.,REFUTES
Marble Hill is a neighborhood in Boston.,REFUTES
Michael Winterbottom has worked with British actor Steve Coogan.,SUPPORTS
Avatar had critical reviews that were positive.,SUPPORTS
Dirty Diana is by Michael Jackson's brother.,NOT ENOUGH INFO
Ottawa is the birthplace of Justin Trudeau.,SUPPORTS
Joan Cusack was in a romantic comedy-drama film and she is American.,SUPPORTS
Leonardo da Vinci is a painter.,SUPPORTS
Christoph Waltz is American.,REFUTES
"Stratford, London is in England.",SUPPORTS
Sarah Palin served as the ninth Governor of Alaska.,SUPPORTS
Charles II of England died on 13 February 1685.,REFUTES
Cheyenne Jackson acts.,SUPPORTS
Willow Smith is not an American citizen.,REFUTES
John Wayne Gacy had victims.,SUPPORTS
Mithun Chakraborty played Jimmy in the movie Disco Dancer in 1982.,SUPPORTS
The Breakfast Club was released in 1985.,SUPPORTS
Greece shares land borders with Albania.,SUPPORTS
Arkham Asylum's heroes include Poison Ivy.,NOT ENOUGH INFO
Nepal has 26.4 million people that make up its population.,SUPPORTS
Bradford is in Europe.,SUPPORTS
Damages (TV series) premiered on an American television channel.,SUPPORTS
Paul Bettany has played Vision in at least two films.,SUPPORTS
Good Will Hunting starred Gene Wilder.,NOT ENOUGH INFO
Melissa McCarthy appeared in creative work.,SUPPORTS
Brigitte Macron is a teacher.,SUPPORTS
Where the Wild Things Are was released in 2009.,SUPPORTS
Tim Rice collaborated with anyone except a composer.,REFUTES
Maria I of Portugal was born in 1734.,SUPPORTS
Scarlett Johansson is in acting roles.,SUPPORTS
Jason Sudeikis is an American comedian.,SUPPORTS
Imagine Dragons lost the Billboard Music Awards every time.,REFUTES
Oliver Reed was only German.,REFUTES
"Tatiana Maslany starred in Being Erica, a Canadian drama airing from 2009-present.",REFUTES
Macbeth is a comedy.,REFUTES
Mr. Nobody was directed by a kitten.,REFUTES
WeChat includes personalized wallpapers.,NOT ENOUGH INFO
The Falling stars an actress born in New Zealand.,NOT ENOUGH INFO
The Xbox One's Kinect device is included optionally.,SUPPORTS
Love & Mercy (film) stars an actor.,SUPPORTS
Eddie Redmayne is an actor.,SUPPORTS
Robert Richardson has collaborated with several directors.,SUPPORTS
Gregor Clegane's younger brother is not nicknamed The Hound.,REFUTES
Maisie Williams plays the role of Arya Stark in the HBO series Game of Thrones.,SUPPORTS
Melbourne is a town.,REFUTES
Delta Air Lines is an American airline.,SUPPORTS
Captain America: The Winter Soldier is a nation.,REFUTES
Angela Lansbury is a person that acts professionally.,SUPPORTS
Michael Schumacher is a seven time Formula One World Champion more than any other driver.,NOT ENOUGH INFO
Sepsis is more common among males than females.,SUPPORTS
Howard Stern hosts a radio show.,SUPPORTS
Cersei Lannister is in a book series.,SUPPORTS
Tom Brady is a person who plays quarterback.,SUPPORTS
A planet is in the Solar System.,SUPPORTS
God in Islam's history is all-knowing.,SUPPORTS
"Windsor, Ontario is in Canada.",SUPPORTS
Bane is a nonfictional character.,REFUTES
Never Go Back's author has a name which starts with a J.,SUPPORTS
24 is a thriller film.,SUPPORTS
Joan Cusack worked with anyone except Debbie Reynolds.,REFUTES
Divergent is on HBO and Hulu.,NOT ENOUGH INFO
Alice is a reworking of an Italian film.,SUPPORTS
The first Coldplay album received a Mercury Prize nomination.,SUPPORTS
San Francisco is Spanish.,SUPPORTS
Steven Spielberg has a career as a director.,SUPPORTS
Vegemite is a type of stress.,NOT ENOUGH INFO
Jousting stayed popular with nobility of Wales throughout the whole of the 16th century.,SUPPORTS
Chris Weitz is an occasional governor.,NOT ENOUGH INFO
Shraddha Kapoor is part of a film industry,SUPPORTS
Moscow has museums in the Southern parts of the city.,NOT ENOUGH INFO
Bob Dylan is a jaguar.,REFUTES
Susan Atkins was tried and found guilty of murder.,SUPPORTS
Room 93 is an extended play.,SUPPORTS
Rod Serling clashed with people over war.,SUPPORTS
"In 1997, Greyson Chance was born.",SUPPORTS
The Great Buck Howard stars an actor.,SUPPORTS
Colin Firth acts.,SUPPORTS
U2 is a band.,SUPPORTS
Kamala Harris was re-elected.,SUPPORTS
Plato's teacher was a classical Roman philosopher.,REFUTES
Shania Twain was killed in 1965.,REFUTES
Larry Buttrose is the author of  travel book The King of Neptune Day & Night Club.,SUPPORTS
Stanley Kubrick has a career as a director.,SUPPORTS
Jennifer Garner was married to a film actor.,SUPPORTS
Daniel Craig failed to have an acting career.,REFUTES
The Chainsmokers have only won two iHeartRadio Music Awards.,REFUTES
The Uruguay national football team hosted the first FIFA World Cup in 1930.,SUPPORTS
Kurt Angle won a championship.,SUPPORTS
Gopi Sunder received an award for his work on a Malayalam thriller.,SUPPORTS
Milla Jovovich was part of Return to the Blue Lagoon.,SUPPORTS
Wayne Rooney is a soccer player.,SUPPORTS
Gianluigi Buffon has yet to win any awards.,REFUTES
Vikram has associations with the Indian company Kasi Eye Care.,SUPPORTS
Melisandre appears in the television adaptation Game of Thrones.,SUPPORTS
"The Twilight Saga includes ""Twilight"", an American romantic fantasy film.",SUPPORTS
John Cena is a professional wrestler.,SUPPORTS
On the Road (film) premiered at the World Conference on Women.,REFUTES
"Abraham Lincoln was the 16th President, between Buchanan and Johnson.",NOT ENOUGH INFO
Jerry Lewis acts.,SUPPORTS
Mickey Rooney was featured in Boys Town.,SUPPORTS
"Ancient Algeria has known many empires and dynasties, such as the Umayyads.",SUPPORTS
"As of 2014, Rabat has an urban population of roughly 580,000.",SUPPORTS
The Carmichael Show had back to back episodes.,SUPPORTS
Moana is a 2016 hurricane.,REFUTES
Spider-Man 3 features a fictional character.,SUPPORTS
Peer Astrom has worked with Germans.,NOT ENOUGH INFO
Charlie Chaplin did not start performing when he was young.,REFUTES
Jennifer Aniston is a performer.,SUPPORTS
Ben Still is a comedic actor.,SUPPORTS
The Flash has at least three seasons.,SUPPORTS
Denzel Washington played a corrupt cop in Training Day.,SUPPORTS
Jennifer Jason Leigh is a performer.,SUPPORTS
Kajal Aggarwal was rejected from all roles in Tamil cinema.,NOT ENOUGH INFO
Clint Eastwood won at least two awards.,SUPPORTS
Jacinda Barrett is an American with Australian ancestry.,SUPPORTS
Brazil has a theocracy.,NOT ENOUGH INFO
Randy Orton was born in 1980.,SUPPORTS
Judy Greer was born in the 20th century.,SUPPORTS
Mithun Chakraborty played Jimmy in the play Disco Dancer.,SUPPORTS
The Magna Carta was first drafted by an archbishop.,SUPPORTS
Emmy Rossum acted in the same film as Dennis Quaid.,SUPPORTS
Jack Black has been in films.,SUPPORTS
Michael Jordan played a non-contact sport.,SUPPORTS
Rashida Jones was in a movie.,SUPPORTS
Point Place is in the dungeon.,REFUTES
Colm Feore is the first film actor.,NOT ENOUGH INFO
"The Los Angeles Lakers were nicknamed ""Showtime.""",SUPPORTS
Tyrion Lannister is real.,REFUTES
Denis Leary's middle name is Colin which was given to him by his family.,NOT ENOUGH INFO
"Leukemia appeared in 352,000 people in 2012.",SUPPORTS
American Horror Story is on FX.,SUPPORTS
"Ronald Reagan left office in March 8th, 1989.",NOT ENOUGH INFO
Ringo Starr makes music.,SUPPORTS
Helen Hunt was in different job positions.,SUPPORTS
Serbia has a high rank on the moon.,NOT ENOUGH INFO
United States Congress has 535 voting members.,SUPPORTS
Brave was produced only by Laika.,REFUTES
Ilkhanate was established as a political entity.,SUPPORTS
Shailene Woodley was born in 1812.,REFUTES
Rebecca Hall appeared in a film.,SUPPORTS
Schindler's List was released on VHS.,NOT ENOUGH INFO
World War II involved guns.,NOT ENOUGH INFO
Roald Dahl is not a writer.,REFUTES
Lance Armstrong raced as part of a team.,SUPPORTS
The Voice is not a TV series.,REFUTES
Janet Varney is from New York.,NOT ENOUGH INFO
Olivia Munn has used the name Olivia Munn and she's been successful.,REFUTES
Bermuda is in the Atlantic hurricane belt.,NOT ENOUGH INFO
Tom Franco is the accountant of Dave Franco.,NOT ENOUGH INFO
A Song of Ice and Fire is a series and it is by an American.,SUPPORTS
The World Bank Group's activities include soccer.,NOT ENOUGH INFO
Christoph Waltz was born in October of 1956.,SUPPORTS
Rowan Atkinson died before starring in a 2016 TV series.,REFUTES
Angela Lansbury isn't an actress.,REFUTES
Daniela Hantuchová is a woman.,SUPPORTS
Game of Thrones (season 1) featured American actor Peter Dinklage.,SUPPORTS
International Relations only includes the entertainment industry.,REFUTES
Willie Nelson was a person.,SUPPORTS
Samuel L. Jackson played Mr. Glass in the M. Night Shyamalan film Unbreakable to critical acclaim.,NOT ENOUGH INFO
Natalie Wood has been in productions.,SUPPORTS
Kurt Angle is a person.,SUPPORTS
Morgan Freeman bought the Deep Impact DVD set.,NOT ENOUGH INFO
Natalie Wood never acted in an American film.,REFUTES
Judith Barsi was from America.,SUPPORTS
Samuel L. Jackson has appeared the DC Extended Universe.,NOT ENOUGH INFO
Tyra Banks had a small role in the sack of Rome.,NOT ENOUGH INFO
Sally Field was in Kiss Me Goodbye.,SUPPORTS
Elephants have been portrayed in folklore.,SUPPORTS
"From 1996 to 2001, there were three films Scarlett Johansson was in.",SUPPORTS
Gerard Butler has a middle name: James.,SUPPORTS
Jackfruit is native to parts of the Ring Cycle.,NOT ENOUGH INFO
How to Lose Friends & Alienate People stars an actor.,SUPPORTS
Cleopatra represented herself as the reincarnation of a goddess.,SUPPORTS
Matt Kuchar has yet to play on a professional golf tour.,REFUTES
Frank Sinatra is not an actor.,REFUTES
"On February 23, 1983, Emily Blunt was born.",SUPPORTS
John Lennon was inducted into the Rock and Roll Hall of Fame in 1988 and 1994.,SUPPORTS
Abraham Lincoln was in politics.,SUPPORTS
Taylor Kitsch worked on the film X-Men Origins: Wolverine.,SUPPORTS
Gregor Clegane is only nicknamed The Hound.,REFUTES
Katie Holmes' birthday is May 18.,REFUTES
Vienna is in Austria.,SUPPORTS
Anne Bancroft was directed by David Jones.,SUPPORTS
Zendaya is an accountant.,REFUTES
Laurence Olivier starred in an adaptation of Hamlet.,SUPPORTS
Conan O'Brien is an American.,SUPPORTS
Suriname left the Kingdom of Netherlands.,SUPPORTS
Glenn Frey sings rock music.,SUPPORTS
Rachel McAdams appeared in a drama.,SUPPORTS
Jessica Biel has not acted with Jamie Foxx.,REFUTES
Her is only a television show.,REFUTES
American Horror Story: Hotel is the 3rd season of Archer.,REFUTES
Iron Fist was created for Netflix.,SUPPORTS
Iain Glen is in Game of Thrones.,SUPPORTS
The Incredible Hulk is a protein shake.,REFUTES
Nepal borders France.,REFUTES
Mark Bomback is from New Rochelle.,SUPPORTS
Lewis Friedman is a dancer.,NOT ENOUGH INFO
Alec Baldwin lost seven Screen Actors Guild Awards for 30 Rock.,NOT ENOUGH INFO
Jamie Foxx was born in any month but December.,REFUTES
Steve Buscemi was in a film.,SUPPORTS
The Westminster parliamentary system serves as the basis for the government of Mauritius.,SUPPORTS
Jon Pertwee was in Worzel Gummidge.,SUPPORTS
Solange Knowles released an album.,SUPPORTS
Vienna is not a city.,REFUTES
Cher is a bird.,REFUTES
Courteney Cox appeared on an American television sitcom.,SUPPORTS
Sabrina Carpenter has only ever worked with Sony Music.,REFUTES
Kill Bill: Volume 2 has a star.,SUPPORTS
The Vampire Diaries is based on a popular book series by an American author.,SUPPORTS
Toy Story is a television show.,REFUTES
Jennifer Grey was named on the 26th.,SUPPORTS
Acting is a profession of Benedict Cumberbatch.,SUPPORTS
Edgar Allan Poe was a horse.,REFUTES
The G1 Climax is annual.,SUPPORTS
Saamy is an Indian Tamil television show.,REFUTES
Helena Bonham Carter has acted in an HBO television film.,SUPPORTS
Mike Tyson was a boxer.,SUPPORTS
Roald Dahl is Spanish.,NOT ENOUGH INFO
Emily Blunt was in a 2004 American comedy-drama film.,NOT ENOUGH INFO
"Lady Gaga died on March 28, 1986.",REFUTES
Citalopram is a drug.,SUPPORTS
Daniel Radcliffe appeared in a 2013 Gushers ad.,NOT ENOUGH INFO
Judd Apatow produced a film.,SUPPORTS
The Night Of is on HBO.,SUPPORTS
Millie Bobby Brown was born on February 8.,REFUTES
Arsenic and Old Lace had its release delayed by 3 years.,SUPPORTS
The Doctor has the gift of regeneration.,SUPPORTS
Christianity spread to sub-Saharan Africa.,SUPPORTS
Scarlett Johansson is an actress.,SUPPORTS
Judd Apatow has worked with Paul Feig.,SUPPORTS
Room is directed by Lenny Abrahamson and written by Emma Donoghue.,SUPPORTS
"Anaheim, California is a city in California.",SUPPORTS
R. Madhavan is a person in the performance arts.,SUPPORTS
Boston has only one university.,REFUTES
Andre Agassi is the winner of seven titles.,SUPPORTS
Paul Thomas Anderson has done at least seven films.,SUPPORTS
To Kill a Mockingbird was written by a man.,REFUTES
In 2001 John Mayer could be seen at the South by Southwest Festival.,SUPPORTS
Ben Kingsley is an actor.,SUPPORTS
Peter Cetera was on an album.,SUPPORTS
Spain isn't a country.,REFUTES
Pacific Blue ended in November of 2000.,REFUTES
The Muppet Christmas Carol is incapable of being a film.,REFUTES
Nikolaj Coster-Waldau is an actor known for his role as Jaime Lannister.,SUPPORTS
Olivia Wilde is a movie actress.,SUPPORTS
Robert Browning was born in 1801.,REFUTES
Cowboy was performed during the Super Bowl XXXVIII halftime show.,SUPPORTS
Joseph Gordon-Levitt has volunteered with Oliver Stone.,NOT ENOUGH INFO
Tina Turner worked on a musical.,SUPPORTS
Francis Ford Coppola does not direct films.,REFUTES
When the Soviet Union collapsed Russia was one of the countries that emerged from it.,SUPPORTS
Ken Russell only directed the film Shrek.,REFUTES
The technical innovation of the animation in Toy Story was praised.,SUPPORTS
Jamie Foxx is a performer.,SUPPORTS
Daft Punk is a duo of musicians.,SUPPORTS
Season three of Game of Thrones is an adaptation.,SUPPORTS
Marlon Brando appeared in a film.,SUPPORTS
Boromir is completely missing from the second volume of The Lord of the Rings.,REFUTES
Tobey Maguire received a nomination for a Golden Globe Award.,SUPPORTS
The Invention of Lying was released in June of 2009.,NOT ENOUGH INFO
"Saratoga includes Clark Gable, Jean Harlow, Lionel Barrymore, Frank Morgan, Walter Pidgeon, Hattie McDaniel, and Margaret Hamilton.",SUPPORTS
Avengers: Age of Ultron was released in California.,SUPPORTS
Jake Gyllenhaal is in zero movies.,REFUTES
Arnold Schwarzenegger is an actor.,SUPPORTS
Lisa Lopes collaborated with another performer.,SUPPORTS
Mary-Louise Parker received a Golden Globe and other awards.,SUPPORTS
Michael Jordan never played basketball.,REFUTES
The Hangover Part III stars Ed Helms and Ken Jeong.,SUPPORTS
Jerry Seinfeld is a performer.,SUPPORTS
Dhool is a film.,SUPPORTS
Andy Warhol refused to manage bands.,REFUTES
John McEnroe's volleying skills are unknown.,REFUTES
Billie Jean King was an athlete.,SUPPORTS
Debbie Reynolds starred in a film.,SUPPORTS
My Bloody Valentine 3D was directed by a Canadian-American filmmaker and editor born in Venezuela.,NOT ENOUGH INFO
Bojack Horseman's creator is also an American actor.,SUPPORTS
Selena Gomez's second solo record is entitled Revival.,SUPPORTS
Laurence Fishburne acted in a movie.,SUPPORTS
The Divergent Series was adapted from the work of an American author.,SUPPORTS
Paul Pierce played basketball.,SUPPORTS
Havoc is written first by Jessica Kaplan and Stephen Gaghan.,SUPPORTS
Pablo Fenjves ghostwrote for someone.,SUPPORTS
21 Jump Street is a comic book.,REFUTES
Selena was killed by Yolanda Saldivar.,SUPPORTS
"Rolling Stone magazine described Led Zeppelin as ""unquestionably the most enduring band in rock history.""",REFUTES
Taraji P. Henson is an actor.,SUPPORTS
Turkey is only in a single continent,REFUTES
Night Attack at Târgovişte was a school.,REFUTES
Nikolaj Coster-Waldau refused to ever be an actor.,REFUTES
The Ozarks are not in the United States.,REFUTES
November 6 was the premiere date of 24.,SUPPORTS
Eminem is an ensemble singer.,NOT ENOUGH INFO
Instagram is a photo-sharing application and it's very popular.,SUPPORTS
Carrie Fisher flew transatlantic.,SUPPORTS
Prince made an album.,SUPPORTS
Azerbaijan is a place.,SUPPORTS
Lydia Hearst is a lifestyle blogger.,SUPPORTS
Miley Cyrus is a singer.,SUPPORTS
Jenni Rivera was a cancer research philanthropist.,REFUTES
Olivia Wilde is a beef wellington.,REFUTES
Angela Lansbury was part-owner of Corymore Productions.,SUPPORTS
Michelle Rodriguez worked.,SUPPORTS
Steve Coogan portrayed a publisher who was English.,SUPPORTS
Future has had albums debut at number one on the U.S. Billboard 200.,SUPPORTS
The International Space Station's crew works in biology and is well-funded.,SUPPORTS
Spain is a place.,SUPPORTS
Maria Sharapova has yet to receive a suspension.,REFUTES
"Amerigo Vespucci was born on March 3, 1454.",REFUTES
Lisa Kudrow was only an author.,REFUTES
Deadpool won an award.,SUPPORTS
Archimedes did astronomy.,SUPPORTS
Kaitlin Olson began her career in Los Angeles.,SUPPORTS
Michael Phelps was voted to be the flag bearer.,SUPPORTS
Heikegani is a painting of decapod crustacean.,NOT ENOUGH INFO
Kristen Bell was in a movie.,SUPPORTS
Leslie Groves was commissioned in the U.S. Army.,SUPPORTS
From the Earth to the Moon is a television miniseries about the moon.,NOT ENOUGH INFO
"Taiwan is neighbored by China, Japan, and the Philippines.",SUPPORTS
Kristen Stewart acted in a film series adapted from a science fiction book series.,NOT ENOUGH INFO
Good Will Hunting is only a book.,REFUTES
Naturi Naughton has acted in 3 films.,NOT ENOUGH INFO
Barbados is an island in the Caribbean.,SUPPORTS
Tyrion Lannister was created by an American author.,SUPPORTS
Dennis Quaid has worked with every actress except Emmy Rossum.,REFUTES
The Lion King was influenced by William Shakespeare's Hamlet.,SUPPORTS
Henry VIII of England had personal extravagance.,SUPPORTS
Just My Luck (2006 film) stars Ben Affleck.,NOT ENOUGH INFO
People born in the 1950s and 1960s were part of the Jackson family.,SUPPORTS
Muhammad is significant to religion.,SUPPORTS
Earth is the densest planet in the Solar System by a significant margin.,SUPPORTS
Robert Redford is a human.,SUPPORTS
Bohemian Rhapsody is entirely instrumental.,NOT ENOUGH INFO
Josh Homme has nothing to do with any rock band.,REFUTES
Amsterdam Airport Schiphol serves as a hub.,SUPPORTS
Usain Bolt is a person.,SUPPORTS
Thiokol was also known as something.,SUPPORTS
"Today, elephants are exploited for entertainment in Germany.",NOT ENOUGH INFO
Thinkin Bout You is Grammy nominated.,SUPPORTS
Frank Ocean is a performer.,SUPPORTS
Kate Beckinsale is an actress.,SUPPORTS
Sense8 is a show.,SUPPORTS
Mr. Nobody stars an actress.,SUPPORTS
Lydia Hearst is a model.,SUPPORTS
"Buddy Holly died on February 3rd, 1959 in a car crash.",NOT ENOUGH INFO
Stevie Nicks had a career alone.,SUPPORTS
Nice & Slow was released by Earl Sweatshirt.,REFUTES
Brad Pitt starred in a movie.,SUPPORTS
Up All Night was released in Ireland and the United Kingdom.,SUPPORTS
Doctor Who is a TV show.,SUPPORTS
The Nile fails to drain through Uganda.,REFUTES
Frank Ocean did odd jobs in 2011.,NOT ENOUGH INFO
Emmanuel Adebayor is African.,SUPPORTS
Steffi Graf only plays softball.,REFUTES
One actress is Olivia Wilde.,SUPPORTS
Los Angeles is known for its dry summer climate.,SUPPORTS
Ted Bundy escaped twice.,SUPPORTS
Michelle Rodriguez is an actress.,SUPPORTS
Instagram is a tomb.,REFUTES
Marlon Brando was in a film by Joseph L. Mankiewicz.,SUPPORTS
Karan Johar is a person who directs films for a living.,SUPPORTS
Passengers was directed by someone.,SUPPORTS
The House of Lusignan reigned from the 13th to the 15th centuries during the Middle Ages.,REFUTES
Pablo Fenjves ghostwrote code.,NOT ENOUGH INFO
Jennifer Jason Leigh had an acting role.,SUPPORTS
Brian Eno worked.,SUPPORTS
Baahubali: The Beginning lacked special effects.,REFUTES
Renaissance art involved an artist.,SUPPORTS
George Washington was not involved in the American Revolution.,REFUTES
Mark Ruffalo began his life in 1967.,SUPPORTS
Zooey Deschanel is Irish.,REFUTES
To The Bone includes an actor.,SUPPORTS
Ecuador's population is mostly mestizos.,SUPPORTS
Drew Barrymore refused to be an actress.,REFUTES
Tom Brady is a quarterback in the NFL.,SUPPORTS
Richard III of England was a king.,SUPPORTS
Cheyenne Jackson appeared in United 93.,SUPPORTS
Texas is always dissociated with deserts.,REFUTES
Future is Canadian.,REFUTES
The blue whale is a pastry.,NOT ENOUGH INFO
Aneurin Barnard is a stage actor.,SUPPORTS
Jodie Foster played Clarice Starling.,SUPPORTS
Walt Disney founded a company headquartered in California.,SUPPORTS
The Who disbanded permanently after releasing three singles.,NOT ENOUGH INFO
28 Days (film) has Diane Ladd as a costar.,SUPPORTS
Peter Cetera was in a band.,SUPPORTS
Led Zeppelin were a group.,SUPPORTS
Grace Jones performed in a film.,SUPPORTS
Gerald Ford was not the President of the United States.,REFUTES
Elizabeth Taylor was an actress.,SUPPORTS
Taylor Sheridan portrayed a fictional character.,SUPPORTS
Nikola Tesla was an engineer.,SUPPORTS
David Mazouz is a dancer.,NOT ENOUGH INFO
Ellen DeGeneres acts.,SUPPORTS
Neil Young worked with groups.,SUPPORTS
The Czech Republic is a republic.,SUPPORTS
Miss Peregrine's Home for Peculiar Children is a horror film.,REFUTES
Taiwan's high-tech industry plays a key role in the global economy as of 2002.,NOT ENOUGH INFO
Donald Glover was born in New York City.,NOT ENOUGH INFO
Tom Cruise worked on Vanilla Sky with Cameron Crowe.,SUPPORTS
Archimedes was the author of the Archimedes Palimpsest.,SUPPORTS
Matthew McConaughey was in U-571.,SUPPORTS
Avatar is exclusively a book.,REFUTES
Outlander (TV series) has multiple seasons.,SUPPORTS
Videos can be found on YouTube.,SUPPORTS
Helena Bonham Carter was in a car.,NOT ENOUGH INFO
Tetris has sold approximately 70 million physical copies and over 100 million copies for cell phones.,SUPPORTS
Home Alone stars Macaulay Culkin.,SUPPORTS
John Cena is incapable of being a wrestler.,REFUTES
John Lennon was a Beatles member.,SUPPORTS
Prakash Jha is only a music producer.,REFUTES
Hisense used the brand name of Michael Jackson.,NOT ENOUGH INFO
Imagine Dragons have an album.,SUPPORTS
Super Metroid has only ever been a comic book.,REFUTES
Colm Feore was a cast member of 24.,SUPPORTS
Nelson Mandela introduced expansions to video games.,NOT ENOUGH INFO
Paul Newman had a soccer team.,NOT ENOUGH INFO
Midwestern Gothic publishes hamburgers.,NOT ENOUGH INFO
Chester Bennington is a person.,SUPPORTS
Al Capone became increasingly famous.,SUPPORTS
Solange Knowles had a number-one album in the United States.,SUPPORTS
Yelp existed in the 2010s.,SUPPORTS
Lil Wayne has created six or more albums.,SUPPORTS
The Twilight Saga films star Robert Pattinson and Taylor Lautner.,SUPPORTS
Sam Worthington is an actor.,SUPPORTS
Frank Zappa's first album was released in 1876.,REFUTES
David Jones (video game developer) is European.,SUPPORTS
The Connaught Tunnel was lined with a material.,SUPPORTS
Beyoncé Knowles is a woman.,SUPPORTS
Lily James has been on TV.,SUPPORTS
Bobby Moore was a sportsman.,SUPPORTS
A crown colony is also known as a British Overseas Territory.,SUPPORTS
To Kill a Mockingbird (film) was the third film of an American actor and filmmaker born in 1931.,NOT ENOUGH INFO
Nepal has a population of 26.4 million.,SUPPORTS
Bobby Moore was a professional chef.,NOT ENOUGH INFO
Kajal Aggarwal was an actress.,SUPPORTS
Machine Gun Kelly (rapper) released a major label debut cereal.,NOT ENOUGH INFO
Ted Bundy committed crimes.,SUPPORTS
Marlon Brando was in a film that was from a William Shakespeare play.,SUPPORTS
The Belko Experiment premiered at the 41st Sundance Film Festival.,REFUTES
Transformers: Dark of the Moon is not a film.,REFUTES
Claudia Leitte sings.,SUPPORTS
Coldplay is a band.,SUPPORTS
Ellen DeGeneres's wife is not Australian.,REFUTES
Poppy ran track in Tennessee.,NOT ENOUGH INFO
The Major League Baseball Most Valuable Player Award has never been presented to a leader of the Tampa Bay Rays.,NOT ENOUGH INFO
Michelangelo refused to ever sculpt.,SUPPORTS
Baby Driver was written by Edgar Wright.,SUPPORTS
Emily Blunt starred in The Young Victoria.,SUPPORTS
Nick Frost stars in Attack the Block.,SUPPORTS
"The Magna Carta, drafted in 1212, promised to limit feudal payments to the Crown.",NOT ENOUGH INFO
Apple was not founded by Steve Wozniak.,REFUTES
O. J. Simpson received a criminal charge for armed robbery.,SUPPORTS
Spider-Man has been portrayed by three different actors in television shows.,NOT ENOUGH INFO
The Rev played the song Afterlife.,SUPPORTS
Martin Scorsese has won an award.,SUPPORTS
"Beneath it, Centralia, Pennsylvania has a coal mine fire.",SUPPORTS
The Grey Album gained notoriety after there was an attempt by EMI to halt its distribution.,SUPPORTS
Michael Douglas participated in a television crime drama from the 1970's.,SUPPORTS
Anne Bancroft was only in comedies.,REFUTES
Final Fantasy XII added a sandbox to the series.,NOT ENOUGH INFO
Helios is the son of a god.,SUPPORTS
Adele was given a recording contract by XL Recordings.,SUPPORTS
GoldenEye stars Pierce Brosnan.,SUPPORTS
Michael Jackson was a singer.,SUPPORTS
Shraddha Kapoor played chess.,NOT ENOUGH INFO
Minnesota was settled by polar bears.,NOT ENOUGH INFO
"Actress Helen Hunt worked in movies that involved common genres like romance, comedy, drama, and action.",SUPPORTS
Cindy McCain is British.,REFUTES
The Wolf of Wall Street was a film.,SUPPORTS
British Columbia is in Canada.,SUPPORTS
Southport hosts the Southport Airshow.,SUPPORTS
Tony Goldwyn was born in 2001.,REFUTES
Sold at at discounted price was the iPhone 5C.,SUPPORTS
La La Anthony has thus far in her career declined to appear in romantic comedy films.,REFUTES
Lily Collins starred as Clary Fray.,SUPPORTS
David Bowie was a person who acted.,SUPPORTS
Winona Ryder is not an actress.,REFUTES
David Mazouz was in Touch as Jacob Bohm.,SUPPORTS
Dumb and Dumber is an American comedy road film.,SUPPORTS
Robert F. Kennedy began a career.,SUPPORTS
Steve Coogan portrayed an American publisher.,NOT ENOUGH INFO
"Kenny Rogers was voted the ""Favorite puppy of All-Time.""",NOT ENOUGH INFO
Harry Potter was written by an Englishman.,REFUTES
Allen Ginsberg wrote a poem about Bangladeshi politicians.,REFUTES
Sweden provides universal healthcare and tertiary education for its citizens.,SUPPORTS
Singapore restricts its citizens.,SUPPORTS
Marcus Rashford was born on a plane.,NOT ENOUGH INFO
Dennis Hopper was a person.,SUPPORTS
Doctor Who is a show on television.,SUPPORTS
Leslie Uggams appeared in a film directed by a person.,SUPPORTS
David Schwimmer played the title character in the 2005 drama Duane Hopwood.,SUPPORTS
Myles Kennedy has only released albums with a French rock band.,REFUTES
Fergie sang for the album Brothers.,NOT ENOUGH INFO
Matthew McConaughey is invisible for the entirety of Texas Chainsaw Massacre: The Next Generation.,NOT ENOUGH INFO
Dogs were the first domesticated bird.,REFUTES
Prince died in 2014.,REFUTES
Ezra Edelman is a filmmaker.,SUPPORTS
Yellow Flicker Beat is a song.,SUPPORTS
"Liberia declared its independence from Europe on July 26, 1847.",SUPPORTS
There is an actress named Connie Britton.,SUPPORTS
Tim Rice collaborated with a composer.,SUPPORTS
Richard Nixon was a part of politics.,SUPPORTS
New York only has local economic impact.,REFUTES
Manitoba shares a border with two US states.,SUPPORTS
Minos fathered a dog.,REFUTES
Caitlyn Jenner did not change her name.,REFUTES
The biggest ethnic groups in Iraq are Arabs and Kurds.,SUPPORTS
Hawaii is a U.S. senator.,NOT ENOUGH INFO
George VI was succeeded by Elizabeth II.,SUPPORTS
Jack Nicholson has many films.,SUPPORTS
Minions is an animated film.,SUPPORTS
Inferno does not feature multiple American actors.,REFUTES
Cosmopolitan is often referred to as no other name.,REFUTES
Final Fantasy XII is a computer sport.,NOT ENOUGH INFO
Sherlock is a work.,SUPPORTS
Thiokol was also known as Cordant Technologies Inc.,SUPPORTS
Nazi Germany banned specific art forms.,SUPPORTS
Arrow has seasons.,SUPPORTS
Bruno Mars has his own band that he works with.,SUPPORTS
Diamonds is only a poem.,REFUTES
The Eagles are not a band.,REFUTES
Girls' Generation was formed by S.M. Entertainment.,SUPPORTS
Urdu is a language in which Reuters transmits news.,SUPPORTS
Kurt Sutter produced Sons of Anarchy.,SUPPORTS
Willie Nelson dropped out of college.,SUPPORTS
The Chernobyl disaster caused 2 deaths within the complex.,SUPPORTS
The Weeknd released an album named Beauty Behind the Madness in 2015.,SUPPORTS
The Bible consists of only one part called the Old Testament.,REFUTES
Three Men and a Baby stars at least one American actor.,SUPPORTS
Richard Branson worked in a tomb.,NOT ENOUGH INFO
Varun Dhawan is an Indian actor.,SUPPORTS
"Ellen Burstyn has spent her career in film, television and theater.",SUPPORTS
Judi Dench played a role.,SUPPORTS
Maggie Smith isn't an actress.,REFUTES
Inception's cast includes Tom Hardy.,SUPPORTS
The Twilight Saga has a second film.,SUPPORTS
The Republican Party embraces the ideology of American conservatism.,SUPPORTS
La La Anthony was a 2016 movie.,REFUTES
Prince works as a musician.,SUPPORTS
Kate Beckinsale was directed by Judd Apatow.,NOT ENOUGH INFO
The Vampire Diaries is an American supernatural television series.,SUPPORTS
"Buddy Holly was an influence of Eric Clapton, with the muted guitar solos of the latter heavily drawing from the former's style.",NOT ENOUGH INFO
There is a British songwriter name Adele.,SUPPORTS
Top Gun received mixed reviews from east coast reviewers.,NOT ENOUGH INFO
Hulk received zero reactions from critics.,REFUTES
Luxo Jr. was produced by an American computer animation film studio.,SUPPORTS
The Narrows only stars Adam Sandler.,NOT ENOUGH INFO
Bob Arum has family that is part of the US Attorney's Office.,NOT ENOUGH INFO
Ellyse Perry is a woman.,SUPPORTS
Ringo Starr is immune to all known diseases.,REFUTES
Lily James has been on TV.,SUPPORTS
Get Out stars an actor.,SUPPORTS
Imagine Dragons are a band.,SUPPORTS
John Heard won an Emmy Award.,SUPPORTS
Chris Froome has competed in the Tour de France.,SUPPORTS
Natalie Wood acted in American films.,SUPPORTS
Malala Yousafzai advocates for the empowerment of women.,NOT ENOUGH INFO
Penny Dreadful is a British-American horror drama film.,SUPPORTS
Emily Blunt is a singer.,NOT ENOUGH INFO
Batman starred Burt Ward as a leading role.,SUPPORTS
Adrian Molina is a writer.,SUPPORTS
Atlantic City stars Ryan Gosling.,NOT ENOUGH INFO
Joseph Stalin became General Secretary in 1962.,REFUTES
Lahore is home to multiple species of bees.,NOT ENOUGH INFO
Mexico City is located in a federal republic.,SUPPORTS
Akshay Kumar is an actor.,SUPPORTS
Seth Rogen has not done voice work for the film Monsters vs. Aliens.,NOT ENOUGH INFO
Whoopi Goldberg is a fly.,REFUTES
"According to critics, Vito Corleone is one of Marlon Brando's best roles.",SUPPORTS
The Los Angeles Lakers are a baseball team.,REFUTES
A planet is in the Solar System.,SUPPORTS
Eragon is a film starring a dragon.,SUPPORTS
Lowell Ganz and Babloo Mandel wrote Splash.,SUPPORTS
Tom Brady is a quarterback.,SUPPORTS
Bill Cosby has been accused of drug facilitated sexual assault.,SUPPORTS
Journey released at least four albums.,SUPPORTS
Mary Marvel predates something.,NOT ENOUGH INFO
Andrew Garfield works with two directors: Joss Whedon and Woody Allen.,NOT ENOUGH INFO
Carol Leifer writes.,SUPPORTS
Mr. Nobody stars an actor.,SUPPORTS
Entertainment takes place in Las Vegas.,SUPPORTS
Avril Lavigne released an album.,SUPPORTS
Mickey Mantle was also called The Commerce Comet.,SUPPORTS
The Sopranos is a show.,SUPPORTS
Pink Floyd played in London.,NOT ENOUGH INFO
Marilyn Monroe was a magician.,NOT ENOUGH INFO
Robert Duvall is a person.,SUPPORTS
Nick Jonas was released by Empire Records.,REFUTES
Britain took control of Mauritius as a colony in 1810.,SUPPORTS
Deadpool 2 features actors.,SUPPORTS
Tiger Woods has not competed in a golf tournament.,REFUTES
"Above the Law is Steven Seagal's film debut, released in 1988.",SUPPORTS
The Conjuring made over $318 million making it one of the highest-grossing horror films of all time.,SUPPORTS
Charlie Sheen was in television roles.,SUPPORTS
American Horror Story had an episode.,SUPPORTS
Stockard Channing was in films.,SUPPORTS
Colin Firth is a performer.,SUPPORTS
Master of None is an American television series.,SUPPORTS
Don Henley has released criminals.,NOT ENOUGH INFO
The Invention of Lying was released in Canada in 2010.,NOT ENOUGH INFO
Tom Hardy was in Band of Brothers and The Virgin Queen.,SUPPORTS
Jennifer Aniston is married to actor and writer Justin Theroux.,SUPPORTS
Snoop Dogg is from Maine.,NOT ENOUGH INFO
The Communist Party of the Soviet Union was the ruling party of the United Kingdom.,REFUTES
"Ancient Algeria has known many empires and dynasties, such as the Byzantines.",SUPPORTS
Martina Navratilova is a person.,SUPPORTS
Patrick Cutrone plays the forward position.,SUPPORTS
Black Sabbath are often called latecomers to heavy metal music.,NOT ENOUGH INFO
Independence Day: Resurgence is a 1990 film.,REFUTES
Doc Holliday was a person.,SUPPORTS
Glee failed to ever be nominated for any awards.,REFUTES
Miley Cyrus has multiple albums.,SUPPORTS
Notes on a Scandal has a soundtrack composed by an Armenian.,REFUTES
Coke Boys Records is a cult.,NOT ENOUGH INFO
Kris Jenner is a parent.,SUPPORTS
Canada was never the location of a French colony.,REFUTES
Whoopi Goldberg won an award.,SUPPORTS
Ken Russell directed a film that was adapted.,SUPPORTS
Beyoncé Knowles starred in The Pink Panther.,SUPPORTS
Rachel McAdams was in a drama.,SUPPORTS
Jamie Foxx is a person.,SUPPORTS
Linda McCartney died in 1998.,SUPPORTS
David Mazouz can act.,SUPPORTS
Vikram stopped acting forever in 1990.,REFUTES
Judy Garland appeared in a film.,SUPPORTS
Jennifer Jason Leigh is a performer.,SUPPORTS
Barbara Stanwyck starred in Stella Dallas.,SUPPORTS
Heikegani is native to a sovereign island nation in West Asia.,REFUTES
Treasure is a film.,REFUTES
Adam DeVine was involved in musical films.,SUPPORTS
Melbourne is a place.,SUPPORTS
"Tesla, Inc. is an electric car maker.",SUPPORTS
Wrath of the Titans was seen by critics.,SUPPORTS
Vienna is a city.,SUPPORTS
Nicole Scherzinger's first album was released in 2011.,SUPPORTS
Judy Greer works.,SUPPORTS
The Twilight Zone is a famous restaurant.,REFUTES
Ajay Devgan has received National Film Awards.,SUPPORTS
Resident Evil is a series about zombie outbreaks.,SUPPORTS
Ted Kaczynski grew up in Illinois.,SUPPORTS
John McEnroe never played tennis.,REFUTES
The Boeing 707 is exclusively a mid-sized laptop.,REFUTES
"Albany, New York, is a city in the United States.",SUPPORTS
Frank Ocean was born with a different name.,SUPPORTS
Fred Trump was the father of a president.,SUPPORTS
The Silence of the Lambs was a biopic about Scott Glenn.,REFUTES
The goblin shark is a species of shark outside of the Lamniformes order.,REFUTES
Daft Punk was a part of the Napoleonic Wars.,NOT ENOUGH INFO
Cara Delevinge won the lottery.,NOT ENOUGH INFO
Timon & Pumbaa is a television program.,SUPPORTS
Patriot Act allows FBI to search homes without court order.,NOT ENOUGH INFO
Eminem doesn't make music.,REFUTES
Star vs. the Forces of Evil is an American animated series.,SUPPORTS
John Fante is an author.,SUPPORTS
Glen Campbell won the Grammy Lifetime Achievement Award in 2005.,REFUTES
The 84th Academy Awards' winners included The Descendants and The Fantastic Flying Books of Mr. Morris Lessmore.,SUPPORTS
The Golden State Warriors franchise relocated to the San Francisco Bay Area in 1962.,SUPPORTS
Volleyball involves business.,NOT ENOUGH INFO
Peyton Manning is an athlete.,SUPPORTS
Jennifer Aniston's mother was American actress and model Nancy Dow.,NOT ENOUGH INFO
Marlon Brando took part in a Technicolor film.,SUPPORTS
There is a writer named Marta Kauffman.,SUPPORTS
Maria Sharapova only golfs.,REFUTES
Doc Holliday was diagnosed.,SUPPORTS
Michael Fassbender acted in the HBO miniseries Band of Brothers.,SUPPORTS
"Janet Jackson's third album was released on February 27, 1986.",REFUTES
Stars Are Blind was co-written by a man.,SUPPORTS
Nerrukku Ner is a Tamil drama released in 1997.,SUPPORTS
Portal 2 was only released for Playstation 4.,REFUTES
OK Computer is an example of late-1990s swing music.,REFUTES
It's Always Sunny in Philadelphia is a television show.,SUPPORTS
Frank Ocean released the single Novacane.,SUPPORTS
Black Sabbath was a musical group.,SUPPORTS
Deadpool features Morena Baccarin.,SUPPORTS
The Prestige is about literacy.,NOT ENOUGH INFO
The film Blonde Venus featured Cary Grant.,SUPPORTS
John Constantine is a fictional character.,SUPPORTS
Stephen Hawking is British.,SUPPORTS
Macaulay Culkin acts in film.,SUPPORTS
Mel Gibson acted in a lead role in the film Gallipoli.,SUPPORTS
The September 11 attacks involved passenger airplanes.,SUPPORTS
Ronald Reagan disclosed his diagnosis with lung cancer in 1994.,NOT ENOUGH INFO
"In 1968, Lisa Marie Presley was born.",SUPPORTS
Albert Einstein developed one of the two pillars of modern chemistry.,SUPPORTS
Albania does not accept foreign investments.,REFUTES
Dog have been selectively bred for various behaviors.,SUPPORTS
Tom Cruise is a person who acts.,SUPPORTS
Doctor Strange is a superhero.,SUPPORTS
The phalanx barely describes the mass of infantry that would deploy during battle.,NOT ENOUGH INFO
William Shakespeare was an English playwright.,SUPPORTS
Michelle Obama was a First Lady for eight years.,SUPPORTS
Spencer Tracy was a person.,SUPPORTS
Martina Hingis was born in Paris.,REFUTES
Adderall is a drug that can induce delusions and paranoia.,SUPPORTS
Carole King is a songwriter.,SUPPORTS
Jeff Ament is an American rock bassist for the band Pearl Jam.,SUPPORTS
Leonardo DiCaprio is an actor.,SUPPORTS
A film based on Marvel Comics is X-Men: Days of Future Past.,SUPPORTS
Richard Nixon's wife died on June 22.,SUPPORTS
Nicolas Cage was born as Nicolas Nicolas Cage.,REFUTES
Steve Buscemi is a person,SUPPORTS
Guardians of the Galaxy had Kevin Feige as one of its six producers.,NOT ENOUGH INFO
The Beach Boys had 36 US Top 40 hits.,SUPPORTS
Sarah Paulson acted in Studio 60 on the Sunset Strip.,SUPPORTS
Pirates of the Caribbean had a successful first film.,SUPPORTS
Donald Sutherland is in The Italian Job as an actor.,SUPPORTS
Kobe Bryant has never played in the NBA.,REFUTES
Vitamin B12 is an important nutrient.,SUPPORTS
"William Hanna was an American animator, director, producer, voice actor, and cartoon artist.",SUPPORTS
Jake Gyllenhaal is in zero movies.,REFUTES
Nepal borders India.,SUPPORTS
Joseph Fiennes is an actor.,SUPPORTS
Allegations of a connection to Al-Qaeda were made about Saddam Hussein.,SUPPORTS
Rhona Mitra is not a songwriter.,REFUTES
The Joker is a fictional person.,SUPPORTS
Kuala Lumpur is the capital of Malaysia.,SUPPORTS
Los Angeles is where Ghostbusters premiered.,SUPPORTS
New York City lacks over 120 colleges and universities.,REFUTES
Lee Harvey Oswald was from New York.,NOT ENOUGH INFO
Selena Gomez was on a Disney Channel show.,SUPPORTS
"Tyler, The Creator died on March 6, 1991.",REFUTES
Andrew Garfield only acts in superhero films.,REFUTES
World War II was reviewed between the Allies of World War II and the Axis powers.,REFUTES
Alex Rodriguez plays a sport.,SUPPORTS
Leslie Uggams had a recurring role on a TV show.,SUPPORTS
There are zero actors in Pitch Perfect 3.,REFUTES
Minecraft has a world.,SUPPORTS
Robin appeared in comic books published by DC Comics.,SUPPORTS
Take a Bow was released in 1994.,SUPPORTS
The AK-47 has been manufactured in many countries and is looked down upon by the international community.,NOT ENOUGH INFO
Minos had a family member.,SUPPORTS
Louis C.K. starred in computer animated comedy The Secret Life of Pets.,SUPPORTS
Winona Rider has been in many well-received TV shows.,NOT ENOUGH INFO
Sherlock is exclusively a book series.,REFUTES
Sindh borders Gujarat and is in India.,REFUTES
Tom Cruise was in an American drama film.,SUPPORTS
Sons of Anarchy is a television series which aired on FX.,SUPPORTS
The painter Vincent Van Gogh inspired the movie Lust for Life.,NOT ENOUGH INFO
Poland is closed off for tourism.,NOT ENOUGH INFO
Evonne Goolagong Cawley plays tennis.,SUPPORTS
Slovenia is a city in Europe.,REFUTES
Grey's Anatomy focuses on the non-fictional lives of people that are in a stage of graduate medical training.,REFUTES
"Pennsylvania Chronicle started their operations on February 8th, 1774.",REFUTES
Richard Nixon was elected.,SUPPORTS
Kurt Angle was born in 1968.,SUPPORTS
Huntington's disease is a disorder.,SUPPORTS
John Williams is a writer.,NOT ENOUGH INFO
Break on Me is a single on the Ripcord album.,SUPPORTS
Kate Beckinsale starred in an adaptation of Jane Austen's 1815 novel Emma.,SUPPORTS
Crystal Palace F.C. is a winner of the Full Members Cup.,SUPPORTS
Helen Mirren has portrayed an insane fisherman.,NOT ENOUGH INFO
David Thewlis is an English director.,SUPPORTS
Greenwich is a mountain range.,REFUTES
Emma Stone is a performer.,SUPPORTS
Ulysses S. Grant was born in 1900.,REFUTES
Backstreet Boys are a band.,SUPPORTS
Adam Driver has been in American movies.,SUPPORTS
Audrey Horne was introduced in anything but a series that premiered on the ABC Network.,REFUTES
Boston University offers medical degrees in its urban campus.,SUPPORTS
Drama school offers Bachelor of Design.,SUPPORTS
Prince is not a musician.,REFUTES
Jaime Lannister is an actor.,NOT ENOUGH INFO
There is a county in Southern California.,SUPPORTS
Reddit had 82.54 billion criticisms in 2015.,REFUTES
Urvashi Rautela is a person.,SUPPORTS
John D. Rockefeller never grew tobacco.,NOT ENOUGH INFO
Shakira is a performer.,SUPPORTS
Glenn Close won a Tony Award.,SUPPORTS
"The blue whale's body can be various shades of bluish-grey dorsally, and somewhat lighter underneath.",SUPPORTS
Alex Rodriguez plays golf.,NOT ENOUGH INFO
Glee is an American television series.,SUPPORTS
Nicole Kidman is not an actress.,REFUTES
Foo Fighters make music.,SUPPORTS
Robert Redford chose to only ever work with the theater.,REFUTES
Blind Faith was a blues rock band founded by and composed of English blues and rock stars.,SUPPORTS
Maria Sharapova is in the Women's Tennis Association.,SUPPORTS
Philip Seymour Hoffman is a critically acclaimed actor.,NOT ENOUGH INFO
Margot Frank was Anne Frank's younger sister.,REFUTES
Arrested Development is not a show.,REFUTES
Shay Halley is also known as something else.,SUPPORTS
The Vampire Diaries was developed by an American born in February.,REFUTES
Uli Edel directed a film in which Jennifer Jason Leigh appeared.,NOT ENOUGH INFO
Natalie Portman worked with Satan.,REFUTES
Ayutthaya was friendly towards foreigners.,SUPPORTS
Nigeria is predicted to become one of the largest countries in the world.,SUPPORTS
Hacksaw Ridge received positive reviews.,SUPPORTS
Dhoom 3 means Blast 3 in English.,SUPPORTS
Many Christians believe that Jesus allows them to be reconnected with God.,SUPPORTS
Jeffrey Dahmer was convicted of a crime.,SUPPORTS
Antonio Vivaldi died at the age of 63.,SUPPORTS
Kurt Angle won a championship.,SUPPORTS
Ketogenic diet contains fat.,SUPPORTS
Inhumans is an upcoming British television series.,REFUTES
"Orson Welles worked in theatre, radio, and film.",SUPPORTS
Tequila is made from a plant.,SUPPORTS
Glee isn't a TV show.,REFUTES
Steven Spielberg is a strawberry.,REFUTES
Reuters transmits news in at least one language.,SUPPORTS
Janet Jackson signed a recording contract in the eighties.,SUPPORTS
Harmanpreet Kaur was born.,SUPPORTS
The Vietnam War took place.,SUPPORTS
Perth is the largest city in the state Western Australia and a capitol.,SUPPORTS
International Relations only includes the entertainment industry.,REFUTES
David Carradine was a person.,SUPPORTS
Dustin Hoffman has an acting career.,SUPPORTS
The United States took part in the Vietnam War to prevent communist takeover of South Vietnam.,SUPPORTS
Led Zeppelin did not release an album until 1975.,REFUTES
Miley Cyrus was in Forrest Gump.,NOT ENOUGH INFO
Foo Fighters is a place.,REFUTES
De Profundis was written to an interpreter.,NOT ENOUGH INFO
Facebook is a social networking utility.,SUPPORTS
Will Ferrell was employed with John C. Reilly.,SUPPORTS
Inside Man is a movie.,SUPPORTS
Jacqueline Kennedy Onassis is remembered for her lifelong contributions to the visual arts.,NOT ENOUGH INFO
"Since 2000, Luxembourg's Grand Duke has been Henri.",SUPPORTS
Selene only serves as a minor character in the film Underworld.,REFUTES
Leonardo DiCaprio is an actor.,SUPPORTS
Davis Entertainment's divisions develop and produce songs for networks.,NOT ENOUGH INFO
Scott Eastwood is a fashion designer.,NOT ENOUGH INFO
Peer Astrom has worked with others.,SUPPORTS
Alex Rodriguez played professional baseball.,SUPPORTS
Hugo Weaving is in zero movies.,REFUTES
Lance Armstrong had a disease.,SUPPORTS
Faith Evans met Puff Daddy at a Bad Boy photo shoot.,NOT ENOUGH INFO
Arkham Asylum's patients include the Joker.,SUPPORTS
Eddie Vedder plays guitar.,SUPPORTS
The Fujistsu iPAD was released in 2002.,SUPPORTS
Angelina Jolie has gone through two careers.,NOT ENOUGH INFO
"Nike, Inc.'s trademarks are a dog and the Swoosh logo.",NOT ENOUGH INFO
Ben Affleck acts.,SUPPORTS
Indian was never nominated for the Academy Awards in 1996.,SUPPORTS
Hugh Hefner only worked as a computer engineer in China.,REFUTES
There are no Western Romance Languages.,REFUTES
"Anonymous originated on 4chan, the imageboard.",SUPPORTS
Greece is a country.,SUPPORTS
Syria includes Kurds.,NOT ENOUGH INFO
Maggie Gyllenhaal is a person.,SUPPORTS
Boston remains high on world livability rankings.,SUPPORTS
Billy Bob Thornton directed a tea ceremony.,NOT ENOUGH INFO
Paul Walker was born on November 1st.,REFUTES
Deadpool is a fictional antihero that appears in comics.,SUPPORTS
Before We Go was Chris Evans's directorial debut.,SUPPORTS
Farrah Fawcett received two Emmy Award nominations in 1983.,NOT ENOUGH INFO
Radiohead is a troupe.,REFUTES
One of Coldplay's managers is Brian Eno.,NOT ENOUGH INFO
Ellyse Perry is a man.,REFUTES
Steve Mouzakis wrote the novel Where the Wild Things Are.,NOT ENOUGH INFO
Marilyn Monroe appeared in a film.,SUPPORTS
Vikram has yet to appear in a film.,REFUTES
"Fergie has a fragrance called ""Outspoken"" released solely in France.",NOT ENOUGH INFO
"Buddy Holly died on February 19th, 1999.",REFUTES
Neve Campbell stayed in America her whole life.,REFUTES
Jane Fonda is a person.,SUPPORTS
Split was directed by M. Night Shymalan.,SUPPORTS
The Berlin Wall was a thousand kilometers shorter than the inner German border.,REFUTES
The Weeknd released an album in 2015.,SUPPORTS
The United States Congress meets somewhere.,SUPPORTS
Baahubali: The Beginning was released in 2014.,REFUTES
Solange Knowles sings and writes songs.,SUPPORTS
Ireland has a central jungle.,REFUTES
Joe Manganiello has been featured in Magic Mike.,SUPPORTS
The Gadsden flag is a historical American flag.,SUPPORTS
FC Barcelona is a football club.,SUPPORTS
Rabat is a country.,REFUTES
Edward VIII was only a prince.,REFUTES
Jack Nicholson has been nominated for 12 Academy Awards.,SUPPORTS
Rebecca Hall appeared in a film.,SUPPORTS
Luxembourg is one of the smallest sovereign states.,NOT ENOUGH INFO
Tony Blair was Prime Minister of the United Kingdom.,SUPPORTS
Gennady Golovkin holds the title of champion.,SUPPORTS
Fifth Harmony earned 1.6 billion on-demand streams.,SUPPORTS
License to Wed is a movie.,SUPPORTS
Winona Rider was in a movie in back to back years.,SUPPORTS
Jean Grey is only known under an alias used by other male superheroes.,NOT ENOUGH INFO
Natasha Richardson starred as the main character in Patty Hearst.,SUPPORTS
Eric Clapton was a member of the English folk quartet Blind Faith.,REFUTES
The Super Nintendo Entertainment System came after the Nintendo Entertainment System.,SUPPORTS
Whoopi Goldberg co-produced a show for years.,SUPPORTS
Dhool was directed by snails.,REFUTES
"Gang Signs & Prayer is an album by Michael Ebenazer Kwadjo Omari Owuo, Jr.",SUPPORTS
NSYNC was a video game.,REFUTES
A person on the Rockets was Moses Malone.,SUPPORTS
O. J. Simpson was charged with multiple misdemeanors.,NOT ENOUGH INFO
Houston is located in Southeast Utah.,REFUTES
A co-producer of From the Earth to the Moon is credited to be Ron Howard.,SUPPORTS
The United States has the longest border in the world with Canada.,SUPPORTS
Michelle Williams was nominated for an award.,SUPPORTS
Glee was a TV series.,SUPPORTS
José María Chacón surrendered the island of Trinidad to a British fleet under the command of Sir Ralph Abercromby.,SUPPORTS
U2 is a rock band.,SUPPORTS
Seattle became a high-tech center in the 1980s.,SUPPORTS
Cher has only won two awards.,REFUTES
Carrie Fisher was an actor.,SUPPORTS
Henry V is a television film.,SUPPORTS
"Marble Hill, Manhattan is in New York City.",SUPPORTS
Reuters transmits news in three or more Indo-European languages.,SUPPORTS
The Bold and the Beautiful premiered in August.,REFUTES
Meryl Streep only began acting in the 80s.,REFUTES
Jeff Hardy has announced the WWE Championship once.,NOT ENOUGH INFO
In May 2016. The Carmichael Show was renewed.,NOT ENOUGH INFO
Martina Navratilova is an athlete.,SUPPORTS
Kris Jenner is related to Kourtney Kardashian.,SUPPORTS
Hunter S. Thompson did not travel to Puerto Rico.,REFUTES
Demi Lovato does pop music.,SUPPORTS
Friday the 13th features Jason.,SUPPORTS
Baahubali: The Beginning is a 2015 Indian film.,SUPPORTS
Beyoncé starred in The Pink Panther.,SUPPORTS
The Chelsea F.C. is a soccer team.,SUPPORTS
George H. W. Bush has worked on or been involved in many projects that benefit other people who may be in need.,SUPPORTS
Haifa is home to the restaurant Technion.,REFUTES
Tanzania borders a body of water.,SUPPORTS
John Lennon was a songwriter for the Beatles.,SUPPORTS
The Reader (2008 film) is a television show that opened in limited release on December.,REFUTES
Mr. Freeze was created.,SUPPORTS
Leighton Meester is a dog.,REFUTES
David Bowie was not English.,REFUTES
Funny Girl (film) is creative work.,SUPPORTS
Glee is a book.,REFUTES
Hypothyroidism can prevent weight gain.,REFUTES
Barack Obama's planned roller skating rink will be in Chicago.,NOT ENOUGH INFO
American Gods is a book.,SUPPORTS
Jessica Biel has acted in at least six films.,SUPPORTS
Jennifer Hudson is a coach.,NOT ENOUGH INFO
Joe Hart spent time on loan.,SUPPORTS
"Actress Helen Hunt worked in movies that involved common genres like romance, comedy, drama, and action.",SUPPORTS
Kurt Sutter played Otto Delaney.,SUPPORTS
Boeing 737s serve markets previously filled by other single-aisle airliners.,SUPPORTS
Doug Jones works in television.,SUPPORTS
Broad Green Pictures was audited by a financing company.,NOT ENOUGH INFO
"Tyler, The Creator's fifth album debuted at number three on the US Billboard 200.",NOT ENOUGH INFO
Rhona Mitra is a singer.,SUPPORTS
The Academy Awards are given many times a year.,REFUTES
The Host stars people only born during June.,REFUTES
Isabella of France was a queen.,SUPPORTS
Clementine Chapel is open for Christian pilgrims.,NOT ENOUGH INFO
French is a Western Romance Language.,SUPPORTS
A Thousand Suns was recorded at NRG Recording Studios.,SUPPORTS
Jon Watts is involved in the film industry.,SUPPORTS
FC Barcelona was ranked first in the IFFHS Club World Ranking for 2015.,SUPPORTS
Sofia Coppola works in the film industry.,SUPPORTS
Odin is a god.,SUPPORTS
Charles Woodruff Yost was born on November 1907.,SUPPORTS
Here is the sixth studio record of Alicia Keys.,SUPPORTS
Green Day is not a band.,REFUTES
Ron Swanson married and divorced two people.,SUPPORTS
Dracula is a novel written by someone who is still alive.,REFUTES
"Imperium (2016 film) had, as a director, Daniel Ragussis.",SUPPORTS
Paul Bettany was the director of Captain America: Civil War.,NOT ENOUGH INFO
Patrick Wilson was born before 1973.,REFUTES
The English football league includes Liverpool F.C.,SUPPORTS
Patch Adams (film) is a 1998 creative work.,SUPPORTS
Future and a Canadian singer have collaborated.,SUPPORTS
Arnold Schwarzenegger's breakthrough film was released.,SUPPORTS
Marlon Brando was in a film by by anyone but an American.,REFUTES
The Wachowskis directed all of the seasons of Sense8,REFUTES
Anne Hathaway is a performer.,SUPPORTS
The Council on Foreign Relations is also known as the RFC.,REFUTES
Frank Ocean is a general.,NOT ENOUGH INFO
David Koepp directed Kyle MacLachlan in The Trigger Effect.,SUPPORTS
The Who released at least one single.,SUPPORTS
Elementary has John Noble in its writers' room.,NOT ENOUGH INFO
"The Free State of Prussia replaced the Kingdom of Prussia on October 8, 1918.",NOT ENOUGH INFO
Jesse Eisenberg starred in a movie.,SUPPORTS
Richard Harris sang professionally.,SUPPORTS
James McAvoy worked on a television series.,SUPPORTS
Jared Leto has directed three MTV Video Music Award winning videos.,SUPPORTS
John Wayne Gacy Jr. was involved in crime.,SUPPORTS
There is a website called Youtube.,SUPPORTS
Minos fathered a child.,SUPPORTS
Quentin Tarantino's screenplay formed the basis for a film.,SUPPORTS
Seth MacFarlane is the creator of films.,SUPPORTS
The Hobbit has a genre.,SUPPORTS
Phantoms is a 1998 American science fiction horror film.,SUPPORTS
Istanbul is a village.,REFUTES
Star Trek is a science fiction film.,REFUTES
The Messenger was nominated.,SUPPORTS
In Too Deep is a 1997 crime thriller film.,REFUTES
Dubai is in Saudi Arabia.,REFUTES
Celeste and Jesse Forever was directed by Rashida Jones.,REFUTES
Adele has yet to graduate from the BRIT School for Performing Arts and Technology.,REFUTES
Pregnancy prevents tender breasts.,REFUTES
Venus Williams plays professionally in singles tennis.,SUPPORTS
Enemy is a film.,SUPPORTS
Pompeii had a complex water system that its citizens could use.,NOT ENOUGH INFO
Foo Fighters plays music of the rock genre.,SUPPORTS
Sausage Party is a film that Seth Rogen has done voice work for.,SUPPORTS
Ava DuVernay is not a director.,REFUTES
Colombia is the most densely biodiverse country.,SUPPORTS
Mitt Romney was employed at an American company headquartered in Boston.,SUPPORTS
Hubert Humphrey served in the Senate.,SUPPORTS
Britney Spears appeared in the movie Crossroads.,SUPPORTS
Jennifer Lawrence's films been shown in places.,NOT ENOUGH INFO
"Lincoln Motor Company was founded by an American machinist, and inventor name Henry M. Leland.",SUPPORTS
Mission: Impossible 6 is a movie.,SUPPORTS
Reese Witherspoon's breakthrough novel was Raising Elle Woods.,NOT ENOUGH INFO
Ronaldo Maczinski was born in the 20th century.,SUPPORTS
The Nintendo Switch was released in March 2017 and uses Joy-Con wireless controllers.,SUPPORTS
Michelle Obama never gave a speech at a Democratic National Convention.,REFUTES
Gennady Golovkin represented Kazakhstan at the Olympics.,SUPPORTS
Aishwarya Rai appeared in a film of Tamil cinema.,SUPPORTS
There was a broadcast called A Fine Romance.,SUPPORTS
Sharon Stone starred in Total Recall.,SUPPORTS
Akira Toriyama achieved world recognition for Dr. Slump.,SUPPORTS
Andorra is a country.,SUPPORTS
Troy Baker has pursued being an actor.,SUPPORTS
Felicity Jones is an actress.,SUPPORTS
Neil Young made a cake.,NOT ENOUGH INFO
A Perfect Circle is a country supergroup.,NOT ENOUGH INFO
The Supernatural pilot was written by the series creator.,SUPPORTS
Heartlight was rejected as the name for Diamond's 1982 album.,REFUTES
Ryuk (Death Note) is a character created by Tsugumi Ohba and Takeshi Obata.,NOT ENOUGH INFO
Saamy is a film.,SUPPORTS
Angelina Jolie is a person.,SUPPORTS
Budapest has the seat of the National Assembly of Hungary.,NOT ENOUGH INFO
Cher is a bat.,REFUTES
Mary-Louise Parker received a Golden Globe and other awards.,SUPPORTS
Borrelia afzelii is part of the spirochete genus.,NOT ENOUGH INFO
David Schwimmer was cast in Big Nothing.,SUPPORTS
Melisandre is in the A Song of Ice and Fire series.,SUPPORTS
Matt Kuchar plays on a tour.,SUPPORTS
Lauren Graham is a film actress.,SUPPORTS
Laura Linney was in a movie.,SUPPORTS
Bernard Madoff got the maximum sentence.,SUPPORTS
Christian Bale was born in 1974.,SUPPORTS
Joan of Arc was canonized.,SUPPORTS
Conor McGregor is a presenter for the Ultimate Fighting Championship.,NOT ENOUGH INFO
Star Trek is a film.,SUPPORTS
Carmelo Anthony plays basketball.,SUPPORTS
Nick Nolte was in the cast of Beverly Hills 90210.,NOT ENOUGH INFO
The Weeknd is not a singer.,REFUTES
Emmanuel Adebayor plays football.,SUPPORTS
Adele earned awards.,SUPPORTS
Religions were not traded on the Silk Road.,REFUTES
Jared Padalecki was only in movies.,REFUTES
Travis Scott released an album.,SUPPORTS
Amsterdam Airport Schiphol serves as a base for Spanish airline Vueling.,SUPPORTS
Dileep co-founded Graand Production.,SUPPORTS
Pirates of the Caribbean is set in a fictional future setting.,REFUTES
Calling All the Monsters was released in 1993.,REFUTES
Alien: Covenant is a 2017 film co-written by John Logan and Dante Harper.,SUPPORTS
Love & Friendship is a commercial.,REFUTES
Mark Millar has worked on Rebellion.,NOT ENOUGH INFO
Popeye is a 1980 film.,SUPPORTS
Samantha Robson was born in 1966.,SUPPORTS
Ken Russell was involved with a 1975 British musical fantasy drama film about penguins.,REFUTES
Fantastic Beasts and Where to Find Them premiered in September 2014.,REFUTES
Sofia Coppola's father is Francis Ford Coppola.,SUPPORTS
The Last House on the Left is based on an earlier movie.,SUPPORTS
Deadpool stars Ryan Reynolds as a character.,SUPPORTS
The Strain is on FX.,SUPPORTS
Macbeth was screened at Cannes Film Festival in 1972.,SUPPORTS
Radioactive received two Grammy Awards nominations in 2000.,NOT ENOUGH INFO
"Dhool had, as a director, Dharani.",SUPPORTS
Tokyo Ghoul (film) is adapted from the manga series Tokyo Ghoul.,SUPPORTS
Stockard Channing played Kitty Baxter in The Big Bus (1976).,NOT ENOUGH INFO
A loss of supply affects prime ministers.,SUPPORTS
Canada shares a southern border with the United States.,NOT ENOUGH INFO
Grizz Chapman withdrew from the cast of 30 Rock before the first episode was filmed.,REFUTES
6126 was the name of Lindsay Lohan's clothing line.,SUPPORTS
There are no Western Romance Languages.,REFUTES
Apollo 11 was launched by a Jupiter V rocket.,REFUTES
Manatees are sometimes called wet bulls.,NOT ENOUGH INFO
Ethan Hawke starred in a movie.,SUPPORTS
"Horfield, Bristol is where Cary Grant was born.",SUPPORTS
Grey's Anatomy is not an American primetime series.,REFUTES
Water is a liquid.,SUPPORTS
The Museum of Science and Industry was in the third-most populous city in the United States.,SUPPORTS
Gary Ridgway was employed in Washington.,SUPPORTS
Michael Keaton is a squid.,REFUTES
There is a music group called Soundgarden.,SUPPORTS
Lahore is home to multiple United States national landmarks.,NOT ENOUGH INFO
Dangerously in Love is an album created by one person.,NOT ENOUGH INFO
Cougar Town was an American television sitcom that premiered in 2009.,SUPPORTS
Supernatural's casting period began in October of 2016.,NOT ENOUGH INFO
There are people in Ontario.,SUPPORTS
Muhammad Ali is not a boxer.,REFUTES
Lymelife is a 21st century film.,SUPPORTS
Vincent Cassel has only acted on stage.,REFUTES
"Machete appears in the four Spy Kids films, the Grindhouse fake trailer, and the Machete and Machete Kills films.",SUPPORTS
Marilyn Monroe was an actress.,SUPPORTS
Seth Rogen landed a supporting role in Freaks and Geeks.,SUPPORTS
Google is a multinational tech company.,SUPPORTS
Adrian Molina wrote for Coco.,SUPPORTS
True Detective is a TV show.,SUPPORTS
Acting is a profession practiced by Jessica Chastain.,SUPPORTS
The Super Nintendo Entertainment System is one of Nintendo's home consoles.,SUPPORTS
Pirates of the Caribbean: Dead Men Tell No Tales is a TV episode.,REFUTES
Trolls is a 2016 book.,REFUTES
Adele released an album.,SUPPORTS
The Portuguese Empire is also known as something else.,SUPPORTS
Mark Ruffalo has avoided acting entirely.,REFUTES
Green Arrow is a particular brand of arrow created by Mort Weisinger.,REFUTES
Hawaii is a state.,SUPPORTS
Leyton Orient F.C. is a club.,SUPPORTS
Gianluigi Buffon won an annual competition.,SUPPORTS
Steffi Graf is not an athlete.,REFUTES
Brittany Murphy is dead.,SUPPORTS
Billy Joel released River of Dreams.,SUPPORTS
Borussia Dortmund is a sports club in Germany.,SUPPORTS
Islam is the fastest growing major holiday destination in the world.,REFUTES
Otto Delaney is a role played by Kurt Sutter.,SUPPORTS
Lasse Hallstrom only worked in the medical field.,NOT ENOUGH INFO
Star Wars is a Disney franchise.,NOT ENOUGH INFO
Haitian Creole is based on a language in the Indo-European family.,SUPPORTS
Dileep is an entertainer.,SUPPORTS
The Divergent Series: Allegiant is the first of two filmic sections.,SUPPORTS
The Rolling Stones was not made up of English and Scottish musicians.,REFUTES
Gennady Golovkin holds the title of champion.,SUPPORTS
Cracks is an independent film,SUPPORTS
Hubert Humphrey was the DFL candidate for mayor of the county seat of Hennepin County.,SUPPORTS
Baahubali: The Beginning came out in 2015.,SUPPORTS
"The Pennsylvania Chronicle was founded in Jamestown, Virginia.",REFUTES
Jeremy Irons starred in Elizabeth I in May of 2005.,NOT ENOUGH INFO
There is a precious metal called Gold.,SUPPORTS
Alkaline Trio is a river.,REFUTES
Paul Walker has a son named Thomas.,NOT ENOUGH INFO
The Catalyst is a song.,SUPPORTS
Lee Min-ho is an actor.,SUPPORTS
Gia is about one of America's first supermodels.,SUPPORTS
George A. Romero directed The Crazies.,SUPPORTS
Harvey Kurtzman taught cartooning.,SUPPORTS
Based on a T.R.U. Story is a religion.,REFUTES
Borussia Dortmund is a sports club in Germany.,SUPPORTS
Wayne Rooney is a person.,SUPPORTS
The Avengers (2012 film) features a bishop.,NOT ENOUGH INFO
Nike manufactures equipment.,SUPPORTS
Sunflower (1970 film) was directed by Vittorio De Sica.,SUPPORTS
Akira Toriyama is an artist.,SUPPORTS
John Heard acted in a movie with Nicolas Cage.,SUPPORTS
Ellen Burstyn was in a film.,SUPPORTS
Snowden's cast is mostly American.,SUPPORTS
Michael Jackson was a member of Maroon 5.,NOT ENOUGH INFO
Jeff Goldblum has received nominations for an Emmy and he is American.,SUPPORTS
Whoopi Goldberg is a person.,SUPPORTS
Ellyse Perry is an athlete.,SUPPORTS
Gerald Ford was a vice president.,SUPPORTS
Fox is a major film studio.,SUPPORTS
Judith Barsi died in Spain.,NOT ENOUGH INFO
Dwight D. Eisenhower has two daughters.,NOT ENOUGH INFO
Naomi Watts is a film producer.,SUPPORTS
The Rolling Stones had a bassist.,SUPPORTS
Eddie Vedder is best known as a member of something.,SUPPORTS
A Game of Thrones was written in the country directly under Canada.,SUPPORTS
David Jones (video game developer) founded Realtime Worlds in the early 2000s.,SUPPORTS
Carrie Fisher wrote Postcards from the Edge in 2005.,REFUTES
"Dallol, Ethiopia has been described as a ghost town by world authorities.",SUPPORTS
Paul Thomas Anderson has done films.,SUPPORTS
Michael Phelps was voted by his team to be the flag bearer.,SUPPORTS
Cary Grant has only ever been featured in the film Bridge to Terabithia.,REFUTES
Floyd Mayweather Jr. has yet to be born.,REFUTES
Rosamund Pike acts.,SUPPORTS
Marlon Brando was in a film.,SUPPORTS
Minos fathered a child.,SUPPORTS
Romelu Lukaku graduated Oxford in 2011.,NOT ENOUGH INFO
Seth Rogen was fired as the lead in Funny People.,REFUTES
The Titanic had advanced safety features.,SUPPORTS
Metallica is a group.,SUPPORTS
Jeff Ament is an American who plays rock on the bass guitar.,SUPPORTS
Ricky Martin has acted in television dramas.,SUPPORTS
Judd Apatow has produced films.,SUPPORTS
One of lung cancer's symptoms is pain.,SUPPORTS
Alicia Keys has appeared in a 2007 American comedy-drama film.,SUPPORTS
Jordan Spence plays football.,SUPPORTS
The Rolling Stones made the album Let It Bleed.,SUPPORTS
Beyoncé Knowles acted in Obsessed.,SUPPORTS
Lahore's estimated GDP is $58.14 Billion as of 2014.,SUPPORTS
The Democratic Republic of the Congo has been independent since it was settled.,REFUTES
The United States is 3.8 million square miles.,SUPPORTS
"Tesla, Inc. sells diesel cars.",NOT ENOUGH INFO
Led Zeppelin was inducted into the Rock and Roll Hall of Fame in the second half of the 20th century.,SUPPORTS
Liberty bonds were sold in the United States.,SUPPORTS
Absolute Beginners featured a band formed in 1982.,SUPPORTS
The Greenland shark is a type of sleeper shark.,SUPPORTS
Naturi Naughton is an actress.,SUPPORTS
Charles II of England did not have a Catholic brother.,REFUTES
Katie Holmes was in a play by Arthur Miller.,SUPPORTS
Iain Glen is a person who acts in films.,SUPPORTS
Moscow is a place.,SUPPORTS
Film is something that Steven Spielberg has worked in.,SUPPORTS
The International Space Station serves as a research classroom.,NOT ENOUGH INFO
Poland isn't a parliamentary republic.,REFUTES
Cher is an actor.,SUPPORTS
Calvin Harris has nine top 10 entries on the UK Singles Chart as of 2007.,NOT ENOUGH INFO
"Audrey Horne was introduced in a series that premiered on Sunday, April 8, 1990.",NOT ENOUGH INFO
Justin Timberlake is a singer-songwriter from the United States.,SUPPORTS
Tom Hardy has been in a modern science fiction series.,NOT ENOUGH INFO
Sansa Stark was created by an author and is famous.,SUPPORTS
Fantastic Beasts and Where to Find Them was released worldwide in September 2017.,REFUTES
Connaught Tunnel is under the Selkirk Mountains' Mount Macdonald.,SUPPORTS
Richard Gere starred in an American film.,SUPPORTS
Patton Oswalt is only known for his film acting.,REFUTES
Arya Stark is an athlete.,NOT ENOUGH INFO
Richard Curtis has only ever created a charity in America.,REFUTES
Arsenic and Old Lace was filmed in 1941.,SUPPORTS
Nineteen Eighty-Four is exclusively a poem.,REFUTES
"In 1543, the Philippines were named.",SUPPORTS
Jeff Perry is a person.,SUPPORTS
Dileep is an entertainer.,SUPPORTS
Rachel McAdams starred in the lead role of Spotlight.,SUPPORTS
The Wizard of Oz is from 1948.,REFUTES
"Homeland's cast is one person, John Turturro.",REFUTES
Leonardo DiCaprio is an actor.,SUPPORTS
Prince was a musician.,SUPPORTS
Khal Drogo is an entry level soldier of the Dothraki.,REFUTES
There is a film called Gone with the Wind.,SUPPORTS
Blizzard Entertainment created World of Warcraft.,SUPPORTS
Joan Cusack received a nomination.,SUPPORTS
Diego Luna works in the film industry.,SUPPORTS
Transformers: The Last Knight was directed by committee.,SUPPORTS
Shueisha sells its products primarily in the capital of Japan.,SUPPORTS
"New England has clear, consistent boundaries which include Pennsylvania.",NOT ENOUGH INFO
A Song of Ice and Fire is by anyone except GRRM.,REFUTES
Shahid Kapoor was a talent judge on a show.,SUPPORTS
Northeast megalopolis includes cities.,SUPPORTS
The Golden State Warriors are in the NFL.,REFUTES
Mary Marvel predates Supergirl by more than a decade.,SUPPORTS
Marlon Brando is an actor.,SUPPORTS
Felicity Huffman is a television actress.,SUPPORTS
Katie Holmes has been in only one guest role.,REFUTES
Alicia Silverstone starred in the hit comedy Clueless.,SUPPORTS
Nelson Mandela was an women's rights revolutionary.,NOT ENOUGH INFO
Saif Ali Khan is of male gender.,SUPPORTS
Miley Cyrus's father is Billy Ray Cyrus.,SUPPORTS
American Horror Story is an urban legend.,REFUTES
Demi Lovato released a memoir in 2014.,SUPPORTS
Bohemian Rhapsody was a single.,SUPPORTS
Bonnie Hunt narrated Cheaper by the Dozen.,SUPPORTS
Transformers: Age of Extinction was around in 2010.,REFUTES
Red's screenplay was written solo by Jon Nolan.,REFUTES
Mexico City is in Canada.,REFUTES
The first season of Game of Thrones had people as part of the cast.,SUPPORTS
Jeffrey Dahmer was a cannibal.,SUPPORTS
Noam Chomsky co-wrote Graduation.,NOT ENOUGH INFO
Attack the Block is a work of art.,SUPPORTS
Toy Story 3 ruined the Academy Award for Best Animated Feature.,NOT ENOUGH INFO
Count Basie took his orchestra to the third-most populous city in the United States in 2000.,REFUTES
Thomas DeSimone has only ever been a law-abiding citizen.,REFUTES
"Michelle Obama's date of birth is January 14th, 1964.",REFUTES
How to Lose Friends & Alienate People stars an actor.,SUPPORTS
Star Wars: The Force Awakens has only one producer.,REFUTES
Solange Knowles is an actress.,SUPPORTS
Stranger than Fiction was decreed in 2006.,NOT ENOUGH INFO
Soundgarden was a national park.,REFUTES
The Great Buck Howard is American.,SUPPORTS
Suicide Kings is a mystery crime TV series.,SUPPORTS
Blake Edwards refused to direct anything.,REFUTES
Yamaha Corporation produces musical instruments.,SUPPORTS
Randy Orton is a professional wrestler for WWE.,SUPPORTS
There is an activist named Russell Brand.,SUPPORTS
Lahore is the location of the Hanging Gardens of Babylon.,REFUTES
Wi-Fi Certified is a free term.,REFUTES
Helena Bonham Carter is unable to act in movies.,REFUTES
Donald Sutherland is a person.,SUPPORTS
Criminal Minds is set in Connecticut.,REFUTES
Edgar Allan Poe was a raven.,REFUTES
Hippocrates was only called Hippocrates.,REFUTES
Dhoom 3 was directed by Satyajit Ray.,REFUTES
Andorra is a country.,SUPPORTS
"Anaheim, California is a city with smallest population  among other cities in Orange County.",REFUTES
Lana Del Rey released a single.,SUPPORTS
Unforgettable is a film.,SUPPORTS
Inhumans's main character is a mutant.,SUPPORTS
Richard Burbage existed as an actor.,SUPPORTS
Iceland has no economy.,REFUTES
Theodore Roosevelt walked out at one movie.,NOT ENOUGH INFO
Grace Jones performed in a film.,SUPPORTS
The Narrows stars a squid.,NOT ENOUGH INFO
Mark Hamill has voiced characters in cartoons exclusively.,REFUTES
Justin Trudeau attended The Polytechnique Montréal.,SUPPORTS
There are evidence suggesting that all dinosaurs lay unfertilized eggs.,NOT ENOUGH INFO
Ezra Edelman is a director of documentaries.,SUPPORTS
Bahrain consists of a small archipelago centered around Mahmoud Darwish.,NOT ENOUGH INFO
Slovenia is a city.,REFUTES
Claudia Leitte is a performer.,SUPPORTS
Radiohead is a troupe.,REFUTES
"Woody Allen is an American director, writer, actor, comedian, playwright, and musician.",SUPPORTS
Tupac Shakur was recording an album in Las Vegas.,NOT ENOUGH INFO
"The Los Angeles Lakers were nicknamed ""HBO.""",NOT ENOUGH INFO
The library of public record is the National Library of India.,SUPPORTS
Juana la virgen is a telenovela from Venezuela.,SUPPORTS
Reba McEntire has a career in the music industry.,SUPPORTS
Harald V of Norway died in 1968.,REFUTES
Supernatural is a series focusing on unreal elements.,SUPPORTS
Michael Caine was not in any science fiction films.,REFUTES
Adam Driver was in a movie.,SUPPORTS
An actress from the United States starred in Joy.,SUPPORTS
The Twilight Saga's first installment was released in 2008.,SUPPORTS
Elvis Presley lived in a mansion.,SUPPORTS
Billie Jean King was an athlete.,SUPPORTS
Celeste and Jesse Forever stars Jensen Ackles.,NOT ENOUGH INFO
Beauty Shop lacks a talk show host.,REFUTES
Don Simpson and Jerry Bruckheimer produced at least one film together.,SUPPORTS
Randy Orton is a performer.,SUPPORTS
Daisy Ridley is in Star Wars sequel trilogy.,SUPPORTS
Catching Fire is part of a series.,SUPPORTS
The US Billboard Hot 100 chart has featured Calvin Harris.,SUPPORTS
Kristen Stewart received widespread recognition in 2008.,SUPPORTS
Kate Beckinsale starred alongside Christian Bale.,SUPPORTS
Raphael Bob-Waksberg is a person.,SUPPORTS
The Flash has multiple seasons.,SUPPORTS
Her stars English actress Olivia Wilde.,REFUTES
Tigers are featured in ancient folklore.,SUPPORTS
Gil Sharone portrayed a character on an episode of a sitcom made by Jeff Franklin.,SUPPORTS
Charlie Chaplin worked as a stage actor in Shakespearean dramas.,NOT ENOUGH INFO
Rogue appears in Canadian comic books.,NOT ENOUGH INFO
Arsenic and Old Lace was released in 1944.,SUPPORTS
Life After Death is by a person.,SUPPORTS
Boardwalk Empire plays on the cable channel HBO.,SUPPORTS
Northeast megalopolis includes Portland.,NOT ENOUGH INFO
IPhone 3G includes a communication device (especially a mobile phone) that supports multiple radio frequency bands called tri-band UMTS/HSDPA.,SUPPORTS
Kiefer Sutherland has appeared exclusively in American drama films.,REFUTES
RMS Titanic was a train.,REFUTES
Daniel Craig acted in British street theatre.,NOT ENOUGH INFO
Claire Danes is a star of Homeland.,SUPPORTS
Craig Middlebrooks is a character in an American political drama television sitcom.,SUPPORTS
WeChat includes payment services.,SUPPORTS
Jonathan Hensleigh directed a film.,SUPPORTS
50 Cent released Animal Ambition in 2014.,SUPPORTS
The Beatles were a car company.,REFUTES
John Cena is a farmer.,NOT ENOUGH INFO
"American Horror Story: Hotel came out of DVD on January 13, 2016.",NOT ENOUGH INFO
Alison Brie works as an actress.,SUPPORTS
Elizabeth II is the world's heaviest elephant.,REFUTES
Bill Gates was a person.,SUPPORTS
The Academy Awards are unrelated to the Academy's voting membership.,REFUTES
Emily Blunt is an entertainer.,SUPPORTS
Turkey ended accession negotiations with the European Union.,REFUTES
The Void was originally crowdfunded on Indiegogo in 2009.,NOT ENOUGH INFO
Ji Chang-wook acts.,SUPPORTS
"In 1993, Pablo Escobar was shot and killed.",SUPPORTS
Joaquin Phoenix campaigns for societal reform.,NOT ENOUGH INFO
Doctor Who has a writer named Toby Whithouse.,SUPPORTS
One single by The Who was re-released as part of the band's 25th anniversary tour.,NOT ENOUGH INFO
The Murder of Roger Ackroyd is a science fiction.,NOT ENOUGH INFO
Franklin D. Roosevelt started the development of an explosive device that derives its destructive force from nuclear reactions.,SUPPORTS
Jon Snow is played solely by Michael Keaton.,REFUTES
Tom Hardy wasn't in In Arabia We'd All Be Kings.,REFUTES
Saif Ali Khan was employed in a drama with many characters.,SUPPORTS
James McAvoy has been in movies.,SUPPORTS
"In 2012, Yelp existed.",SUPPORTS
The Resident Evil franchise has a television series.,NOT ENOUGH INFO
My Everything peaked in the top ten of twenty countries worldwide.,SUPPORTS
Lymelife was created by siblings.,SUPPORTS
Kris Kristofferson collaborated with songwriters.,SUPPORTS
Shah Rukh Khan was unable to play the lead role in the film that was his Bollywood debut.,REFUTES
The Silence of the Lambs is a film.,SUPPORTS
Emilio Estevez has worked with other actors.,SUPPORTS
Fernando Alonso is a driver.,SUPPORTS
Philip Seymour Hoffman has a Golden Award.,NOT ENOUGH INFO
Richard Gere starred in an American film from 1982.,SUPPORTS
"David Beckham began playing professional football in Manchester, England.",SUPPORTS
Amy Sherman-Palladino is the creator of media.,SUPPORTS
Spotlight exists.,SUPPORTS
Dennis Hopper was a person.,SUPPORTS
"American Horror Story: Hotel premiered on October 16, 2015.",REFUTES
Clint Eastwood played a role.,SUPPORTS
Gabrielle Union is in Think Like a Man.,SUPPORTS
Attack on Titan was adapted by a visual novel computer software company in Japan into a video game.,SUPPORTS
Dr. Dre has a label.,SUPPORTS
28 Days (film) has Elizabeth Perkins as a costar.,SUPPORTS
1971 was the year when Jared Leto was born.,SUPPORTS
Journey was originally a prog rock band.,SUPPORTS
Connie Britton was in the fifth season of American Crime Story.,NOT ENOUGH INFO
Maisie Williams is a person who acts.,SUPPORTS
Billy Bob Thornton appeared in a film directed by Charlie Kaufman.,NOT ENOUGH INFO
Bruce Lee was in The Game of Death.,SUPPORTS
Teen Wolf was renewed for a season.,SUPPORTS
G-Dragon released an album.,SUPPORTS
The Boeing 777 is the newest family of jet airliners released by Boeing.,NOT ENOUGH INFO
Amelia Earhart's full name was Amelia Mary Earhart.,SUPPORTS
Lee Child writes novels.,SUPPORTS
OK Computer was recorded by the Goo Goo Dolls.,REFUTES
Way of the Dragon had Bruce Lee in it.,SUPPORTS
Jerry Seinfeld acts.,SUPPORTS
Gabrielle Union is in the movie industry.,SUPPORTS
Some people in Tanzania speak Swahili.,SUPPORTS
"Poland is located in Central Europe, north of Slavakia.",NOT ENOUGH INFO
Slovakia is not between Western Europe and Eastern Europe.,REFUTES
Stone Temple Pilots had an original member that was born on September 7.,REFUTES
Roger Federer is a player of the sport tennis.,SUPPORTS
The Coen brothers have yet to win the Academy Award for Best Picture.,REFUTES
Boeing 737s serve markets previously filled by 727 and 707 airliners.,SUPPORTS
Ellyse Perry plays sports.,SUPPORTS
RMS Titanic was a truck.,REFUTES
Bill Gates is Russian.,NOT ENOUGH INFO
Harrison Ford is a character in Star Wars sequel trilogy.,SUPPORTS
Didier Drogba is a sheep.,REFUTES
Charles Woodruff Yost was a United States Ambassador to the United Nations for two years.,SUPPORTS
Gorillaz took a eight-year hiatus.,NOT ENOUGH INFO
"In the show Nashville, Hayden Panetierre was Juliette Barnes.",SUPPORTS
American Gods was worked on for production by Bryan Fuller and Michael Green.,SUPPORTS
Kapil Sharma is an Indian man.,SUPPORTS
Thomas Haden Church directed the film Rolling Kansas.,SUPPORTS
Green Day makes music.,SUPPORTS
Denis Leary is an actor.,SUPPORTS
Alessia Cara debuted in the film Know-It-All.,NOT ENOUGH INFO
Machu Picchu was located in the Americas.,SUPPORTS
Vacation stars a child actor.,SUPPORTS
Donald Glover released an album titled Tubthumper.,NOT ENOUGH INFO
VHS was released in 1976.,SUPPORTS
Jim Carrey is a person.,SUPPORTS
A quarry is where construction aggregate has been processed.,NOT ENOUGH INFO
The Museum of Science and Industry had French attendees in 2009.,NOT ENOUGH INFO
Jake Gyllenhaal is in La La Land.,NOT ENOUGH INFO
Orange County is in Southern California.,SUPPORTS
Lady Gaga is an artist.,SUPPORTS
Bradley Cooper is a movie producer.,SUPPORTS
Dominick Dunne was an author.,NOT ENOUGH INFO
G-Dragon formed a duo with rapper T.O.P.,SUPPORTS
David Schwimmer received zero Emmy nominations for Outstanding Supporting Actor in a Limited Series or Movie.,REFUTES
Apple Inc.'s consumer software includes the iLife creativity and productivity suite.,SUPPORTS
Citadelle Laferrière is in the Dominican Republic.,REFUTES
Matt Damon received an Emmy Award nomination for Behind the Candelabra.,SUPPORTS
The Hundred-Foot Journey (film) is without actors.,REFUTES
Sam Walton's middle name was Moore.,SUPPORTS
River Pheonix is not involved in films.,REFUTES
Neil Young worked with groups.,SUPPORTS
There is a song named Bohemian Rhapsody.,SUPPORTS
Justified lost an award.,NOT ENOUGH INFO
Genghis Khan did not have an empire.,REFUTES
Whiplash features the actor J. K. Simmons.,SUPPORTS
John Hartford wrote Gentle on My Mind.,SUPPORTS
Zayn Malik is a musician.,SUPPORTS
"On June 8th, 2016, Maria Sharapova was suspended.",SUPPORTS
Jack Reacher (film) was directed and written by Christopher McQuarrie.,SUPPORTS
Colin Farrell is an actor.,SUPPORTS
Arnold Vinick is played by an American actor who was born in the 1930s.,SUPPORTS
Happiness was a movie that Philip Seymour Hoffman was in.,SUPPORTS
"Mediterranean cuisine's core trio is time, place, and location.",REFUTES
Based on a T.R.U. Story won Best Rap Album.,REFUTES
King Kong was produced by a person.,SUPPORTS
Adherents of Christianity are called Christians.,SUPPORTS
Lindsay Lohan refuses to get involved with movies.,REFUTES
Delta Air Lines operates a regional service.,SUPPORTS
Dead Man Down stars Noomi Rapace.,SUPPORTS
Season 15 of the American television show Family Guy was premiered in the United States.,SUPPORTS
Animal Farm received a Retrospective Hugo Award.,SUPPORTS
Eddie Redmayne appeared in a film.,SUPPORTS
Randy Orton is a person.,SUPPORTS
J. Cole founded a record label.,SUPPORTS
London is a region of the world.,NOT ENOUGH INFO
Kristen Bell is an American actress and singer.,SUPPORTS
Artemis was a goddess.,SUPPORTS
Geraldine Chaplin is an actress in films.,SUPPORTS
The Himalayas has some of its mountains in a country that borders China.,SUPPORTS
Wayne Rooney is part of a soccer team.,SUPPORTS
Mariah Carey has a five-octave vocal range.,SUPPORTS
System of a Down has sold over 40 million records worldwide.,SUPPORTS
The Nile drains through Russia.,NOT ENOUGH INFO
Michael Caine was in the Dark Knight trilogy.,SUPPORTS
Heidi Klum did not make a cameo appearance in Perfect Stranger.,REFUTES
John Glenn was the first person who was American to circle the Earth.,SUPPORTS
"In New York, the New York Giants are based.",SUPPORTS
Killer whales can be found in a variety of marine environments since 2006.,NOT ENOUGH INFO
The 84th Academy Awards winners included The Help.,SUPPORTS
Long Road Out of Eden had How Long on it.,SUPPORTS
Sweden has one official language.,NOT ENOUGH INFO
Liv Tyler never acted.,REFUTES
Lisa Kudrow was in Dr. Dolittle 2.,SUPPORTS
The Bible contains early Christian Greek writings.,NOT ENOUGH INFO
Scanline VFX is credited for Super 8.,SUPPORTS
United States Senate contains different political parties,SUPPORTS
Francois de Belleforest translated the works of Saint Cyprian into French and he was French.,SUPPORTS
Baylor University had Willie Nelson as a student.,SUPPORTS
Larry Buttrose wrote The Maze of the Muse.,SUPPORTS
Journey is a band.,SUPPORTS
As You Like It stars nobody.,REFUTES
Sarah Silverman wrote for a sketch comedy show.,SUPPORTS
The Twilight Zone is a television series.,SUPPORTS
Steve Irwin was a twin.,NOT ENOUGH INFO
Mitt Romney worked at an American firm headquartered in Boston.,SUPPORTS
Boris Karloff contributed to the NAACP.,NOT ENOUGH INFO
Jim Parsons is in The Big Bang Theory.,SUPPORTS
Snooki is Canadian.,NOT ENOUGH INFO
Scabies is an infestation.,SUPPORTS
Dolly Parton was in the cast of the movie 9 to 5.,SUPPORTS
Outlander (TV series) discontinued after the first episode of season one.,REFUTES
Didier Drogba has achieved all-time top score.,SUPPORTS
Donald Glover never released an album.,REFUTES
Feeling sick may be experienced from viewers from viewing Shaky camera motion videos.,SUPPORTS
The Crazies is a light hearted comedy.,REFUTES
Chernobyl disaster was a nuclear accident.,SUPPORTS
Cancer can be prevented by drinking too much alcohol.,REFUTES
Alpha House's inspiration is Senator Dick Durbin.,SUPPORTS
Albania is a member of France.,REFUTES
Saratoga failed to be produced and so no actors were included.,REFUTES
Imagine Dragons is a band that plays rock.,SUPPORTS
Timothy Olyphant was in the entertainment industry.,SUPPORTS
A Song of Ice and Fire is by someone.,SUPPORTS
Oscar Wilde was one of London's least popular playwrights.,REFUTES
Pablo Fenjves ghostwrote for someone.,SUPPORTS
Soundgarden was a Seattle rival of Pearl Jam.,NOT ENOUGH INFO
The Carolina Panthers is based in North Carolina.,SUPPORTS
Miley Cyrus portrayed Miley Stewart.,SUPPORTS
Paul Pogba made it to the 2015 Anime Boston Convention.,NOT ENOUGH INFO
Denis Leary is a writer.,SUPPORTS
Heroin is used as a drug.,SUPPORTS
Italy is a parliamentary republic.,SUPPORTS
Transformers: Age of Extinction stars Mark Wahlberg as one of the lead roles.,SUPPORTS
Michelle Rodriguez has won an Academy award.,NOT ENOUGH INFO
FC Barcelona was awarded five trophies.,SUPPORTS
Gwen Stefani works in the music industry.,SUPPORTS
Give Me Everything is the second single from Pitbull's Planet Pit.,SUPPORTS
Kid A is an album by Radiohead.,SUPPORTS
The Uruguay national football team plays football.,SUPPORTS
Linda Schuyler's birth year in 1948.,SUPPORTS
Ethan Hawke starred in a movie.,SUPPORTS
Natalie Wood starred in a remake of From Here to Eternity.,SUPPORTS
Jennifer Garner was in a film.,SUPPORTS
Heidi Klum is an assassin.,REFUTES
Ben Affleck began his campaign as a child.,NOT ENOUGH INFO
Neil Armstrong commanded Apollo 11.,SUPPORTS
Life Is Peachy was released in 1996.,SUPPORTS
Scooby-Doo is a fictional character.,SUPPORTS
Transformers: Age of Extinction was released in 2014 and received bad reviews.,SUPPORTS
The Kinect is an input device for the Xbox One.,SUPPORTS
Black Panther is a motion picture.,SUPPORTS
The 84th Academy Awards' winners included Midnight in Paris.,SUPPORTS
Bela Lugosi is an actor.,SUPPORTS
Sally Field was nominated for Golden Globe awards.,REFUTES
Optical products are sold by Seiko.,SUPPORTS
Snoop Dogg released Doggumentary in March of 2011.,SUPPORTS
Naomi Watts was in a movie.,SUPPORTS
Clint Eastwood acts.,SUPPORTS
42 is an American novel.,REFUTES
Diary of the Dead is an iPhone.,REFUTES
FC Barcelona is a European rapper.,REFUTES
George Cukor was born in July of 1899.,SUPPORTS
A.J. Cook was featured in Final Destination 2.,SUPPORTS
Lisa Kudrow was only an author.,REFUTES
One of Naga Chaitanya's films was directed by Gautham Menon.,SUPPORTS
Nineteen Eight-Four is a novel.,SUPPORTS
Got a Girl is an American pastime.,NOT ENOUGH INFO
Ben Affleck is American.,SUPPORTS
Mithun Chakraborty was in a popular Hindi-language film.,REFUTES
Foxcatcher was nominated for a Golden Globe for Best Picture in 2013.,NOT ENOUGH INFO
Ginger Baker was a part of the band Cream.,SUPPORTS
Kangana Ranaut's feature film debut was in Chinese cinema.,REFUTES
Huntington's disease is caused by influenza in 90% of cases.,REFUTES
Yale School of Drama was forgotten in 1924.,SUPPORTS
Lust for Life is about the illustrator Vincent Van Gogh.,NOT ENOUGH INFO
The Shield was the alias of Michael Chiklis.,REFUTES
William Jennings Bryan was an American politician.,SUPPORTS
Andrew Jackson was from Virginia.,NOT ENOUGH INFO
New England is included in the U.S. Census Bureau and is very cultured.,NOT ENOUGH INFO
The most populous city of Denmark is Copenhagen.,SUPPORTS
Trent Reznor creates music.,SUPPORTS
Austria is a film.,REFUTES
The Caracazo took place in Caracas and the surrounding towns.,SUPPORTS
South park was created by Americans.,SUPPORTS
Vegemite is the only type of spread.,REFUTES
Jeremy Allen White was born on the 18th.,REFUTES
Sherlock is on TV.,SUPPORTS
Colm Feore is an American-Canadian actor.,SUPPORTS
Thomas Pynchon published stories.,SUPPORTS
Hawaii is the thirteenth-most densely populated state in the United States.,SUPPORTS
Thinkin Bout You went platinum.,SUPPORTS
A Los Angeles Lakers player was Kareem Abdul-Jabbar.,SUPPORTS
Armenia was contained within IIkhanate.,SUPPORTS
Jared Leto has directed music videos for a band.,SUPPORTS
Hacksaw Ridge was produced by Mel Gibson.,NOT ENOUGH INFO
The Wolf of Wall Street became a meme.,NOT ENOUGH INFO
2001: A Space Odyssey was edited almost entirely in England in 2006.,REFUTES
Evonne Goolagong Cawley is a tennis player.,SUPPORTS
Gold is soft.,SUPPORTS
Bangladesh is the largest part of the Bengal region.,SUPPORTS
"Con Man (web series) is a comedy web series created by an American voice actor, Alan Tudyk.",SUPPORTS
Baby Driver was written and directed by Edgar Wright.,SUPPORTS
Ed Solomon writes.,SUPPORTS
Catching Fire has a character.,SUPPORTS
Meghan McCain is Californian.,NOT ENOUGH INFO
Norway has large reserves of fresh water.,SUPPORTS
England is home to Chelsea F.C.,SUPPORTS
Radiohead has an album.,SUPPORTS
Serena Williams is a Grand Slam winner.,SUPPORTS
Nat Faxon was in a boat crash.,NOT ENOUGH INFO
David Bowie has an album.,SUPPORTS
Naga Chaitanya was in a movie.,SUPPORTS
Annie Parisse is Buddhist.,NOT ENOUGH INFO
Christopher Marlowe is a person.,SUPPORTS
Shifty was written and directed by Eran Creevy.,SUPPORTS
Snoop Dogg has an album.,SUPPORTS
Seven Days in May features Ava Gardner.,SUPPORTS
The Vampire Diaries was on the American television network The CW.,SUPPORTS
The 2014 WTA Finals was the 39th edition of the doubles tennis competition.,REFUTES
The Challenge was a reality game show.,SUPPORTS
Kid Rock is a musician.,SUPPORTS
Red Hot Chili Peppers formed in May of 1983.,NOT ENOUGH INFO
Anne Hathaway had a role in the graveyard.,NOT ENOUGH INFO
Arrow is a book series.,REFUTES
Demi Moore was taking a hiatus from acting in 1997.,REFUTES
Grace Jones's style drew on reggae and she was successful.,SUPPORTS
Novak Djokovic has been awarded a Bronze medal.,SUPPORTS
Futurama is a TV show.,SUPPORTS
Kate Nash has been on the same record label for her entire career.,REFUTES
Monica Seles played tennis.,SUPPORTS
George Lucas founded a television visual effects company.,SUPPORTS
Bradley Cooper has yet to appear in a satirical romantic comedy film.,NOT ENOUGH INFO
Paul Bettany is married to Jennifer Connelly.,SUPPORTS
Sansa Stark was created by aliens.,REFUTES
Christian Bale acted in American films.,SUPPORTS
Wikipedia articles cover many different vital topics.,SUPPORTS
Demi Lovato starred in Cadet Kelly.,NOT ENOUGH INFO
Gianluigi Buffon won the Supercoppa Italiana in June of 1999.,SUPPORTS
The Invention of Lying's cast includes Jonah Hill.,SUPPORTS
Toy Story is only a television show.,REFUTES
Broadchurch has at least two episodes.,SUPPORTS
Abraham Lincoln was assassinated in 1865.,SUPPORTS
Isis is an Egyptian goddess.,SUPPORTS
Detroit was in southern New France.,NOT ENOUGH INFO
London is also seen as expensive.,NOT ENOUGH INFO
"In 1937, Ron Cobb was born.",SUPPORTS
Mel Gibson did not play a lead role in Gallipoli.,REFUTES
Wayne Rooney is an athlete.,SUPPORTS
The Beach Boys are not a band.,REFUTES
Hillary Clinton was one of the presidential candidates.,SUPPORTS
SpaceX is private.,SUPPORTS
Just My Luck (2006 film) features an American actress and singer born in 1986 in a lead role.,SUPPORTS
The Houston Rockets have been the winners of two NBA championships.,SUPPORTS
Journey is a band from America.,SUPPORTS
Ruth Negga appeared in a film.,SUPPORTS
The Simpsons was one of two American animated sitcoms that were created by Matt Groening.,SUPPORTS
Elizabeth Taylor was an actress.,SUPPORTS
Sian Brooke is a British actress.,SUPPORTS
Ultimate Spider-Man was named Greatest of All Time by Sports Illustrated.,NOT ENOUGH INFO
Jamie Foxx is a performer.,SUPPORTS
"Agatha Christie died on January 12, 1976.",SUPPORTS
Don Henley is incapable of being a solo artist.,REFUTES
Marta Kauffman is a producer.,SUPPORTS
Pierce Brosnan was in the remake of The Bicycle Thieves.,NOT ENOUGH INFO
Adele has a Diamond album.,SUPPORTS
Shantel VanSanten is American.,SUPPORTS
Maid in Manhattan was an American movie released in 2002.,SUPPORTS
Nicole Kidman was the highest-paid religious figure of 2006.,NOT ENOUGH INFO
Hungary is a member of the AIIB.,SUPPORTS
Quentin Tarantino made the motion picture Reservoir Dogs.,SUPPORTS
Ken Russell only directed a 1955 American science fiction-horror film.,REFUTES
Planet of the Apes (1968 film) has three scenes in a desert.,NOT ENOUGH INFO
Passengers is only a book.,REFUTES
Leukemia usually begins in the thyroid.,NOT ENOUGH INFO
Dileep (actor) assisted Kamal.,SUPPORTS
Romelu Lukaku is a player for Belgium.,SUPPORTS
Rebecca Hall appeared in People magazine.,NOT ENOUGH INFO
Jerry Lewis is anything but a screenwriter.,REFUTES
Lisa Kudrow starred in a series.,SUPPORTS
Avengers: Age of Ultron was released in Iowa.,NOT ENOUGH INFO
Lay (entertainer) is Japanese.,REFUTES
The Hunger Games is a car.,REFUTES
Robert Browning was born.,SUPPORTS
Will Ferrell wrote Talladega Nights with inside jokes.,NOT ENOUGH INFO
Leonardo Bonucci was named the Serie A Footballer of the Year in 2014.,NOT ENOUGH INFO
The Hobbit was written by a person.,SUPPORTS
Motown records released the album Diana.,SUPPORTS
Nineteen Eighty-Four was written by George Orwell.,SUPPORTS
Into the Woods received zero nomination.,REFUTES
Arnold Vinick is played by Alan Alda on The West Wing.,SUPPORTS
Gillian Jacobs has only appeared in the film Brother Nature.,SUPPORTS
Alfre Woodard acted on television for 30 years.,NOT ENOUGH INFO
Ron Perlman does voice acting,SUPPORTS
Jessica Chastain acted off Broadway.,SUPPORTS
Steve Buscemi was denied any role in the film Fargo.,REFUTES
Rob Lowe is an actor.,SUPPORTS
The Man in the High Castle is a novella.,REFUTES
Arkham Asylum's patients include Clayface.,SUPPORTS
Moses Malone was on an NBA team.,SUPPORTS
Babe Ruth played baseball.,SUPPORTS
Tardigrade are not human.,SUPPORTS
Royal Rumble (2002) was only an amateur wrestling event.,REFUTES
Girls' Generation was formed by a South Korean entity.,SUPPORTS
"Stratford, London is in England.",SUPPORTS
Gunday was written and directed by Ali Abbas Zafar.,SUPPORTS
"In the mid-1980s, John Cusack made one of his earliest film roles.",SUPPORTS
Anorexia nervosa affected 200 more people in 2013 than in 1990.,SUPPORTS
Brave is a film.,SUPPORTS
Braveheart won an Academy Award.,SUPPORTS
Ryan Gosling is near the headquarters of Invisible Children.,NOT ENOUGH INFO
Daddy Yankee is a website.,REFUTES
Hilda Ellis Davidson was a grandmother.,NOT ENOUGH INFO
Aaron Taylor-Johnson is in a film about the manager of the most corrupt campaign in history.,NOT ENOUGH INFO
Ronald Reagan was a person.,SUPPORTS
James Bond is a government agent.,SUPPORTS
Transformers (film) is an American city.,REFUTES
Denmark's government and national parliament is located in Copenhagen.,SUPPORTS
Michael McCullers is a filmmaker.,SUPPORTS
"Kevin Spacey has yet to be the artistic director of a theater in London, England.",SUPPORTS
"Windsor, Ontario is in a novel.",NOT ENOUGH INFO
Matt Sorum is a member of velvet revolver.,SUPPORTS
Kangana Ranaut acts.,SUPPORTS
Jocelyn is part of the full name of Cara Delevingne.,SUPPORTS
Whoopi Goldberg is black.,SUPPORTS
Kid Rock is a songwriter.,SUPPORTS
Just My Luck (2006 film) stars an American actor born in the nineteen eighties.,SUPPORTS
Loki is a deity in Norse mythology.,SUPPORTS
Jesus became a central figure of Christianity.,SUPPORTS
Desert and mountains are in Texas's Big Bend.,SUPPORTS
Kate Nash is a writer.,SUPPORTS
Singapore is dominated by the PAP.,SUPPORTS
Derrick Rose is a New York Knicks player in the NBA.,SUPPORTS
The New York Times is published.,SUPPORTS
Audrey Hepburn starred in Sabrina.,SUPPORTS
Lions are in Tunisia.,NOT ENOUGH INFO
Lionel Messi won the FIFA World Player of the Year award in 2011.,NOT ENOUGH INFO
Nelson Mandela was an uncle.,NOT ENOUGH INFO
Judy Greer's birthday is July 20.,SUPPORTS
Alicia Silverstone received a multimillion-dollar deal with Columbia Pictures after the success of Clueless.,SUPPORTS
Cara Delevingne was involved with a thriller film called London Fields.,NOT ENOUGH INFO
American Gods was developed by two American screenplay writers.,SUPPORTS
The Invention of Lying was released in 1998.,REFUTES
Grand Theft Auto V is unable to be an open world game.,REFUTES
Nat Faxon is a writer.,SUPPORTS
The Houston Rockets have won two NBA championships in their 30 years as part of the organization.,NOT ENOUGH INFO
Italy has the third largest population size in the Eurozone.,NOT ENOUGH INFO
Daniel Craig only works with British directors.,REFUTES
"The Hangover Part III includes Bradley Cooper, Ed Helms, Zach Galifianakis, Justin Bartha, and Ken Jeong, Jeffrey Tambor, Heather Graham, Mike Epps, Melissa McCarthy and John Goodman.",SUPPORTS
Samuel L. Jackson has appeared in films.,SUPPORTS
Roger Federer plays a sport.,SUPPORTS
The Messenger was released.,SUPPORTS
Charlie Rubin has written for several newspapers.,NOT ENOUGH INFO
Novak Djokovic is a tennis player.,SUPPORTS
John Kiffmeyer used to be in a punk rock band.,SUPPORTS
Rhode Island along with the other states ratified the Articles of Confederation.,SUPPORTS
Foo Fighters was created by a name reported by aircraft pilots.,SUPPORTS
"At ten years of age, Hayden Panettiere starred in a Disney feature film.",SUPPORTS
Daniel Day-Lewis has spent his entire life in China.,REFUTES
Gianluigi Buffon was an Italian soccer player.,SUPPORTS
Ulysses S. Grant served under the first President of the United States.,REFUTES
Laura Prepon is an actress.,SUPPORTS
Eagles second live album was released.,NOT ENOUGH INFO
The Bachelorette (season 13) is shown on the ABC channel.,SUPPORTS
Emily Blunt is an artist.,SUPPORTS
George W. Romney's teacher is an American businessman and politician.,NOT ENOUGH INFO
Andrew Stanton only writes novels.,REFUTES
Thanos is a character that appeared in video games.,SUPPORTS
Count Basie took his orchestra to Chicago for a long engagement in 2000.,NOT ENOUGH INFO
Niall Horan wrote songs for One Direction.,SUPPORTS
House of 1000 Corpses is the name of a film company.,REFUTES
J. Cole attended an American hip hop recording school.,NOT ENOUGH INFO
David Carradine acted in a critically acclaimed martial arts movie.,NOT ENOUGH INFO
The killer whale is the largest member of the oceanic dolphin family.,SUPPORTS
The brown bear is of the Ursidae family.,SUPPORTS
Supernatural is an American Senator.,REFUTES
The Landnámabók is about Iceland.,SUPPORTS
Theodore Roosevelt was born in 1919.,REFUTES
Marilyn Monroe was an actress.,SUPPORTS
Peer Astrom writes songs.,SUPPORTS
David Beckham played professional football.,SUPPORTS
The film The Thief featured Ray Milland.,SUPPORTS
Alphabet works in different fields.,SUPPORTS
Meghan McCain was named a co-host of an American nighttime news and talk show.,NOT ENOUGH INFO
Return to Paradise is a drama-thriller poem.,REFUTES
Pirates of the Caribbean (film series)'s second film was subtitled Dead Man's Chest.,SUPPORTS
Gemini is a 2002 film.,SUPPORTS
Dwyane Wade was in the All-Star team.,SUPPORTS
Liv Tyler never acted.,REFUTES
Future is Canadian.,REFUTES
Joan of Arc is a national symbol.,SUPPORTS
Tanzania is in America.,REFUTES
"In 1993, Al Gore took office as Vice President.",SUPPORTS
Line of Duty is not a British TV series.,REFUTES
"Suleiman the Magnificent oversaw the ""Silver"" age of the Ottoman Empire.",NOT ENOUGH INFO
Horseshoe Falls is along the Mexico-US Border.,REFUTES
Kris Wu is a Canadian director.,NOT ENOUGH INFO
Monica Seles is an ethnic Hungarian.,SUPPORTS
"Cupid (2009 TV series) stopped airing on Tuesday, June 16th, 2009.",SUPPORTS
Broadchurch is a show on television.,SUPPORTS
The Gray wolf is threatened by tigers.,SUPPORTS
Ghostbusters premiered in 1916.,REFUTES
The International Court of Justice is hosted in The Netherlands.,SUPPORTS
Major League Soccer is still active in Canada after fifty years.,NOT ENOUGH INFO
Tanya Roberts was named on the 15th.,NOT ENOUGH INFO
The Aegean Sea is connected to the Black Sea.,SUPPORTS
Jonathan Hensleigh's middle name is Derek.,REFUTES
Mirka Federer is a Swiss citizen.,NOT ENOUGH INFO
The Wolfman (2010 film) was directed by the American director and former effects artist Joe Johnston.,SUPPORTS
The 2016 Summer Olympics was held in Rio de Janeiro.,SUPPORTS
A division of Davis Entertainment is television.,SUPPORTS
Saratoga includes actors.,SUPPORTS
Beasts of the Southern Wild was nominated for Best Actress at the 85th Academy Awards.,SUPPORTS
Jessica Chastain is in an industry.,SUPPORTS
Liverpool F.C. had an annual hockey of $391 million in 2014.,REFUTES
Stanley Tucci was born in the 1960s.,SUPPORTS
Leighton Meester is only a singer.,REFUTES
Leyton Orient F.C. is a club.,SUPPORTS
Ozzy Osbourne's total cupcake sales are over 100 million.,NOT ENOUGH INFO
Olivia Munn was credited as Lisa Munn and was a person.,SUPPORTS
Gopi Sunder received an award for his work on a Malayalam thriller.,SUPPORTS
"Ron Perlman birth date is April 13, 1950.",SUPPORTS
To Die for features a cameo by a film director.,SUPPORTS
Borussia Dortmund's colors are faded.,NOT ENOUGH INFO
Maria Sharapova's test for meldonium was positive.,SUPPORTS
Mark Cuban is not a philanthropist.,REFUTES
The Supremes were a group.,SUPPORTS
Unapologetic is by a Jamaican singer.,REFUTES
Green Day won five Grammy Awards.,SUPPORTS
Baahubali: The Beginning is a 2015 Indian film.,SUPPORTS
Indian was solely produced by Mel Gibson.,REFUTES
Pablo Fenjves ghostwrote for a poet.,NOT ENOUGH INFO
The Smurfs began filming.,SUPPORTS
Kenneth Branagh is a movie director.,SUPPORTS
The Italian language is spoken in at least one country.,SUPPORTS
Princess Margaret had a bout of pneumonia in 1993.,SUPPORTS
There are different types of movies that American actress Helen Hunt starred in.,SUPPORTS
"On August 16, 1977, Elvis Presley suffered a heart attack.",SUPPORTS
Sage Stallone was only a film actor.,REFUTES
Hawaii is the eighth-smallest state in the United States.,SUPPORTS
Grand Theft Auto clone is a video game subgenre.,SUPPORTS
Glenn Frey didn't sing rock music.,REFUTES
Paul Walker danced in the film Eight Below.,NOT ENOUGH INFO
Mike Tyson's weight class was heavy.,SUPPORTS
Samoa Joe is a farmer.,NOT ENOUGH INFO
London does not have entertainment.,REFUTES
Jerry Lewis was born as Joseph Levitch.,SUPPORTS
Floyd Mayweather Jr. has yet to be born.,REFUTES
North Korea has subsidies and funds.,SUPPORTS
In Dubious Battle starred Zach Braff.,SUPPORTS
Dan Aykroyd appeared in a movie Alfred Uhry wrote.,SUPPORTS
Neil Patrick Harris has been the host of the Oscars.,SUPPORTS
Franklin D. Roosevelt attended a school in the United States.,SUPPORTS
Clint Eastwood is a person who directs.,SUPPORTS
Kurt Angle wrestles.,SUPPORTS
Directing is a profession of D. B. Weiss.,SUPPORTS
The Formula (1980 film) was released in November 1980.,NOT ENOUGH INFO
Aaliyah was a United States citizen.,SUPPORTS
Boeing 737s serve markets previously filled by MD-80/MD-90 and DC-9 airliners.,SUPPORTS
Tré Cool is North American.,SUPPORTS
Angelina Jolie is a person.,SUPPORTS
The Vampire Diaries isn't a television series.,REFUTES
Killer whales can only be found in cold seas.,REFUTES
Kaitlin Olson completed college in 2005.,NOT ENOUGH INFO
Dwayne Johnson can't act.,REFUTES
Marlon Brando was in a film.,SUPPORTS
Born Naked reached the US Billboard's Dance/Electronic Albums list's fourth position.,SUPPORTS
George W. Bush received the highest recorded presidential approval ratings after the September 11 shows.,SUPPORTS
Are You Experienced is an album by an Iranian-Saudi Arabian rock band.,REFUTES
Michael Keaton is a squid.,REFUTES
Leonard Cohen was a person.,SUPPORTS
Stephen Hawking is a scientist.,SUPPORTS
Tunisia contains the Lake of Tunis.,NOT ENOUGH INFO
The Jackson family is a family.,SUPPORTS
Tanzania is not a highly multilingual country.,REFUTES
Martina Hingis is a person.,SUPPORTS
The Olympic Games has two different events.,SUPPORTS
Scarlett Johansson acted in North.,SUPPORTS
Queen Latifah is from the United States.,SUPPORTS
Andrew Jackson was a person.,SUPPORTS
One Direction made music.,SUPPORTS
Steven Tyler is in Aerosmith.,SUPPORTS
Michael Schumacher is a racing driver.,SUPPORTS
Melanie Griffith won a BAFTA.,NOT ENOUGH INFO
James A. Woods starred in a television show written by Myles Hainsworth.,NOT ENOUGH INFO
Green Day is a punk rock musical group.,SUPPORTS
Leslie Groves was the overseer of the construction of the Pentagon.,SUPPORTS
Jeff Bezos is not a philanthropist.,REFUTES
Brian Lynch was the beginning writer for Angel: After the Fall.,SUPPORTS
The Hunger Games is a convention.,REFUTES
Coldplay is a music group.,SUPPORTS
Outlander is based on a novel series.,SUPPORTS
Rio de Janeiro is not a metropolis.,REFUTES
Coldplay have supported various social and political causes including Amnesty International and Oxfam.,SUPPORTS
Shinsegae is a department store.,SUPPORTS
The Muse is a 1999 film.,SUPPORTS
In Her Shoes was adapted from a novella.,REFUTES
Black Mirror is a show.,SUPPORTS
Aaliyah's birth place was New York.,SUPPORTS
Kristen Stewart starred in comedies exclusively.,REFUTES
Schindler's List received an award.,SUPPORTS
Bob Dylan has been inducted into the Nashville Songwriters Hall of Fame.,SUPPORTS
The Place Beyond the Pines is a film with at least one genre.,SUPPORTS
Adolf Hitler died in 1945.,SUPPORTS
Rebecca Ferguson was in a British television drama series in the 2010s.,SUPPORTS
Bermuda is an island.,SUPPORTS
The Invention of Lying features a performance by American actor Jonah Hill.,SUPPORTS
David Thewlis is an English Orthodox Christian.,NOT ENOUGH INFO
The Sopranos is a show.,SUPPORTS
Ben Stiller was in a movie.,SUPPORTS
Despicable Me's animation studio was acquired by a Russian animation film production company.,REFUTES
Bentley markets sports cars.,SUPPORTS
Diana Ross was in the Cookies.,NOT ENOUGH INFO
Aishwarya Rai portrayed a passionate artist in a Tamil romance.,SUPPORTS
Mike Tyson was victorious.,SUPPORTS
Santorini is an island.,SUPPORTS
Rogue sometimes adopts the name Natasha.,NOT ENOUGH INFO
No Escape had a successful opening weekend in the United States.,NOT ENOUGH INFO
The Gadsden flag was named after Christopher Gadsden.,SUPPORTS
Matthew Vaughn co-wrote Stardust (2007 film).,SUPPORTS
Maria I of Portugal did not exist to witness the 5 October 1910 Revolution.,SUPPORTS
David Arquette worked with a director.,SUPPORTS
John Mayer plays music.,SUPPORTS
Cher is a bat.,REFUTES
Denial premiered at the Sundance Film Festival.,REFUTES
The Democratic Republic of the Congo is a country.,SUPPORTS
Chester Bennington is not a singer.,REFUTES
"In Burundi, there are a number of registered parties.",SUPPORTS
Whitey Bulger's sentence was consecutive life sentences plus five years.,SUPPORTS
Shakira is a founder.,NOT ENOUGH INFO
There is an online role-playing game called World of Warcraft.,SUPPORTS
Richard III was an English king.,SUPPORTS
The Void is not a film.,REFUTES
Vincent Cassel starred in a movie.,SUPPORTS
James McAvoy refused to work on any British television drama series.,REFUTES
Jerry Lewis is a Russian.,NOT ENOUGH INFO
One Direction has won the MacAuthor Genius Grant.,NOT ENOUGH INFO
Ryan Phillippe was married to Emma Watson.,NOT ENOUGH INFO
Citalopram uses the brand name Cipramil.,SUPPORTS
Lee Min-ho is an actor.,SUPPORTS
Natalie Wood is an American citizen.,SUPPORTS
Billy Joel released River of Dreams.,SUPPORTS
Abraham Lincoln was a politician.,SUPPORTS
"George W. Bush's brother, Jeb, served as the 43rd Governor of Florida.",SUPPORTS
Macaulay Culkin appears in a Michael Jackson music video.,SUPPORTS
The United States Naval Academy is an academy for training commissioned officers.,SUPPORTS
Marilyn Monroe is still alive and resides in Los Angeles.,REFUTES
Taylor Kitsch is a performer.,SUPPORTS
Prince released the platinum-selling album Purple Rain in March 2004.,REFUTES
Katrina Kaif works in China.,REFUTES
Tom Cruise won an award.,SUPPORTS
Takers cast Idris Elba.,SUPPORTS
Nikolaj Coster-Waldau is an actor.,SUPPORTS
"San Jose, California is in the Untied States.",SUPPORTS
Myles Kennedy formed a band in Washington.,SUPPORTS
Will Ferrell wrote screenplays with a comedian.,SUPPORTS
Vanilla Sky stars a Spanish actress.,SUPPORTS
Scott Eastwood worked for a company that got acquired by Coty Prestige company.,SUPPORTS
Glenn Close appeared in both plays and musicals.,SUPPORTS
Assassin's Creed is a political party.,REFUTES
Ramadan is when the king was revealed.,NOT ENOUGH INFO
FC Barcelona was opposed by Joan Gamper.,REFUTES
John Cusack has been in High Fidelity.,SUPPORTS
Drake (musician) is incapable of creating music.,REFUTES
The Leftovers is a book series.,REFUTES
Monica Seles played tennis.,SUPPORTS
Passengers was released worldwide.,SUPPORTS
The Doctor has the gift of regeneration into new lives.,SUPPORTS
Roger Federer held the award for only a year.,REFUTES
Tyrion Lannister is a character.,SUPPORTS
The Godfather Part III stars Diane Keaton.,SUPPORTS
Josh Homme has nothing to do with any rock band.,REFUTES
Jessica Chastain is in the music industry.,NOT ENOUGH INFO
Leonardo da Vinci is a twin.,NOT ENOUGH INFO
Detroit is a city.,SUPPORTS
Ron Perlman is a horror movie.,REFUTES
Jeff Ament is an American.,SUPPORTS
Kanye West produced Alicia Keys for several years.,SUPPORTS
Moana is a Disney movie.,SUPPORTS
Paris is the son of King Priam and he is important to Greek literature.,SUPPORTS
Led Zeppelin were a musical group.,SUPPORTS
The Battle of Corinth brought about the full destruction of Corinth.,SUPPORTS
Babe Ruth played in the minor-league for his college.,REFUTES
Warm Leatherette is by a supermodel and by a singer.,SUPPORTS
Manchester City F.C. is a football club.,SUPPORTS
Lexmark manufactures laser printers and imaging products.,SUPPORTS
Marie Curie was a Catholic.,NOT ENOUGH INFO
Here is by a human.,SUPPORTS
Until 1965 the Jim Crow laws were enforced.,SUPPORTS
Borrelia afzelii is among 50 known species of Borrelia.,REFUTES
Jordan Peele has no occupation.,REFUTES
Heartbreak Ridge was produced by an actor.,SUPPORTS
Katrina Kaif is in Indian films.,SUPPORTS
Rabat is Morocco's second wealthiest city.,NOT ENOUGH INFO
Ireland is mountainous.,SUPPORTS
Alicia Silverstone had a 10 million dollar deal with Columbia Pictures.,NOT ENOUGH INFO
Aaron Taylor-Johnson is in a film.,SUPPORTS
Saswata Chatterjee works in film.,SUPPORTS
Dennis Hopper was not an actor.,REFUTES
Nigeria has the largest economy in Africa.,SUPPORTS
The wendigo is outside of the northeastern forests of the Atlantic Coast.,NOT ENOUGH INFO
"The West Wing was created by an American screenwriter, producer, and playwright name Aaron Sorkin.",SUPPORTS
Lionel Messi was the recipient of a gold medal at the 2008 Olympics.,SUPPORTS
Seth MacFarlane is a person.,SUPPORTS
Michelle Rodriguez portrayed a character in the second season of an American television drama series.,SUPPORTS
Monarch of the Glen is a British drama.,SUPPORTS
Apple was founded in 1979.,REFUTES
Ontario contains Lake Erie.,SUPPORTS
Never Go Back is by a British real estate agent.,NOT ENOUGH INFO
Marcus Allen's brother is a former professional quarterback.,SUPPORTS
"In Captain America: Civil War, Vision was played by Paul Bettany.",SUPPORTS
Screen actress Helen Hunt directed the American film Then She Found Me.,SUPPORTS
Ozzy Osbourne has citizenship in two countries.,NOT ENOUGH INFO
Leonardo da Vinci is considered one of the greatest painters of all time by contemporary artists.,NOT ENOUGH INFO
Alison Brie starred in Get Hard alongside Will Ferrell.,SUPPORTS
The People vs. Larry Flynt stars only actors who only do acting.,REFUTES
Midwestern Gothic publishes essays.,SUPPORTS
Beyoncé was named the Top Radio Songs Artist of the Decade.,SUPPORTS
Emily Blunt papal names are Olivia Leah.,REFUTES
My Summer of Love is an American drama film.,REFUTES
Coldplay is from Britain.,SUPPORTS
Kapil Sharma is a frog.,REFUTES
The Strangers starred an American actress in 2008.,SUPPORTS
Gwen Stefani was in a band.,SUPPORTS
Bruno Mars is a best-selling musical artist.,SUPPORTS
Omar Sharif was fluent exclusively in Hebrew.,REFUTES
Paul Thomas Anderson directed a movie.,SUPPORTS
Richard Dreyfuss has won an award at the Golden Globes.,SUPPORTS
"Charles, Prince of Wales was born on January 1, 2013.",REFUTES
Bill Nye has no employment history with a corporation.,REFUTES
Dangerously in Love debuted on the US Billboard 200 chart.,SUPPORTS
Richard Nixon was a part of politics.,SUPPORTS
Michelle Williams has stayed away from an acting entirely.,REFUTES
A Perfect Circle is a Canadian supergroup.,REFUTES
Austria has a Declaration of Neutrality.,SUPPORTS
Patricia Lea ``Patty'' Jenkins was born in the 70's.,SUPPORTS
Kangana Ranaut lost nine nonconsecutive National Film Awards for Best Actress.,NOT ENOUGH INFO
Carice van Houten is an actress.,SUPPORTS
David Schwimmer is a television actor.,SUPPORTS
Back to the Future II is a sequel.,SUPPORTS
Nepal had fertile plains where farmers work hard.,NOT ENOUGH INFO
The Meyerowitz stories stars a cat.,NOT ENOUGH INFO
Taraji P. Henson is a dancer.,NOT ENOUGH INFO
Willie Nelson has been involved in activism.,SUPPORTS
The Divergent Series: Allegiant stars Marco Rubio.,NOT ENOUGH INFO
Richard Gere starred in a musical film.,SUPPORTS
Sarah Paulson received an award nomination.,SUPPORTS
Gayathri Raguram started working.,SUPPORTS
Mike Tyson was knocked out.,SUPPORTS
Stevie Nicks was only a member of Ween.,REFUTES
Saamy is an American film.,REFUTES
Christian Bale acted in American films.,SUPPORTS
"Each term of the President of Iraq is four years, with two terms maximum.",SUPPORTS
Hawaii is a US export.,NOT ENOUGH INFO
Ty Cobb spent 22 seasons as the quarterback for the Detroit Tigers.,REFUTES
"Melbourne is recognized by the United Nations Educational, Scientific and Cultural Organization.",SUPPORTS
Bill Cosby appeared in a show that aired on television.,SUPPORTS
One Direction made music.,SUPPORTS
Selena Gomez's second solo album is called Revival.,SUPPORTS
Lance Armstrong did not race between 2010 and 2011.,REFUTES
Emma Roberts was born on February 10th.,SUPPORTS
Hugh Jackman plays D&D when not filming.,NOT ENOUGH INFO
Many actors have played the Doctor.,SUPPORTS
"Lady Gaga's album, The Fame, featured ""Just Dance"" & ""Poker Face"".",SUPPORTS
Tiger Woods is one of the most successful golfers of all time.,SUPPORTS
Lion's writer was Luke Davies.,SUPPORTS
Gwen Stefani released an album.,SUPPORTS
Good Will Hunting starred American actor Matt Damon.,SUPPORTS
Nick Nolte was in the cast of at least one movie.,SUPPORTS
Cleopatra's lover was a person.,SUPPORTS
Genghis Khan did not have an empire.,REFUTES
Toy Story 3 has an upcoming prequel.,REFUTES
"Logan's screenplay was written by James Mangold, Scott Frank, and Michael Green.",SUPPORTS
An MTV award was awarded to Ludacris.,SUPPORTS
Eat Pray Love is a 2010 biographical film.,SUPPORTS
A Few Good Men is directed by a man.,SUPPORTS
Keisuke Honda plays sports.,SUPPORTS
John McEnroe was a tennis player.,SUPPORTS
An Oscar for Best Director was won by Rain Man.,SUPPORTS
Instagram supports videos.,SUPPORTS
Moana is not a Disney movie.,REFUTES
RB Leipzig plays the least popular German sport.,REFUTES
BRIT School is in the Milky Way Galaxy.,NOT ENOUGH INFO
Azerbaijan contains people with occupations.,NOT ENOUGH INFO
Zooey Deschanel plays instruments.,SUPPORTS
Claire Danes is a star of Homeland.,SUPPORTS
Istanbul is not a world center.,NOT ENOUGH INFO
Cara Delevingne had a minor role as Kath Talent in a thriller film.,SUPPORTS
Tré Cool is vegan.,NOT ENOUGH INFO
RB Leipzig is based in Europe.,REFUTES
José Aldo is vegan.,NOT ENOUGH INFO
Carmelo Anthony is Spanish.,NOT ENOUGH INFO
Amy Adams appeared in a film directed by Tim Burton.,REFUTES
Boromir is mentioned in The Return to Middle Earth.,NOT ENOUGH INFO
Heather Watson is from Great Britain.,SUPPORTS
The Democratic Party has some members that define themselves as moderate.,NOT ENOUGH INFO
Justin Bieber is among the world's best-selling musicians.,SUPPORTS
Thor: The Dark World is a British film.,REFUTES
The Bourne Supremacy is a film.,SUPPORTS
Lana Del Rey's music has been noted for its preoccupation with themes of comedic romance.,NOT ENOUGH INFO
Chris Carter has a Walt Disney television career.,SUPPORTS
Billy Bob Thornton oversaw the direction of Daddy and Them.,SUPPORTS
There is a film called Deadpool with Morena Baccarin part of it.,SUPPORTS
Ratatouille is the 5th film produced by Pixar.,REFUTES
Shakira is only a mechanic.,REFUTES
Brian Wilson was a member of a rock band.,SUPPORTS
X-Men (film) has a cast name Ian Mckellen.,SUPPORTS
Josh Hartnett is a performer.,SUPPORTS
Adrian Molina is a songwriter.,REFUTES
Mel Gibson directed a movie that won an Academy Award for Best Film Editing.,SUPPORTS
Nelson Mandela was a human.,SUPPORTS
Ted Kaczynski committed violent acts against his own country.,SUPPORTS
Kurt Angle is an athlete.,SUPPORTS
The human condition is analyzed in Renaissance history.,NOT ENOUGH INFO
The Ozarks are a geological highland region.,SUPPORTS
Arrested Development ate six Primetime Emmy Awards.,NOT ENOUGH INFO
Joan of Arc was canonized.,SUPPORTS
Jean Grey was featured in several games.,SUPPORTS
Artemis was a goddess.,SUPPORTS
Fairy Tail is a Japanese anime.,SUPPORTS
Charlize Theron acted in a movie.,SUPPORTS
Octavia Spencer worked on the 2014 animated movie Get on Up.,NOT ENOUGH INFO
Passengers was released.,SUPPORTS
Robert J. O'Neill (U.S. Navy SEAL) taught a former special warfare operator.,NOT ENOUGH INFO
Born Naked was written by RuPaul.,SUPPORTS
John Constantine is a Marvel comics character.,REFUTES
Lymelife is a 2008 beverage.,REFUTES
Hawaii is the 11th least populous state in the United States.,SUPPORTS
Anne Hathaway played the character Mia Thermopolis.,SUPPORTS
"Since the 1960s, Colombia has eliminated armed conflict.",REFUTES
The queen of Denmark is Margrethe II.,NOT ENOUGH INFO
One Direction made music.,SUPPORTS
Stephen Rider acted in the series Lucky 7 on CBS.,SUPPORTS
Kristen Stewart starred in comedies exclusively.,REFUTES
"Even in the absence of symptoms, diagnosis of Huntington's disease can be carried out.",SUPPORTS
Tony Blair was elected in July 1994.,SUPPORTS
Ruth Negga is a television actress.,SUPPORTS
Levi Miller made his major film debut as the star character Peter Pan.,SUPPORTS
Brock Lesnar is signed to a Japanese mixed martial arts promotion.,REFUTES
Leonardo DiCaprio is an actor.,SUPPORTS
Adrian Molina has worked on films that were animated.,SUPPORTS
John Connally was a Secretary of the Navy.,SUPPORTS
Robert F. Kennedy defeated Senator Eugene McCarthy in the California primaries.,SUPPORTS
Black Widow is the only character published by Marvel Comics.,REFUTES
Pirates of the Caribbean: Dead Men Tell No Tales was delayed five times.,NOT ENOUGH INFO
Henrietta Maria of France only ever married a commoner.,REFUTES
Joe Biden served on the Judiciary Committee when Ruth Bader Ginsburg was nominated for Supreme Court.,NOT ENOUGH INFO
Francis Ford Coppola is a film director.,SUPPORTS
Heinrich Himmler never held a position in the Nazi Party.,REFUTES
Bradley Cooper was in a commune.,NOT ENOUGH INFO
Boyz II Men was a musical group.,SUPPORTS
Nikolaj Coster-Waldau played Frank Pike in Virtuality.,SUPPORTS
Kris Wu is a Canadian actor.,SUPPORTS
Maria I of Portugal's birth year is 1734.,SUPPORTS
"Arnold Schwarzenegger's breakthrough film as an actor, Conan the Barbarian, was released in 1982.",NOT ENOUGH INFO
Scarlett Johansson is an actress in films.,SUPPORTS
Basketball's objective is to shoot a ball through a hoop for points.,SUPPORTS
Bran Stark is from a series of fantasy novels.,SUPPORTS
Charles Dance portrayed Alastair Denniston in the film The Imitation Game.,SUPPORTS
Oh Yeon-seo was born in 1945.,REFUTES
Catching Fire has a character.,SUPPORTS
Laurence Olivier won five Daytime Emmys.,NOT ENOUGH INFO
David Simon produces.,SUPPORTS
Legion was created in the 21st century.,SUPPORTS
David Schwimmer graduated from police academy.,NOT ENOUGH INFO
Susan Atkins was a California inmate.,SUPPORTS
Bran Stark is a character in a series of novels.,SUPPORTS
Criminal Minds premiered as a TV show.,SUPPORTS
Genghis Khan unified tribes.,SUPPORTS
Galaxy Quest is a horror movie.,REFUTES
Jennifer Grey is an American.,SUPPORTS
Perth is an Australian capitol city.,SUPPORTS
Elvis & Nixon stars Colin Hanks.,SUPPORTS
Montreal is a sports team.,REFUTES
Jennifer Grey stars in a web television series.,SUPPORTS
Alice is a work.,SUPPORTS
American Horror Story had a season.,SUPPORTS
The Great Buck Howard is rarely American.,REFUTES
Maggie Smith hasn't appeared in any films.,REFUTES
The Greenland shark has a skeleton.,NOT ENOUGH INFO
The script for Red was written by Jon and Erich Hoeber.,SUPPORTS
Detroit is the 21st-most populous city in Canada.,REFUTES
The Wild Thornberrys is a show.,SUPPORTS
William McKinley served as a lawyer in the United States.,NOT ENOUGH INFO
Under Siege contains Casey Ryback.,SUPPORTS
The Boeing 777 is the country's longest-range airliner.,SUPPORTS
Diego Luna was born in Canada.,NOT ENOUGH INFO
Connaught Tunnel is zero miles long.,REFUTES
Wyatt Earp worked to extract minerals from a bonanza.,NOT ENOUGH INFO
Dark Places stars two actors born in the seventies.,SUPPORTS
Your Highness stars an actor.,SUPPORTS
Led Zeppelin were a group.,SUPPORTS
The Wire had multiple episodes.,SUPPORTS
Leonardo DiCaprio is an actor.,SUPPORTS
"Gabrielle Union is in The Brothers, Deliver Us from Eva, Daddy's Little Girls, Think Like a Man, Think Like a Man too, Bad Boys II, Cradle 2 the Grave, Neo Ned, Cadillac Records, and Top Five.",SUPPORTS
The Prestige stars Rebecca Hall.,SUPPORTS
Collision Course is a name.,SUPPORTS
Miley Cyrus's only album ever is Bangerz.,REFUTES
Battle Studies World Tour was unassociated with John Mayer.,REFUTES
Tatiana Maslany starred in a Canadian TV series.,SUPPORTS
Jennifer Jason Leigh had a role in a film directed by Uli Edel.,SUPPORTS
There is a band called The Beach Boys.,SUPPORTS
Florence Ballard is an accountant.,NOT ENOUGH INFO
Naruto is a Japanese comic series written and illustrated by Masashi Kishimoto.,SUPPORTS
Elementary has a character.,SUPPORTS
There is a music video director named Mark Romanek.,SUPPORTS
Katie Stevens is a person.,SUPPORTS
Kid Rock writes songs.,SUPPORTS
Cher is one of the best-selling music artists in music history.,SUPPORTS
Nikita (TV series) aired in the United States.,SUPPORTS
The Smurfs is an unproduced screenplay.,REFUTES
Stanley Kubrick is not a director.,REFUTES
Lewis Hamilton has an F1 championship.,SUPPORTS
Maggie Gyllenhaal is an actress.,SUPPORTS
Connie Britton joined the cast of Nashville in 2015.,REFUTES
"At the Tony Awards, Liev Schreiber won an honor.",SUPPORTS
Andrew Stanton has been incapable to work on animated movies his entire life.,REFUTES
An ESPN biography program rated Muhammad Ali as the third greatest athlete of the 20th century.,SUPPORTS
Jacki Weaver worked on a film.,SUPPORTS
Ronaldo Maczinski's birthday is May 11.,REFUTES
Gopi Sunder received an award.,SUPPORTS
Chris Evans (actor) made his debut as a director in 2014 with a made for tv film.,REFUTES
Elton John is a writer.,SUPPORTS
Tony Blair was involved in a process in Northern Ireland.,SUPPORTS
"Gwen Stefani's band was from San Francisco, California.",NOT ENOUGH INFO
Laurence Olivier received 12 Academy Awards.,REFUTES
Everton F.C. is African.,NOT ENOUGH INFO
Gunday is a film.,SUPPORTS
International Relations includes many subject matters.,SUPPORTS
Eminem was a member of a hip hop group.,SUPPORTS
John Connally was a Democrat.,SUPPORTS
Mark Hamill failed to play Luke Skywalker.,REFUTES
Martin Freeman is a Repubican.,NOT ENOUGH INFO
Ricin comes from animals.,REFUTES
Outlander features the Jacobite risings.,SUPPORTS
Tipper Gore is an artist.,SUPPORTS
Water occurs in nature.,SUPPORTS
Kanye West produced.,SUPPORTS
"Frank Zappa was a guitarist, pianist, and singer.",NOT ENOUGH INFO
Melisandre appeared in Westeros.,SUPPORTS
"Conan O'Brien hosts Conan, an American late-night talk show.",SUPPORTS
Iceland is geologically active.,SUPPORTS
Amaze Entertainment had an American CEO.,NOT ENOUGH INFO
Christie Brinkley has been sued four times.,NOT ENOUGH INFO
Sade is an artist.,SUPPORTS
Jennifer Garner starred in the romantic comedy 13 Going On 30 in 2004.,SUPPORTS
Lionel Messi won an accolade at the 2005 FIFA World Youth Championship.,SUPPORTS
"The Who's first single was ""Look What You Made Me Do.""",REFUTES
Paul Bettany is married to a film actress.,SUPPORTS
Sally Field was in a movie.,SUPPORTS
5 Grammies have been won by Elton John.,SUPPORTS
Mark Hamill has voiced characters.,SUPPORTS
Sally Field was a performer.,SUPPORTS
Mission: Impossible is a television show.,SUPPORTS
One fashion model was Hannah Simone.,SUPPORTS
Will Ferrell was in an American musical comedy film.,SUPPORTS
The Twilight Zone was created by an American screenwriter and playwright.,SUPPORTS
The happiness of the United States is only 4.3% of the world total.,NOT ENOUGH INFO
Alicia Silverstone was in Batman and Robin.,SUPPORTS
Paul Newman is a road racer.,SUPPORTS
Slovenia is a state of the United States of America.,REFUTES
The former president of Iraq is Saddam Hussein.,SUPPORTS
Role-playing games can be conducted through character acting.,SUPPORTS
Mark Hamill is a performer.,SUPPORTS
"Sleeping Beauty premiered on a date between May 11 and 22, 2011.",SUPPORTS
Edward I of England failed to suppress a rebellion in Wales.,REFUTES
Pirates of the Caribbean is a film series.,SUPPORTS
"In Brazil, notaries of every state are required to perform same-sex marriages since 2013.",SUPPORTS
Cheyenne Jackson acts.,SUPPORTS
The X Factor is a show.,SUPPORTS
The Illusionist is a film in the romantic mystery genres.,SUPPORTS
Cara Delevingne is a college graduate.,NOT ENOUGH INFO
Architect is John Nash's profession.,SUPPORTS
The Miami Marlins are a part of a pro sports organization.,SUPPORTS
William R. Tolbert Jr. died in Poland.,NOT ENOUGH INFO
Taraji P. Henson never won a SAG Award.,REFUTES
Travis Barker is a person.,SUPPORTS
Kurt Angle is a person.,SUPPORTS
Lady Gaga has dedicated her every waking moment to the culinary arts.,REFUTES
As You Like it was released in 2003.,REFUTES
Matthew Modine has avoided the acting profession entirely.,REFUTES
Radiohead has three albums released.,SUPPORTS
Italy has succeeded in avoiding any wars.,REFUTES
Texas Longhorns men's basketball participates in things.,SUPPORTS
Marlon Brando was in a Technicolor film and he was American.,SUPPORTS
Azerbaijan has those who can read.,SUPPORTS
Jensen Ackles is known for his roles in television as Jason Teague in The Simpsons.,REFUTES
FC Barcelona was formed in the 1890s.,SUPPORTS
Mike Tyson was a cruiserweight.,NOT ENOUGH INFO
Steve Buscemi has appeared in films.,SUPPORTS
Neighbors stars the actress Rose Byrne.,SUPPORTS
Donald Sutherland is an actor in movies.,SUPPORTS
Jamie Foxx is a comedian and he acts.,SUPPORTS
Jing Tian is Chinese.,SUPPORTS
Beyoncé was named the Top Radio Songs Artist of the Decade.,SUPPORTS
The World According to Paris starred Brooke Mueller.,SUPPORTS
Eminem performs as a hip-hop artist.,SUPPORTS
All original members of Stone Temple Pilots were born in September.,REFUTES
Mary-Louise Parker received a Golden Globe and other awards.,SUPPORTS
Adele is the first woman artist to simultaneously have two albums in the top five of the Billboard 200 and two singles in the top five of the Billboard Hot 100.,SUPPORTS
Catching Fire is a sequel to The Hunger Games.,SUPPORTS
Zeus had parents.,SUPPORTS
Harley Quinn is the lover of the Joker.,SUPPORTS
Liverpool F.C. has won a championship.,SUPPORTS
Richard III of England died at the age of 32.,SUPPORTS
Cosmos: A Spacetime Odyssey secured studio support thanks to Seth MacFarlane.,NOT ENOUGH INFO
Plato's teacher was a classical Greek philosopher.,SUPPORTS
Avatar was released.,SUPPORTS
Courtney Love appeared in Japan.,NOT ENOUGH INFO
Paul Feig directed a comedy film written by two women.,NOT ENOUGH INFO
Beauty and the Beast is a lawyer.,REFUTES
Crystal Palace F.C. won a contest in 1991.,SUPPORTS
David Carradine was an actor in an American martial arts film.,SUPPORTS
One Direction is a band comprising of boys.,SUPPORTS
There is a film called Cheaper by the Dozen.,SUPPORTS
Liev Schreiber is a director.,SUPPORTS
Michael Giacchino is musically illiterate.,REFUTES
That's So Raven debuted on Broadway.,REFUTES
Rajon Rondo received an annual NBA honor given since the 1968-69 president election.,NOT ENOUGH INFO
Adolf Hitler was named near Linz.,NOT ENOUGH INFO
There is a song called Just Dance.,SUPPORTS
"United States contains Washington D.C., New York City, Los Angeles, Chicago, Dallas, Houston, Philadelphia, Miami, Atlanta, Boston, and San Francisco.",SUPPORTS
Brenda Song stars in the Suite Life Movie.,SUPPORTS
Boston has many four-year colleges.,SUPPORTS
Ridley Scott is the director of a film.,SUPPORTS
Tori Kelly was killed in 1992.,REFUTES
George Orwell is only a singer.,REFUTES
"Vallejo, California is in the United States.",SUPPORTS
There is a character named Casey Ryback.,SUPPORTS
Night Attack at Târgovişte was ended by Vlad III the Impaler of Wallachia.,NOT ENOUGH INFO
The Punisher is also called Steve Rogers.,REFUTES
Azerbaijan was the first democratic republic in the Muslim world.,SUPPORTS
Giacomo Casanova died in April.,REFUTES
Leonardo da Vinci is an artist.,SUPPORTS
"The September 11 attacks took place in Manhattan, New York City.",NOT ENOUGH INFO
KFC is only located in America.,REFUTES
Maggie Gyllenhaal starred in the movie Frank.,SUPPORTS
Anna Kendrick made her film debut in a period drama.,REFUTES
Samuel L. Jackson has acted in over 100 movies.,SUPPORTS
London was originally named Londinium.,SUPPORTS
A dictatorship was imposed by the Committee of Public Safety during the French Revolution in 1593.,REFUTES
Emily Ratajkowski is a producer.,NOT ENOUGH INFO
Tony Blair won a general election in 1999.,NOT ENOUGH INFO
KFC did not go through many changes in corporate ownership.,REFUTES
Gennady Golovkin holds a title.,SUPPORTS
Steve Jobs was a man.,SUPPORTS
Frank Sinatra released his debut album in May 1946.,REFUTES
Tupac Shakur married Lesane Parish Crooks.,REFUTES
Winona Ryder has not been in American films.,REFUTES
Cerebral palsy is American.,REFUTES
Roger Penrose shared a prize with Stephen Hawking.,SUPPORTS
Edgar Award honors the best in mystery fiction.,SUPPORTS
Joseph Fiennes is from London.,NOT ENOUGH INFO
Italy is uninhabited.,NOT ENOUGH INFO
Marlon Brando was in a film adapted from a work.,SUPPORTS
Scarlett Johansson is considered one of Hollywood's modern wrestling icons.,NOT ENOUGH INFO
Foo Fighters are a rock band.,SUPPORTS
Islam is a religion.,SUPPORTS
Scarlett Johansson is an actress.,SUPPORTS
Howard Stern hosts a talk radio show on Sirius XM.,SUPPORTS
"One World Trade Center's structure was planned on August 30, 2012.",REFUTES
Hayden Panettiere was in a splatter film.,NOT ENOUGH INFO
Gift of the Night Fury stars the voice of an American musician.,SUPPORTS
Pixar developed the image-rendering application RenderMan.,SUPPORTS
Gwen Stefani won a American Music Award.,SUPPORTS
"Tesla, Inc. is a manufacturer of cars.",SUPPORTS
A production company founded in 1989 produced G.I. Jane.,SUPPORTS
"Eugenio Canfari was born on April 16, 1877.",SUPPORTS
Barbara Bush worked to advance the cause of universal literacy and universal healthcare.,NOT ENOUGH INFO
Coke Boys Records is a record label.,SUPPORTS
Marilyn Monroe appeared in a film directed by a director.,SUPPORTS
The Messenger is a film.,SUPPORTS
Pablo Picasso was a murderer.,NOT ENOUGH INFO
New York's social hub is New York City.,NOT ENOUGH INFO
Chet Atkins only produced records for Michael Jackson.,REFUTES
Alpha Centauri is a system.,SUPPORTS
Gerald Ford was a Bostonian.,NOT ENOUGH INFO
Melisandre appeared in the third novel of The Kingkiller Chronicles.,NOT ENOUGH INFO
Canada has a relationship with at least one country.,SUPPORTS
Robin appeared in Superman comic books.,NOT ENOUGH INFO
Sons of Anarchy is not a television series.,REFUTES
John Constantine is a comics character.,SUPPORTS
Mary Steenburgen stars in The Proposal.,SUPPORTS
Colm Feore is a American-Canadian actor.,SUPPORTS
American Horror Story is a book series.,REFUTES
Emily Browning is a singer.,SUPPORTS
Jacqueline Kennedy Onassis is remembered for her dress.,NOT ENOUGH INFO
Melbourne is in a place.,SUPPORTS
Iron Man was released in Albania.,NOT ENOUGH INFO
Elvis was directed by a man.,SUPPORTS
Tyrion Lannister is portrayed by Peter Dinklage.,SUPPORTS
Minnesota is in France.,REFUTES
Portugal is sovereign state.,SUPPORTS
"Ann Romney is the wife of Mitt Romney, the 70th Governor of Massachusetts.",SUPPORTS
Stanley Kubrick was a director.,SUPPORTS
Buzz Aldrin was born in January in 1930.,SUPPORTS
Chicago is positioned by the Great Lakes.,SUPPORTS
Aruba is without administrative subdivisions.,SUPPORTS
Iraq is in Western Asia.,SUPPORTS
Tim Rice is recognized for his extra songs in the 2011 revival of the Wizard of Oz.,SUPPORTS
Zhou Enlai was instrumental in developing the Chinese economy.,SUPPORTS
Beautiful People lasted for two seasons.,SUPPORTS
"Adam Sandler founded Happy Madison, a production company known for its comedy films.",SUPPORTS
Athena is a patron goddess.,SUPPORTS
Ryan O'Neal is the pen name of Charles Patrick Ryan O'neal.,NOT ENOUGH INFO
Her was given a release.,SUPPORTS
Journey was acknowledged.,SUPPORTS
Evil is commonly associated with actions.,SUPPORTS
Robert Chase is involved in an American medical television show called House.,SUPPORTS
The Formula (1980 film) was directed by American director.,SUPPORTS
Battle Studies World Tour was a tour by an American Capricorn.,REFUTES
Olivia Munn is a person.,SUPPORTS
Joaquin Phoenix campaigns for an animal rights group.,SUPPORTS
Ruth Negga appeared in a movie.,SUPPORTS
Joan Cusack worked with Tom Selleck and she is American.,SUPPORTS
Scarlett Johansson is an actress in films.,SUPPORTS
Jake Gyllenhaal is on a yacht.,NOT ENOUGH INFO
James Garner played a leading role in The Great Escape.,SUPPORTS
Régine Chassagne is a writer of songs.,SUPPORTS
Garry Kasparov has no political opinions.,REFUTES
Liverpool F.C. holds long-standing rivalries.,SUPPORTS
Gopi Sunder won a Filmfare Award.,SUPPORTS
"Jack Paar was died on May 1st, 1917.",REFUTES
"There are seven private schools in Brentwood, Los Angeles.",SUPPORTS
Radiohead is a group.,SUPPORTS
Winona Ryder has been in films.,SUPPORTS
Big Brother 18's host is Emma Willis.,SUPPORTS
"Leslie Groves died July 11, 1960.",REFUTES
Jesus was a religious figure.,SUPPORTS
Scott Eastwood was incapable of working as a model.,REFUTES
Singing is a profession of Shania Twain.,SUPPORTS
Marlon Brando is an actor.,SUPPORTS
Lewis Hamilton has a title.,SUPPORTS
Ajay Devgn acts in the film community of India.,SUPPORTS
Fairfield Grammar School was only a primary school.,REFUTES
Adam West's career spans six decades.,SUPPORTS
"In 2012, Rafael Nadal was the victor of an annual tennis tournament.",SUPPORTS
Tom Cruise was in an American thriller film.,SUPPORTS
The Los Angeles Lakers had a player.,SUPPORTS
Foxcatcher had zero nominations.,REFUTES
Jon Pertwee worked with Max Wall.,SUPPORTS
Austria's largest city is a city.,SUPPORTS
Slovakia is a warship.,REFUTES
Megan Fox began her acting career.,SUPPORTS
The Hobbit films starred James Nesbitt.,SUPPORTS
Little Boy was the name for a bomb.,SUPPORTS
There is an actress named Connie Britton.,SUPPORTS
San Junipero is not from a show created by Charlie Brooker.,REFUTES
Stanley Tucci is a Texan.,NOT ENOUGH INFO
How I Met Your Mother has multiple episodes.,SUPPORTS
Most of Austria was part of a kingdom.,NOT ENOUGH INFO
OK Computer was the 1998 tour film by the English band Radiohead.,NOT ENOUGH INFO
Lumen Pierce appears on a screen.,NOT ENOUGH INFO
Hubert Humphrey served in the Senate from 1949-1964.,SUPPORTS
The Beach Boys leader was American musician Brian Wilson.,SUPPORTS
J. Cole is an American creative work artist.,NOT ENOUGH INFO
Marilyn Burns turned down the role of Sally Hardesty.,REFUTES
Leyton Orient F.C. is a club.,SUPPORTS
The Promise is a film.,SUPPORTS
Down syndrome was named after a doctor.,SUPPORTS
California contains San Francisco.,SUPPORTS
Rod Serling argued with people over violent conflict.,NOT ENOUGH INFO
Underworld is about political corruption.,NOT ENOUGH INFO
Twilight is a series by Stephenie Meyer.,SUPPORTS
Outfit (retailer) is unaffiliated with the Arcadia Group.,SUPPORTS
Ringo Starr is French.,NOT ENOUGH INFO
George A. Romero directed Creepshow.,SUPPORTS
Dark Places's cast is entirely British.,REFUTES
Kristen Bell was in When In Rome.,SUPPORTS
Saamy was directed by Han Zimmer.,REFUTES
There are Western Romance Languages.,SUPPORTS
Princess Margaret had a lung operation in 1985.,SUPPORTS
Nine Inch Nails made Year Zero.,SUPPORTS
The United Kingdom includes countries.,SUPPORTS
Warm Leatherette is by a woman.,SUPPORTS
Friday the 13th is a franchise.,SUPPORTS
Ivan Lendl has a record.,SUPPORTS
Diego Luna is a person.,SUPPORTS
The Santos FC generated an annual turnover of over $114 million in Brazil.,SUPPORTS
The House at Pooh Corner was crafted by English artists.,SUPPORTS
Stanley Tucci performed in a work which dramatized the life of a columnist.,SUPPORTS
Nick Jonas was released in a garage.,NOT ENOUGH INFO
Sunburn is a breed.,REFUTES
John Denver is a Christian.,NOT ENOUGH INFO
Tanzania and another country have formal relations.,SUPPORTS
George Cukor directed the 1933 dramatic film Little Women.,SUPPORTS
Ed Sheeran was raised only outside of Suffolk.,REFUTES
Theodore Roosevelt was a naturalist advocate for his entire life.,SUPPORTS
Portia de Rossi was on Arrested Development.,SUPPORTS
Breaking Bad has a character called Skyler White.,SUPPORTS
Dustin Hoffman starred in a movie directed in Portugal.,NOT ENOUGH INFO
José Aldo is a pacifist and is incapable of fighting in any capacity.,REFUTES
Jordan Knight is a performer.,SUPPORTS
Massachusetts is an island.,REFUTES
United Nations was established on the 24th.,SUPPORTS
That '70s Show is a sitcom.,SUPPORTS
Oliver Reed was only in a stage play in 1973.,REFUTES
Michael Keaton is an entertainer.,SUPPORTS
O. J. Simpson was charged with armed robbery.,SUPPORTS
Arkham Asylum's heroes include Two-Face.,SUPPORTS
Avenged Sevenfold didn't release any studio albums.,REFUTES
Adele was given a recording contract by XL Recordings.,SUPPORTS
"Linda McCartney died from breast cancer in 1998, in the back of her father's Ford Pinto.",NOT ENOUGH INFO
Courtney Love appeared in a 1999 film.,SUPPORTS
Agatha Christie was made a Dame.,SUPPORTS
Cloud Atlas has been described in ways.,SUPPORTS
Anderson Cooper is a personality on television.,SUPPORTS
Brock Lesnar was the winner of a fight against a former judoka in 2007.,SUPPORTS
Sean Connery was a supporting actor.,SUPPORTS
Doctor Who is a television movie.,REFUTES
Fernando Alonso's complete name is Fernando Alonso Diaz.,SUPPORTS
"Angelina Jolie played Lara Croft in Tomb Raider, the 2001 film.",SUPPORTS
Good Will Hunting is a gritty film.,NOT ENOUGH INFO
Nikola Tesla learned engineering at school.,SUPPORTS
Jamie Foxx was born in October.,REFUTES
Beyoncé is a person who acts.,SUPPORTS
Mike Judge is a Texan.,NOT ENOUGH INFO
Matt Damon is an actor.,SUPPORTS
The Caspian Sea empties into the Ural Sea at its northwest.,NOT ENOUGH INFO
Amy Sherman-Palladino is the creator of Courage the Cowardly Dog.,NOT ENOUGH INFO
The Netherlands has three island land domains.,SUPPORTS
Indiana Jones has been portrayed by an actor.,SUPPORTS
Matt Damon is an actor.,SUPPORTS
The Homesman features Hailee Steinfeld.,SUPPORTS
Willow Smith is an entertainer.,SUPPORTS
Andorra is not landlocked.,REFUTES
Ronald Reagan left office in 1989.,SUPPORTS
Antarctica is an ocean.,REFUTES
Tardigrades have been found on mountaintops and in the deep sea.,SUPPORTS
Lithuania is a member of an organization.,SUPPORTS
The Walt Disney Company owns stuff.,SUPPORTS
Dwyane Wade was on a team.,SUPPORTS
Tiger Woods is not a golfer.,REFUTES
Patch Adams (film) is a film starring American actor Robin Williams.,SUPPORTS
Jennifer Garner is a person.,SUPPORTS
Iris Murdoch was a writer.,SUPPORTS
Robin multiplied by two the income money from the Batman-related comic books.,SUPPORTS
"Richmond, Virginia is a place.",SUPPORTS
Imagine Dragons is a band.,SUPPORTS
Eddie Vedder is anything but an American.,REFUTES
Helena Bonham Carter was in movies.,SUPPORTS
Cher has nicknames.,SUPPORTS
The Khmer Empire was a Christian empire.,REFUTES
"The Twilight Saga includes the American romantic fantasy film ""Twilight"" as its first installment.",SUPPORTS
Robert Redford acts.,SUPPORTS
Pirates of the Caribbean (film series) is an organization.,REFUTES
Joseph Gordon-Levitt has worked with people.,SUPPORTS
Winona Rider has only ever been in one film.,REFUTES
Dylan O'Brien has acted in five films.,SUPPORTS
Sharon Stone starred in a movie.,SUPPORTS
Allen Iverson didn't make it into the NBA.,REFUTES
Adele has released an album.,SUPPORTS
Maria Sharapova tested positive for a substance that has been banned by the president.,NOT ENOUGH INFO
The Promise premiered at a music festival.,NOT ENOUGH INFO
Monica Seles is a person.,SUPPORTS
Arcade Fire toured with instrumentalists.,SUPPORTS
Usain Bolt is a sprinter.,SUPPORTS
"Paul Feig has a television show that was aired on March 24th, 2005.",NOT ENOUGH INFO
Michael Jordan was in Sunburn.,NOT ENOUGH INFO
Craig Middlebrooks is a fictional place.,REFUTES
Charles II of England had a younger brother.,NOT ENOUGH INFO
Kong: Skull Island is a movie.,SUPPORTS
Alan Rickman died at his home in Chicago.,NOT ENOUGH INFO
The UK took part in the Vietnam War.,NOT ENOUGH INFO
Sofia Coppola has worked with Charlize Theron.,NOT ENOUGH INFO
Mickey Rooney played roles.,SUPPORTS
Dhool is an action film.,SUPPORTS
Bradley Cooper's role as Will Tippin in Alias was the first of his to gain recognition.,SUPPORTS
Jessica Chastain acted off Broadway.,SUPPORTS
"Dubai contains the world's tallest cat, the Burj Khalifa.",REFUTES
Judy Garland was in A Star Is Born and Judgment at Nuremberg.,SUPPORTS
Melanie Griffith is a television actress.,SUPPORTS
Sarah Palin is a Canadian politician.,REFUTES
Melissa McCarthy appeared in creative work.,SUPPORTS
Washington Naval Conference resulted in the Nine-Power Treaty and a number of smaller agreements.,SUPPORTS
Warren Casey is a composer.,SUPPORTS
The common textual basis of the sub-traditions of Vedanta is the Prasthanatrayi.,SUPPORTS
Pink Floyd has an album.,SUPPORTS
Gift of the Night Fury stars the voice of an American comedian.,SUPPORTS
Black Mirror was created by Jim from the Office.,REFUTES
Elizabeth I of England was the last monarch of Scotland.,NOT ENOUGH INFO
Dawn of the Planet of the Apes is a prequel to a 2011 movie.,REFUTES
"The Golden Girls is about four older women that share a home in Miami, Florida.",SUPPORTS
Kaitlin Olson began her career in a theater troupe.,SUPPORTS
A Fine Romance was produced by London Weekend Television in 2001.,NOT ENOUGH INFO
The Range Rover is made by Land Rover.,SUPPORTS
Delhi has been a part of various kingdoms and empires.,SUPPORTS
Slovenia is a member of the European Union.,SUPPORTS
Martin Scorsese did co-create the television series Vinyl.,SUPPORTS
Linkin Park is a British rock band.,REFUTES
Boyz II Men received Billboard recognition.,SUPPORTS
"Singapore is ranked highly in education, healthcare, life expectancy, quality of life, and personal safety.",SUPPORTS
Steffi Graf is a tennis player.,SUPPORTS
Jessica Biel has acted in twenty-five movies.,NOT ENOUGH INFO
Evan Rachel Wood has been employed with George Clooney.,SUPPORTS
The Hui people also have a community in Gansu.,SUPPORTS
Davis Guggenheim wasn't a film producer.,NOT ENOUGH INFO
Minnesota was inhabited by native peoples of Mexico and Central America.,NOT ENOUGH INFO
Rod Laver came into the world in the year 1938.,SUPPORTS
Steve Buscemi is a person,SUPPORTS
Law of value was first expounded in his polemic of dead bodies.,NOT ENOUGH INFO
Philadelphia skyline markets are growing.,SUPPORTS
Peter Cetera refused to be a member of Chicago.,REFUTES
Gemini was delayed for a year by AVM Productions.,NOT ENOUGH INFO
David Beckham plays international football.,SUPPORTS
Marilyn Monroe performed a fictional role in The Prince and the Showgirl (1957).,SUPPORTS
The Challenge was a reality game show.,SUPPORTS
Jimmy Carter was a leader.,SUPPORTS
Grey's Anatomy is a TV show.,SUPPORTS
Perth is the capital and largest city of an Australian state.,SUPPORTS
Karan Johar made his directorial debut with The Lion King.,REFUTES
Samuel Witwer is an actor.,SUPPORTS
Jeff Goldblum is a performer.,SUPPORTS
There is a Christian state called Zambia.,SUPPORTS
Gerard Butler is a Scottish person.,SUPPORTS
Steven Soderbergh directed Magic Mike.,SUPPORTS
Richard Branson did not work with Tom Newman.,REFUTES
Thor: The Dark World is a British film.,REFUTES
Star Trek had zero films.,REFUTES
Edward VIII was a king.,SUPPORTS
Lana Del Rey's fourth book was popular.,NOT ENOUGH INFO
Wallander was adapted from Swedish author Henning Mankell's novels.,SUPPORTS
David Tennant was in the film Harry Potter and the Goblet of Fire.,SUPPORTS
Minnesota is a Frenchman.,REFUTES
School 2013 is a British television series.,REFUTES
Frank Sinatra acted.,SUPPORTS
George Lucas founded a company in May 1975.,NOT ENOUGH INFO
Catherine of Alexandria is a virgin and Christian saint by tradition.,SUPPORTS
Instagram is a tomb.,REFUTES
Britney Spears is an entertainer.,SUPPORTS
Freddie Mercury was the singer of Queen.,SUPPORTS
Michael Schumacher is a race car driver.,SUPPORTS
Jack Paar was an American.,SUPPORTS
Holiday: A Soldier Is Never Off Duty was produced by George Lucas.,NOT ENOUGH INFO
The Vietnam War took place on Mars.,REFUTES
John Cena is a person.,SUPPORTS
Mariah Carey is a performer.,SUPPORTS
Nigeria's economy is set to be among the world's largest economies in the 21st as part of The Next Eleven list.,SUPPORTS
Patrick Dempsey was in a movie.,SUPPORTS
Kate Nash released three studio albums in 2012.,NOT ENOUGH INFO
"Stephanie Daley was released in North America on April 20, 2017.",SUPPORTS
Dangerously in Love is a solo movie.,REFUTES
Ken Russell directed a 1971 British historical drama horror film.,SUPPORTS
The Vampire Diaries was developed by an American.,SUPPORTS
Eminem starred in Twilight.,NOT ENOUGH INFO
American Gods (TV series) has a fan named Green.,NOT ENOUGH INFO
Cornell University is in New York State.,SUPPORTS
The Twilight Saga stars a Kung Fu martial artist.,NOT ENOUGH INFO
24 premiered in November.,SUPPORTS
Roger Penrose has gotten prizes.,SUPPORTS
The Entire History of You was written by someone.,SUPPORTS
Boston has only one university.,REFUTES
Earth is a planet.,SUPPORTS
Tubelight is a book.,REFUTES
Queen Victoria's mother was Princess Victoria.,SUPPORTS
One World Trade Center is an edifice.,SUPPORTS
Anorexia nervosa can cause death.,SUPPORTS
David Beckham plays international football.,SUPPORTS
The Bible contains coupons.,NOT ENOUGH INFO
Cheaper by the dozen was released in 2083.,REFUTES
Mother Teresa received 1962 puppies.,NOT ENOUGH INFO
LGBT is an acronym for the gay community containing the word transgender.,SUPPORTS
Mary Marvel fails to predate the introduction of a character created by Otto Binder.,NOT ENOUGH INFO
Clint Eastwood is not an actor.,REFUTES
Star vs. the Forces of Evil is produced by Disney Television Animation.,SUPPORTS
How to Train Your Dragon (film) failed to win an award.,SUPPORTS
"On March 16, 1967, Lauren Graham was born.",SUPPORTS
Amoxicillin is received by mouth.,SUPPORTS
The Black Dahlia was released in 1996.,REFUTES
J.Lo is an album.,SUPPORTS
Marc Maron interviewed the 1st President of the United States.,NOT ENOUGH INFO
"In the film Underworld, Selene serves as the central character.",SUPPORTS
Pablo Picasso had a rivalry with Henri Matisse.,SUPPORTS
Star Wars: The Force Awakens is a film.,SUPPORTS
Android is a mobile personal assistant.,REFUTES
Chris Evans (actor) refuses to be a director.,REFUTES
Ecuador has a population.,SUPPORTS
Chess was viewed as a sport by the International Olympic Committee.,SUPPORTS
Love Yourself was recorded by Justin Bieber.,SUPPORTS
Al Gore lost to George Bush for the Electoral college vote.,SUPPORTS
Overwatch is played by team.,SUPPORTS
Jorah Mormont is played by a Scottish actor of the stage.,SUPPORTS
CeeLo Green has worked with Danger Mouse.,SUPPORTS
Selena recorded music.,SUPPORTS
Apollo 11 was launched from Kennedy Space Center.,SUPPORTS
Superman is a DC Comics character.,SUPPORTS
American Horror Story features an actress.,SUPPORTS
A.J. Cook worked with an actor.,SUPPORTS
I Don't Want to Hear Anymore was on Long Road Out of Eden.,SUPPORTS
Sean Connery won three Nobel Prizes.,NOT ENOUGH INFO
Hawaii has no islands.,REFUTES
The Vietnam War is another name for the American War.,SUPPORTS
Delhi has a long history.,NOT ENOUGH INFO
Berlin is an animal.,REFUTES
Shay Haley is from America.,SUPPORTS
Yung Rich Nation is a work.,SUPPORTS
Azerbaijan has those who can write and is in Asia.,SUPPORTS
Sarah Michelle Gellar appeared in Scream 2.,SUPPORTS
Ireland exists on the planet Earth.,SUPPORTS
Socrates was a practicer of philosophy.,SUPPORTS
There are no attorneys in The Bachelorette (season 13).,REFUTES
Willow Smith is a person.,SUPPORTS
Jay Sekulow is an attorney.,SUPPORTS
Lung cancer has symptoms.,SUPPORTS
The Formula (1980 film) was released by a media company called Metro-Goldwyn-Mayer.,SUPPORTS
A coach for the Los Angeles Lakers was Kareem Abdul-Jabbar.,REFUTES
George Washington contributed to the establishment of IHOP.,NOT ENOUGH INFO
"Dhool featured Reemma Sen in a lead role, as Swapna.",NOT ENOUGH INFO
Daniel Day-Lewis earned awards.,SUPPORTS
A crown colony is also known as a royal colony.,SUPPORTS
Lady Gaga has dedicated her every waking moment to the culinary arts.,REFUTES
Emily Browning starred in a movie.,SUPPORTS
Leonardo da Vinci is known as the father of architecture.,SUPPORTS
Peter Cetera was in a band.,SUPPORTS
Whoopi Goldberg won an Oscar.,SUPPORTS
"Marble Hill, Manhattan is west of North America.",REFUTES
Khal Drogo is a leader of the Dothraki in A Game of Thrones.,SUPPORTS
Tom Hardy portrayed the Kray twins.,SUPPORTS
Kristen Stewart won an award for Terminator 2: Judgement Day.,NOT ENOUGH INFO
"In international football games, Christiano Ronaldo represents Portugal.",SUPPORTS
Sikhism originated in the Pacific region.,REFUTES
India is an elephant.,REFUTES
Prisoner is a serious drama.,NOT ENOUGH INFO
There is a British singer called Adele.,SUPPORTS
Swedish Empire was ruled by Gustavus Adolphus for 21 years before he died in 1632.,SUPPORTS
Directing is a profession of Ava DuVernay.,SUPPORTS
Marlon Brando appeared in The Missouri Breaks.,SUPPORTS
Clint Eastwood refused to be in Westerns.,REFUTES
Dracula was written by Bram Stoker.,SUPPORTS
Didier Drogba is a sheep.,REFUTES
Spencer Tracy was a person.,SUPPORTS
Roger Penrose has received awards.,SUPPORTS
"The New Adventures of Old Christine's star, Julia Louis-Dreyfus, won an Emmy for her role in the show.",SUPPORTS
Aaliyah was employed.,SUPPORTS
Mary-Louise Parker is a critic.,NOT ENOUGH INFO
Leonardo DiCaprio is an actor.,SUPPORTS
Shirley MacLaine has won an award.,SUPPORTS
Tigers appear in ancient mythology.,SUPPORTS
Mark Burg is a film actor and is from America.,NOT ENOUGH INFO
Paul Simon is a person who is a musician.,SUPPORTS
Pitch Perfect 3 stars an actor.,SUPPORTS
Bosnia and Herzegovina was part of the Kingdom of Romania.,NOT ENOUGH INFO
The German Shepherd is the third-most registered breed by the American Kennel Club.,REFUTES
Dolly Parton was in the cast of the movie Steel Magnolias.,SUPPORTS
Lightning Point was filmed in Queensland in Australia.,SUPPORTS
Maggie Gyllenhaal is a performer.,SUPPORTS
Hong Kong is part of NAFTA.,NOT ENOUGH INFO
Tom Hardy has been in miniseries produced by both the United States and Great Britain.,SUPPORTS
"Inferno (2016 film) is in the same series as Angels & Demons, the Robert Langdon film series.",SUPPORTS
Soundgarden's a band.,SUPPORTS
Las Vegas is a suburb.,REFUTES
Tony Blair was elected after John Smith died of a heart attack.,SUPPORTS
X-Men: Days of Future Past is only a comic book.,REFUTES
Family Guy was worked on by Seth MacFarlane.,SUPPORTS
Tesla Model S is an electric truck.,REFUTES
Venus Williams plays tennis.,SUPPORTS
William McKinley was born in 1901.,REFUTES
The Beatles was a solo rock performer.,REFUTES
Jeff Goldblum is an actor.,SUPPORTS
Carole King only writes novels.,REFUTES
Europeans discovered the Australian aborigines in 1606.,NOT ENOUGH INFO
Luxembourg is the world's only remaining fast food chain.,REFUTES
Lily Collins was a candidate for an MTV Movie Award.,SUPPORTS
Game of thrones has received only one award.,REFUTES
Lily Collins has acted.,SUPPORTS
Venus is a dwarf planet.,NOT ENOUGH INFO
Ivan Lendl is second in the Open Era to no one.,REFUTES
Spiders are arthropods.,SUPPORTS
Jamie Foxx was born in the 20th century and he acts.,SUPPORTS
Jay Roach directed Bryan Cranston.,SUPPORTS
Usain Bolt is a sprinter.,SUPPORTS
Daniel-Day Lewis was not in films.,REFUTES
Live Your Life is a recording.,SUPPORTS
Budapest is a city.,SUPPORTS
David Angell's son's name was Lynn.,REFUTES
Taylor Swift is a person.,SUPPORTS
Elizabeth Taylor was a person.,SUPPORTS
Doug Ducey worked in America.,SUPPORTS
John Cena is a Royal Rumble wrestling event winner for 2013.,SUPPORTS
Turkmenistan was contained within IIkhanate.,SUPPORTS
Holly Hunter has won an Emmy for Roe v. Wade.,SUPPORTS
Helen Hunt is an American Actress that starred in different types of movie roles.,SUPPORTS
Ted Kennedy was a politician.,SUPPORTS
Usher (musician) had advertising support from MTV.,NOT ENOUGH INFO
One Direction made music.,SUPPORTS
"Tesla, Inc. is an electric car maker.",SUPPORTS
The Illuminati are a part of some conspiracy theories.,SUPPORTS
Hugo Weaving is in zero movies.,REFUTES
Tigers are depicted in modern movies.,SUPPORTS
Daniel Craig failed to have an acting career.,REFUTES
Based on a T.R.U. Story is an album.,SUPPORTS
Kato Kaelin is a television personality and former American Idol judge.,NOT ENOUGH INFO
Code Geass had a TV show.,SUPPORTS
Melissa McCarthy has been in a film.,SUPPORTS
Neil Young made a studio album.,SUPPORTS
Demi Moore was alive in 1997.,SUPPORTS
Michelle Rodriguez is an actress..,SUPPORTS
Paul Mantee was a film actor.,SUPPORTS
A mass extinction event affected the dinosaurs.,SUPPORTS
The Crazies is  fiction.,SUPPORTS
PewDiePie is known for his YouTube Let's Play magazine articles.,REFUTES
Prison Break was a historical drama.,NOT ENOUGH INFO
John Mayer's third studio album was passed over by organizations that give awards.,REFUTES
T-Pain released an album in the 21st century.,SUPPORTS
Saint Peter is a Hindu religious figure.,REFUTES
Harley Quinn appeared in novels.,NOT ENOUGH INFO
Lymphoma has the ability to kill.,SUPPORTS
Solange Knowles isn't a song-writer.,REFUTES
Jerry Goldsmith collaborated with Paul Verhoeven.,SUPPORTS
Scarlett Johansson is an actress in films.,SUPPORTS
Miranda Cosgrove is an American actress.,SUPPORTS
Enemy (2013 film) stars only Australian actors.,REFUTES
Donnie Wahlberg's professional portfolio includes the show Boomtown.,SUPPORTS
Qatar is a country.,SUPPORTS
Cindy McCain is the wife of John McCain.,SUPPORTS
Generation X has no precise date for its cohort.,SUPPORTS
Eminem sold no albums.,REFUTES
Barbados is a place.,SUPPORTS
Karl Urban was in a film directed by Christopher Nolan.,NOT ENOUGH INFO
O. J. Simpson was a Gemini.,NOT ENOUGH INFO
Connaught Tunnel replaced a historical landmark.,SUPPORTS
That '70s Show is an American television sitcom.,SUPPORTS
Bedazzled (2000 film) stars an iPhone.,NOT ENOUGH INFO
Quartet was filmed in 2011 and premiered in 2012.,SUPPORTS
Kamala Harris is a person.,SUPPORTS
Elizabeth Banks worked with people.,SUPPORTS
Eminem was not a member of The Dirty Dozen.,REFUTES
LeBron James is in the NBA as a player.,SUPPORTS
The Walt Disney Company owns Nickelodeon.,NOT ENOUGH INFO
Tine Turner had an album.,SUPPORTS
Emily Ratajkowski appeared in an ad for an upscale automobile brand during a sporting event.,SUPPORTS
Jesse Eisenberg worked with an actor.,SUPPORTS
There is a girl band named Little Mix.,SUPPORTS
Crystal Palace F.C. does not play in Selhurst Park.,REFUTES
A crown colony is a type of colonial administration.,SUPPORTS
Southport is a country.,NOT ENOUGH INFO
Emily Browning is an actress.,SUPPORTS
Neil Young is a musician.,SUPPORTS
Ezra Edelman began his life in 1974.,SUPPORTS
James and the Giant Peach included Morgan Freeman.,NOT ENOUGH INFO
Taipei is the least important city of Taiwan.,REFUTES
Donald Trump launched his presidential campaign in 2015.,SUPPORTS
Seattle became a shipbuilding center during the Klondike Gold Rush.,SUPPORTS
Walter Matthau won an award.,SUPPORTS
Miley Cyrus was born in December.,REFUTES
"As the World Turns was replaced by an American talk show that debuted on October 18, 2010.",SUPPORTS
One rapper is Lupe Fiasco.,SUPPORTS
Bohemian Rhapsody topped the UK Singles Chart for nine weeks.,SUPPORTS
Sarah Michelle Gellar co-founded a cooking and lifestyle company that sells baking kits for children.,SUPPORTS
Mariah Carey was born towards the end of a month.,SUPPORTS
Derrick Rose is a basketball player.,SUPPORTS
John McCain is the world's oldest turtle.,REFUTES
Empress Matilda married the future Holy Roman Emperor.,SUPPORTS
The Twelfth Doctor is a medical procedure.,REFUTES
Franklin Roosevelt was unacquainted with Eleanor Roosevelt his entire life.,REFUTES
"Luxembourg is headed by a Grand Duke, Henri, who has ruled since 2000.",SUPPORTS
London is in England.,SUPPORTS
Seinfeld was a comedian.,REFUTES
"West Hollywood, California is in Los Angeles County.",SUPPORTS
Horrible Bosses was directed by acclaimed director Seth Gordon.,NOT ENOUGH INFO
Akira Toriyama is Asian.,SUPPORTS
Archie Panjabi was nominated for Emmys.,SUPPORTS
Jackie Evancho has only released two albums.,REFUTES
Abraham Lincoln was a Republican candidate for the United States Senate.,SUPPORTS
Nigeria is Africa's largest producer of food.,NOT ENOUGH INFO
Denzel Washington played a corrupt cop in Twilight.,NOT ENOUGH INFO
John Glenn was the first American to orbit Burger King.,NOT ENOUGH INFO
Lisa Kudrow starred in an American comedy series.,SUPPORTS
Michelle Williams is a person who acts.,SUPPORTS
Will Ferrell wrote The Other Guys with inside jokes.,NOT ENOUGH INFO
Mauritius was a British colony until 1968.,SUPPORTS
John F. Kennedy Jr. was of a nationality.,SUPPORTS
Lily James appeared in Wrath of the Titans.,SUPPORTS
The 2017 Open Championship is a tennis championship.,REFUTES
A king of Scotland was Charles II of England.,SUPPORTS
The Muppet Christmas Carol was released by Walt Disney Pictures.,SUPPORTS
Claire Danes received an award.,SUPPORTS
Roger Moore was born in October of 1945.,REFUTES
Peggy Sue Got Married is a comedy-drama television show.,REFUTES
There are two television series Morena Baccarin was part of.,SUPPORTS
Little Boy was dropped by a plane.,SUPPORTS
Italy surrendered during World War II.,SUPPORTS
The Smurfs is an unproduced screenplay.,REFUTES
Bangladesh is in the Arctic Ocean.,REFUTES
"On September 26, 1946, Louise Simonson was born.",SUPPORTS
Colombia is not a country.,REFUTES
The United States Congress includes evil men.,NOT ENOUGH INFO
Travis Barker refused to ever join an American rock band.,REFUTES
"Madonna released the album Madonna in 1983, with songs like ""Like A Virgin"" and ""Material Girl"" on the record.",REFUTES
Stanley Kubrick was employed to do work on Dr. Strangelove.,SUPPORTS
Richard Burbage existed as an actor.,SUPPORTS
Howard Stern has wrote two New York Times Best Seller books.,SUPPORTS
Noam Chomsky was responsible for a new cognitivistic framework related to language.,SUPPORTS
The Last House on the Left was picked up.,SUPPORTS
Daniel Craig appeared in a movie which was an English language thriller.,SUPPORTS
Jorah Mormont is portrayed by Scottish television actor Sean Connery.,NOT ENOUGH INFO
Narendra Modi was assigned to the Bharatiya Janata Party.,SUPPORTS
Heather Watson plays tennis.,SUPPORTS
Scarlett Johansson is in acting roles.,SUPPORTS
Ted Kennedy was a shroom.,REFUTES
Batman: The Killing Joke was written by a British writer.,SUPPORTS
Tate Ellington has only ever acted on stage.,REFUTES
California is perfectly at sea level.,REFUTES
Joseph Stalin was a politician.,SUPPORTS
Hillary Clinton worked.,SUPPORTS
Selena was the subject of a 1997 Mexican film.,SUPPORTS
Elisabeth Sladen starred in roles for television.,SUPPORTS
There are zero cities in the Northeast megalopolis.,REFUTES
Steve Mouzakis was in the cast of at least one film.,SUPPORTS
Music journalism is only called by that name.,REFUTES
Thiokol was an enterprise.,SUPPORTS
The Belko Experiment is an American horror film.,SUPPORTS
In Secret was an adaptation of a French novel.,SUPPORTS
Glen Campbell stayed only in the accounting field his whole life.,REFUTES
Katrina Kaif is a Protestant.,NOT ENOUGH INFO
Algeria is a perfume brand.,REFUTES
Marlon Brando was in a film.,SUPPORTS
The Secret Life of Us has aired in Europe.,SUPPORTS
Diana Ross was a part of the Supremes.,SUPPORTS
"In 1948 to 1949, Leicester City F.C. was a FA Cup finalist.",NOT ENOUGH INFO
New Orleans is a port.,SUPPORTS
Milla Jovovich had a role in a movie.,SUPPORTS
The University of Oxford's academics fled to Cambridge.,SUPPORTS
Albert Einstein was born outside of Germany.,REFUTES
Amitabh Bachchan received the highest honor by the Government of France.,REFUTES
Sherlock is on TV.,SUPPORTS
Grace Jones influenced Annie Lennox.,SUPPORTS
Tony Blair was involved in the Northern Ireland peace process of the 1990s.,SUPPORTS
Devdas won less than four National Film Awards.,REFUTES
Joe Hart played in England.,SUPPORTS
Loving starred actors.,SUPPORTS
2016 was the year of release for The Conjuring 2.,SUPPORTS
Batman v Superman: Dawn of Justice is a movie.,SUPPORTS
Dracula is a book written by someone who died in 1912.,SUPPORTS
"Cat on a Hot Tin Roof features several recurring motifs, excluding superficiality.",REFUTES
The Red Hot Chili Peppers were founded in 1992.,REFUTES
Outlander (TV series) was renewed for a third and fourth season in response to the audience's reaction.,NOT ENOUGH INFO
Emmanuel Adebayor plays as a striker in American football.,REFUTES
Pink Floyd has an EP called Wish You Were Here.,REFUTES
The Crown (TV series) earned John Lithgow a Screen Actors Guild Award.,SUPPORTS
Adam Driver is a person who acts.,SUPPORTS
Dog Day Afternoon stars at least one actor.,SUPPORTS
Ozzy Osbourne was fired in 1979.,SUPPORTS
Turkey joined a union.,SUPPORTS
The Nintendo Switch is only a cellphone.,REFUTES
Priyanka Chopra is exclusively from the United States.,REFUTES
Gennady Golovkin holds the title of champion.,SUPPORTS
The New York Giants are professional.,SUPPORTS
Jane Lynch has won a Grammy.,NOT ENOUGH INFO
Kajal Aggarwal starred in Thuppakki.,SUPPORTS
The United States Naval Academy is in the Maryland business capital.,NOT ENOUGH INFO
Elvis Presley took a break of seven years from the stage.,SUPPORTS
The Mughal Empire's territory was in a country.,SUPPORTS
Chicago is a city.,SUPPORTS
The Entire History of You was penned by someone who was employed with Robert Webb.,SUPPORTS
"Gerd von Rundstedt was born December 11, 1870.",REFUTES
Thinkin Bout You was nominated for Record of the Year.,SUPPORTS
Acting is a profession of Benedict Cumberbatch.,SUPPORTS
Despicable Me 3 only stars the voice of Steve Carell.,REFUTES
Marlon Brando published a list in 1955.,NOT ENOUGH INFO
The Smurfs began filming in 2011.,REFUTES
Punk rock is a genre.,SUPPORTS
Lionel Messi is a Christian.,NOT ENOUGH INFO
Richard Gere starred in a film from the United States.,SUPPORTS
Orson Welles was a person.,SUPPORTS
The Beach Boys is a group.,SUPPORTS
New York City includes Le Femis.,NOT ENOUGH INFO
Peyton Manning is an athlete.,SUPPORTS
Rihanna has sold more than 230 million burgers.,NOT ENOUGH INFO
Christina Applegate was in a movie in 2016.,SUPPORTS
Fabian Cancellara is a German former professional road racer.,NOT ENOUGH INFO
Romelu Lukaku is an athlete.,SUPPORTS
Chris Pine appeared in a 2010 protest.,NOT ENOUGH INFO
Machu Picchu was built in the popular style.,NOT ENOUGH INFO
Maynard James Keenan was born in 2000.,REFUTES
Iain Glen is from a place.,SUPPORTS
Mike Tyson boxed professionally.,SUPPORTS
The Simpsons series will be cancelled on the 28th season.,REFUTES
A fantasy film frequently features mythology.,SUPPORTS
Naturi Naughton is a producer.,NOT ENOUGH INFO
Joy was born on July.,REFUTES
John Wick: Chapter 2 was released in Los Angeles.,SUPPORTS
Yellow Flicker Beat is only a short story.,REFUTES
Wayne Rooney is an athlete.,SUPPORTS
The film Women in Love was directed by Ken Russell.,SUPPORTS
Blue Velvet is a movie.,SUPPORTS
"Gong Yoo's was born Gong Ji-chul in Busan, South Korea.",NOT ENOUGH INFO
Eleveneleven was founded by an American comedian.,SUPPORTS
Holly Hunter is a person.,SUPPORTS
Father of the Bride was written by Steve Martin.,NOT ENOUGH INFO
There is a two term limit for the President of Iraq.,SUPPORTS
Jean-Claude Van Damme has starred in award-winning films.,SUPPORTS
John Mayer was born in Fairfield Connecticut.,REFUTES
Judy Garland was not in any Academy Award nominated films.,REFUTES
Crystal Palace F.C. is a sports team.,SUPPORTS
"The first grandchild of King George VI was Charles, Prince of Wales.",SUPPORTS
"Outlander (TV series), the second season, is based on a book.",SUPPORTS
Chris Hemsworth is known for acting.,SUPPORTS
Cracks features Trey Songz and James Cameron.,NOT ENOUGH INFO
New England's most populous state is Massachusetts.,SUPPORTS
Katharine Hepburn was in The Battle of the Alamo.,REFUTES
The Wild Thornberrys is a film.,REFUTES
The Matrix Revolutions was written by two writers that are also siblings.,SUPPORTS
Gil Sharone played Teenage Josh.,NOT ENOUGH INFO
Matthew Modine performed the character Louden Swain.,SUPPORTS
Poland is a European nation.,SUPPORTS
Thor: The Dark World is not a superhero film.,REFUTES
"Uranus has a minimum population of 49,000.",NOT ENOUGH INFO
Tom Morello became interested in politics in high school.,SUPPORTS
Harvey Kurtzman has yet to teach at a for-profit art and design college.,REFUTES
Laurence Fishburne acted in a movie.,SUPPORTS
Isis is a god.,SUPPORTS
Marlon Brando received an Academy Award nomination and he was American.,SUPPORTS
Big Boi is a member of a hip hop duo.,SUPPORTS
There is a filmmaker named Ezra Edelman.,SUPPORTS
Ajay Devgn is a Gemini.,REFUTES
John Constantine is a fictional character.,SUPPORTS
Ileana D'Cruz is only a singer.,REFUTES
"De Profundis also means ""from the depths.""",SUPPORTS
The Uruguay national football team won a FIFA World Cup.,SUPPORTS
Katy Perry is a dancer.,NOT ENOUGH INFO
Sienna Miller is a Catholic.,NOT ENOUGH INFO
Lily James appeared in films in 2012.,NOT ENOUGH INFO
Christiano Ronaldo doesn't play football.,REFUTES
"Hairspray sold more than 1,200,000 copies in 2006.",REFUTES
Al Gore died in 1947.,REFUTES
"Jason Sudeikis is an American and was born on September 18, 2017.",REFUTES
"Princess Margaret, Countess of Snowdon was viewed as an inspirational figure.",NOT ENOUGH INFO
Lahore is an actor.,REFUTES
Jack Nicholson is a man.,SUPPORTS
Idris Elba failed to ever be cast in a movie.,REFUTES
Richard Branson set up Virgin Atlantic grapes.,REFUTES
Asteroid Day aims to raise awareness about what can be done to protect earth's future generations.,SUPPORTS
Heartbreak Ridge was produced by American actor Clint Eastwood.,SUPPORTS
24 failed to ever air.,REFUTES
Brown bears are herbivores.,REFUTES
Rabat is a capital city.,SUPPORTS
Billy Joel is a Song of the Year Grammy Award winner.,NOT ENOUGH INFO
Brad Pitt produced The Departed.,SUPPORTS
"In 1969, Yoko Ono and her husband John Lennon held two week-long Bed-Ins for Peace.",SUPPORTS
There is a stadium in Paris.,NOT ENOUGH INFO
Liverpool F.C. is a team in the MLB.,REFUTES
Malcolm Young is a retired chef.,REFUTES
Whoopi Goldberg did not win an Oscar.,REFUTES
Richard Gere starred in an American film.,SUPPORTS
Robert Browning wrote poetry written only in the form of a speech of a chorus.,REFUTES
Lana Del Rey's music has been noted for its cinematic style.,SUPPORTS
Short Term 12 is a film from the United States.,SUPPORTS
A French DJ is the creator of the album Titanium is on.,SUPPORTS
R. Madhavan was in the cast of a movie.,SUPPORTS
Furious 7's principal photography started in 2013.,SUPPORTS
"See You Again (Miley Cyrus song) was remixed by an American record production/songwriting team, consisting of Tim James and Antonina Armato who have been active since the early 2000s called Rock Mafia.",SUPPORTS
David Simon was born in the twentieth century.,SUPPORTS
Titanic's passengers were rescued from lifeboats.,NOT ENOUGH INFO
Bryan Cranston played Dr. Tim Whatley on a NBC comedy series.,SUPPORTS
Whitey Bulger was not guilty of racketeering.,REFUTES
Mike Tyson was a brand of deli meat.,REFUTES
Saw VI was directed by Alfred Hitchcock.,NOT ENOUGH INFO
Afghanistan is an island.,REFUTES
Brad Pitt is an actor in Interview with the Vampire.,SUPPORTS
Unpopular taxation schemes were a partial cause of the French Revolution.,SUPPORTS
Joseph Stalin was involved in the Soviet Union.,SUPPORTS
Attack on Titan is a person.,REFUTES
Henrietta Maria of France's husband was a king that was executed.,SUPPORTS
Jack Paar died on a date in the 21st century.,SUPPORTS
Akshay Kumar is an actor.,SUPPORTS
Legion is a film created in the United States and is categorized as horror.,SUPPORTS
Cheaper by the Dozen starred Steve Martin.,SUPPORTS
Edgar Award honors the best book.,NOT ENOUGH INFO
Louis Tomlinson worked as an extra.,SUPPORTS
Judith Quiney had a twin.,SUPPORTS
Ford Motor Company is the seventh-largest automaker in the world.,REFUTES
Home Alone was released in 1600.,REFUTES
Roland Garros Stadium is not in Paris.,REFUTES
"Windsor, Ontario is outside Canada.",REFUTES
Samantha Robson acts.,SUPPORTS
Wallander is a series on television.,SUPPORTS
Grace Kelly was not an actress.,REFUTES
Kristen Stewart played Bella Swan in the Twilight series.,SUPPORTS
David Beckham has retired from his professional career.,SUPPORTS
Kristen Stewart received widespread recognition.,SUPPORTS
Some Assyrian people speak Central Neo-Aramaic.,SUPPORTS
Hawaii is a state in the United States.,SUPPORTS
James Nesbitt starred in Murphy's Law.,SUPPORTS
The French Revolution was unconnected to unpopular taxation schemes.,REFUTES
Point Place is where That '70s Show takes place and it is unreal.,SUPPORTS
Theodore Roosevelt walked out at one point.,SUPPORTS
The Champ stars an actress from America.,SUPPORTS
Katrina Kaif was in a work.,SUPPORTS
Gene Wilder directed The Woman in Red.,SUPPORTS
Angela Lansbury contributed to animated films such as Disney's Beauty and the Beast.,SUPPORTS
Ethiopia's location is in Africa.,SUPPORTS
A Thousand Suns is a band's fourth album.,SUPPORTS
Israel has the 35th-largest economy in the world by nominal gross domestic product.,SUPPORTS
Buckingham Palace possesses blue lapis.,SUPPORTS
Queen Latifah's record sales have exceeded two million.,SUPPORTS
Prince (musician) released at least three birds.,NOT ENOUGH INFO
Indonesia is incapable of being a country.,REFUTES
Marlon Brando was in an award-winning 1972 American crime film.,SUPPORTS
Dirt was created by Matthew Carnahan and produced by Coquette Productions.,SUPPORTS
Akira Toriyama destroyed Dragon Ball.,NOT ENOUGH INFO
Anil Kapoor has been acting for nearly 40 years.,SUPPORTS
Seth Rogen stars in Neighbors.,SUPPORTS
Ricin comes from the Amazon.,REFUTES
Brigitte Macron was born in 1953.,SUPPORTS
There is an actor name Walter Matthau.,SUPPORTS
"Fergie has a cologne called ""Eternity"".",NOT ENOUGH INFO
Martina Hingis refused to partner with Daniela Hantuchová.,REFUTES
Ethan Hawke is a Catholic.,NOT ENOUGH INFO
Timothy Olyphant is not an actor.,REFUTES
Kajal Aggarwal has yet to star in any films.,REFUTES
Frank Ocean is an entertainer.,SUPPORTS
Gabrielle Union has not appeared on television sitcoms.,REFUTES
Maggie Gyllenhaal acts.,SUPPORTS
The Gadsden flag was designed.,SUPPORTS
Bill Clinton was found not guilty by the United States Senate.,SUPPORTS
Daniel Craig has appeared in at least four movies.,SUPPORTS
There is an American crime movie from 2002 with Daniel Craig in it.,SUPPORTS
Earth is an astronomical body orbiting a star.,SUPPORTS
"Oakland, California is the smallest city in California.",REFUTES
Alessia Cara is from North America.,SUPPORTS
Gwen Stefani is a person.,SUPPORTS
Over 100 flowers comprise 1 jackfruit.,SUPPORTS
The Vampire Diaries aired fifty seasons.,REFUTES
Debbie Reynolds starred in a film.,SUPPORTS
"Boston was founded on July 20th, 1630.",NOT ENOUGH INFO
The Mummy is an action-adventure movie.,SUPPORTS
Radioactive is the title of a song.,SUPPORTS
"The capital of Bali has 350,000 people and is located in the southern part of the island.",REFUTES
Several bands have been formed by Mike Portnoy.,SUPPORTS
Estella Warren is a swimmer.,SUPPORTS
Daz Dillinger is a lawyer.,NOT ENOUGH INFO
San Francisco is not the headquarters of multiple Internet-based companies.,REFUTES
50 First Dates is a 2017 film.,REFUTES
Sharon Tate was a person.,SUPPORTS
Lily Collins was nominated for an Academy Award.,NOT ENOUGH INFO
Signature use of the whistle register is had by Mariah Carey.,SUPPORTS
Calvin Harris has more songs on the UK Singles Chart than Michael Jackson.,SUPPORTS
Investment funds are also referred to by other names.,NOT ENOUGH INFO
Jean-Martin Charcot was born in the 19th century.,SUPPORTS
Mike Judge is a person.,SUPPORTS
Look at My Dab is rarely a song.,REFUTES
Zooey Deschanel is a person.,SUPPORTS
Touch had David Mazouz in its cast.,SUPPORTS
Pompeii is in Italy.,SUPPORTS
Miley Cyrus is an actress.,SUPPORTS
Baahubali 2: The Conclusion is a 2017 Indian film.,SUPPORTS
Ketogenic diet is a low sodium diet.,NOT ENOUGH INFO
Adele was given a recording contract by XL Recordings.,SUPPORTS
The X Factor is a TV show.,SUPPORTS
AC/DC is only a polka band.,REFUTES
Persuasion (2007 film) premiered on March.,REFUTES
Alex Sharp was in a Broadway show.,SUPPORTS
Trevor Noah has been the host of The Daily Show since 2015.,SUPPORTS
Jared Leto is an American singer.,SUPPORTS
Mark Wahlberg was also known by his stage name Marky Mark.,SUPPORTS
The Coen brothers directed a film.,SUPPORTS
Wyoming is the tenth largest state in the country by area.,SUPPORTS
Jackie Robinson's uniform number was famous.,SUPPORTS
"Conan O'Brien was born on April 18, 1963.",SUPPORTS
Thandie Newton has appeared in Australian films.,NOT ENOUGH INFO
How to Lose Friends & Alienate People stars Robert DeNiro.,NOT ENOUGH INFO
Rebecca Hall works in the entertainment industry.,SUPPORTS
Arnold Schwarzenegger was a movie.,REFUTES
Judy Greer works as an actor.,SUPPORTS
Adventure Time is a series on Cartoon Network.,SUPPORTS
Tom Brady played for the University of Iowa.,NOT ENOUGH INFO
Demi Lovato advocates for women's rights.,SUPPORTS
The Golden Girls is about four older women that share a Thanksgiving meal.,NOT ENOUGH INFO
Newspapers include reviews.,SUPPORTS
Laurence Fishburne acted in a movie.,SUPPORTS
Nineteen Eighty-Four is a novel written by George Orwell.,SUPPORTS
Joe Biden was a government official.,SUPPORTS
Snoop Dogg was born in the 70s.,SUPPORTS
Felicity Huffman is a saxophonist who is best known for her role in the comedy-drama and mystery series Desperate Housewives.,NOT ENOUGH INFO
Kaakha Kaakha was directed by Gautham Menon in 2002.,NOT ENOUGH INFO
The Wild Thornberrys is a only a book.,REFUTES
Fergie was in The Black Eyed Peas.,SUPPORTS
Anil Kapoor is a feather.,REFUTES
Marlon Brando was number four on a list in 1958.,SUPPORTS
Mel Gibson directed and produced a Talmudic drama film.,NOT ENOUGH INFO
Houston's economy has an industrial base that is categorically broad.,SUPPORTS
Fairfield Grammar School was a secondary school until 1994.,NOT ENOUGH INFO
Katrina Kaif acts.,SUPPORTS
Morgan Freeman is a writer.,NOT ENOUGH INFO
Alfred Hitchcock framed shots to maximize hair.,NOT ENOUGH INFO
Ty Cobb never touched a baseball bat or ball.,REFUTES
Neve Campbell appeared on television.,SUPPORTS
Hopman Cup has been attended by Harry Hopman's doctor.,REFUTES
"A central venous catheter is also known as a CVC, a central line, central venous line, or central venous access catheter.",SUPPORTS
Blink-182 is not a band.,REFUTES
Poland is located in Central Asia.,REFUTES
The Hobbit is only a romance novel.,REFUTES
Jake Gyllenhaal is in zero movies.,REFUTES
Born This Way is only a poem.,REFUTES
Vanilla Sky stars a fashion model.,SUPPORTS
Gary Ridgway killed people.,SUPPORTS
Frank Sinatra only released his debut album in 1941.,REFUTES
Aaliyah always worked alone.,NOT ENOUGH INFO
Michael Clarke Duncan appeared in a 1998 American science fiction film.,SUPPORTS
Moana is a film.,SUPPORTS
James Cook claimed the eastern half of Australia in 1770.,NOT ENOUGH INFO
One British sci-fi tv series is Black Mirror.,SUPPORTS
Before We Go is a suspenseful comedy film released through Pixar.,NOT ENOUGH INFO
Ad-Rock is married to a person.,SUPPORTS
The Leftovers stars Amy Whinehouse.,REFUTES
Joe Hart played in the 2001-2 season.,NOT ENOUGH INFO
Hayden Panettiere was ten years old when she starred in Remember the Titans.,SUPPORTS
Leonardo DiCaprio is an actor.,SUPPORTS
See You Again (Miley Cyrus song) has zero remixed versions.,REFUTES
19 Kids and Counting was a motion picture.,REFUTES
"Henrietta Maria of France was queen consort of Portugal, Scotland, and Ireland.",SUPPORTS
The creators of Spider-Man gave the character long arms.,NOT ENOUGH INFO
Monica Seles played her last professional match at the second Grand Slam event of 2003.,SUPPORTS
Death in Paradise has had repeated renewals and is acclaimed.,SUPPORTS
Superman is a Marvel Comics character.,REFUTES
James Garner received an Academy Award contract.,NOT ENOUGH INFO
Chess is considered illegal by a Spanish Government organization.,NOT ENOUGH INFO
Brían F. O'Byrne is the only person who appears in No Reservations.,REFUTES
"One Direction's Where We Are Tour was the highest grossing tour ever by a vocal group, generating $282 million.",SUPPORTS
Eminem is an artist.,SUPPORTS
"Sue Vertue produced a sitcom that ended on June 14, 2004.",NOT ENOUGH INFO
The Miami Marlins participate in the AL East.,NOT ENOUGH INFO
"Charles, Prince of Wales was disowned and disinherited from his mother, making his claim to the UK throne null.",REFUTES
The Greenland shark has a skeleton.,NOT ENOUGH INFO
Greyson Chance sings.,SUPPORTS
U2 is a rock band.,SUPPORTS
Kumail Nanjiani starred in a comedy.,SUPPORTS
Steven Spielberg has spent his whole career managing a CVS.,REFUTES
Jon Pertwee was in a series from 1987 to 1989.,SUPPORTS
Minos fathered Glaucus and he was Greek.,SUPPORTS
The United Kingdom is a constitutional monarchy.,SUPPORTS
Cricket has players.,SUPPORTS
Shantel VanSanten has been featured in Vogue's sister publication.,SUPPORTS
Baylor University is exclusively a Methodist university.,REFUTES
Dream Theater had Mike Portnoy in it.,SUPPORTS
Neil Armstrong commanded the Apollo 11 mission in July 1969.,SUPPORTS
Steven Price (composer) is European.,SUPPORTS
Pierrot is renowned for their gourmet cheeses.,NOT ENOUGH INFO
Machine Gun Kelly is from a Christian family.,REFUTES
42 was released in 2013 all across the globe.,NOT ENOUGH INFO
"Usher was raised in Chattanooga, Tennessee.",SUPPORTS
Leonardo da Vinci was not an engineer.,REFUTES
Tommy Lee Jones portrayed a character in The Fugitive.,SUPPORTS
Alfred Hitchcock had a marriage that lasted nearly 30 hours.,NOT ENOUGH INFO
Omar Sharif spoke English and French fluently.,SUPPORTS
The Chernobyl disaster was a catastrophic nuclear failure.,SUPPORTS
Leonardo DiCaprio is an actor.,SUPPORTS
Radiohead released an album.,SUPPORTS
Natalie Portman acts in movies.,SUPPORTS
Decision making and role-playing are involved in Until Dawn.,NOT ENOUGH INFO
Missing stars Joan Cusack.,REFUTES
All filming for Arrested Development occurred in Detroit.,REFUTES
Kurt Sutter created an FX series.,SUPPORTS
Macaulay Culkin was a celebrity's child.,NOT ENOUGH INFO
The Host stars people only born during June.,REFUTES
Vikram acted in a Tamil-language movie.,SUPPORTS
The Girl on the Train was produced by a Canadian.,NOT ENOUGH INFO
The Who included philosopher Zak Starkey.,REFUTES
Sean Spicer was a father from 2011 to 2017.,NOT ENOUGH INFO
John D. Rockefeller smoked a cigar every day.,NOT ENOUGH INFO
Tunisia was occupied.,SUPPORTS
Psychology explores behavior and mental processes.,SUPPORTS
Jean Grey is a setting.,REFUTES
Gabrielle Union was not in Bring It On.,REFUTES
FC Barcelona is a sports club.,SUPPORTS
George W. Romney's teacher is an American businessman and politician.,NOT ENOUGH INFO
Andorra is in a place.,SUPPORTS
Philip Seymour Hoffman is a thespian.,SUPPORTS
Kurt Angle is a wrestler.,SUPPORTS
Bette Davis is an astronomical object.,REFUTES
Alfred Hitchcock did not direct any movies.,REFUTES
Justin Bieber has been the winner of awards.,SUPPORTS
Marlon Brando was in a film.,SUPPORTS
John Kiffmeyer creates music.,SUPPORTS
Shawn Mendes has never met Andrew Gertler.,NOT ENOUGH INFO
Mark Ruffalo is a person.,SUPPORTS
Break on Me is only a short story.,REFUTES
Lily Collins was given honors.,SUPPORTS
David Carradine acted.,SUPPORTS
Carmelo Anthony is not a basketball player.,REFUTES
Leslie Groves graduated from the United States Military Academy at West Point in New York.,SUPPORTS
The fifth president of Iraq was Saddam Hussein.,SUPPORTS
The Vampire Diaries was on the CW.,SUPPORTS
Big Boi writes songs.,SUPPORTS
Pink Floyd has a member called David Gilmour.,SUPPORTS
The career of John Williams is composer.,SUPPORTS
CeeLo Green is on the billboard charts multiple times.,SUPPORTS
Emily Dickinson's poetry was never edited by publishers during her lifetime.,REFUTES
Joan Cusack was in anything except a romantic comedy-drama film.,REFUTES
A king of Scotland was Charles II of England.,SUPPORTS
Aruba is divided into eight regions for U.S. census purposes.,NOT ENOUGH INFO
"David Angell and his wife died on September 11, 2001.",SUPPORTS
Lee Min-ho is a South Korean actor.,SUPPORTS
The National Security Agency is responsible for SIGINT.,SUPPORTS
Russell Crowe won awards for his role in the film A Beautiful Mind.,SUPPORTS
Facebook is from America.,SUPPORTS
Doctor Who first aired in November of 1963.,SUPPORTS
Steve Coogan portrayed a rich publisher.,SUPPORTS
Venice is located in the Venetian Lagoon.,NOT ENOUGH INFO
Adele released at least two songs.,SUPPORTS
The Golden State Warriors play basketball.,SUPPORTS
Nepal is a nation.,SUPPORTS
Sophia Abrahão has only ever been a singer.,REFUTES
Outlander (TV series) was renewed for a third and fourth season in response to the audience's reaction.,NOT ENOUGH INFO
Laura Linney was on the Titanic.,NOT ENOUGH INFO
The Secret Life of Us has aired in Europe.,SUPPORTS
Jeff Goldblum starred in a film.,SUPPORTS
Cloud Atlas is adapted from The God of Small Things.,REFUTES
Glee was a TV series.,SUPPORTS
Born This Way is an album.,REFUTES
The Bachelorette is a show.,SUPPORTS
Charlie Rubin turned down a writing job for Seinfeld.,REFUTES
Here Comes the Sun was recorded at Abbey Road Studios in the summer of 1969.,REFUTES
Otto Delaney is a role played by Kurt Sutter.,SUPPORTS
Rabat is a county.,REFUTES
Zeus is the child of Rhea.,SUPPORTS
Laura Linney was on the Titanic.,REFUTES
Ji Chang-wook is from South Korea.,SUPPORTS
"Corey Taylor joined Slipknot in 1997 to replace their original vocalist, Anders Colsefni.",SUPPORTS
Laurence Olivier played a title role in The Entertainer film.,SUPPORTS
Eddie Vedder is only a chef.,REFUTES
Nazi Germany was under the authority of Hitler.,SUPPORTS
Nicki Minaj has been nominated for an award.,SUPPORTS
Edward I of England suppressed a rebellion in 1212.,NOT ENOUGH INFO
Nocturnal Animals is not a film.,REFUTES
Ronda Rousey's first feature film role was as the lead in The Expendables 3.,NOT ENOUGH INFO
Derrick Rose was named NBA Pastry Chef of the Year.,NOT ENOUGH INFO
The current Doctor is the twelfth.,SUPPORTS
Hunter S. Thompson was an author.,SUPPORTS
Lily Collins has acted.,SUPPORTS
Dennis was a Speaker of the United States House of Representatives.,SUPPORTS
J. Howard Marshall was a baby.,SUPPORTS
California Gurls is a song that is part of Katy Perry's third studio album.,SUPPORTS
Anne Bancroft lost two Tony Awards.,NOT ENOUGH INFO
Dr. Dre's solo album is titled 2001.,SUPPORTS
Catherine of Alexandria is also known by other names.,SUPPORTS
Sunrise created anime.,SUPPORTS
Borussia Dortmund is German.,SUPPORTS
International Relations includes nuclear proliferation.,SUPPORTS
Debbie Reynolds was not on Broadway.,REFUTES
Snow White and the Seven Dwarfs (1937 film) involves computer graphics.,REFUTES
The Thénardiers are fictional characters from a novel.,SUPPORTS
Tom Felton acted in films.,SUPPORTS
Novak Djokovic competed in the finals at all of the nine ATP Masters 1000 series of contests.,SUPPORTS
Anne Bancroft was in a film.,SUPPORTS
The World Bank Group's activities include pollution reduction.,SUPPORTS
Patrick Wilson is a Texan.,NOT ENOUGH INFO
Russell Brand was killed in 1975.,REFUTES
Radiohead is a single person.,REFUTES
Venus Williams has a Grand Slam championship.,SUPPORTS
Richard III of England died in the 15th century.,SUPPORTS
Diego Costa is an athlete.,SUPPORTS
Logic has a mixtape called Bobby Tarantino released in 2016.,SUPPORTS
Elvis & Nixon stars an American actor.,SUPPORTS
Moana is a movie that used computer-animation.,SUPPORTS
Gabourey Sidibe was born in 1989.,REFUTES
That '70s Show is a German sitcom.,REFUTES
Megan Fox performed on Hope & Faith.,SUPPORTS
Akshay Kumar is an actor.,SUPPORTS
Boeing 777 planes have two engines.,SUPPORTS
KFC is not the world's second-largest restaurant chain.,REFUTES
Quebec is a province.,SUPPORTS
The Boot Monument is a Revolutionary Makeup memorial.,NOT ENOUGH INFO
Evan Goldberg is a German director.,NOT ENOUGH INFO
Gene Hackman died before co-starring with a comedian.,REFUTES
Apollo 11 was launched from Lincoln Space Center.,REFUTES
The creators of Spider-Man gave the character the ability to shoot webs.,SUPPORTS
Brock Lesnar was in New Japan Pro Wrestling.,NOT ENOUGH INFO
Tom Felton has an acting career.,SUPPORTS
Diane Ruggiero is an American writer.,SUPPORTS
Oliver Reed was in a movie.,SUPPORTS
Venus Williams has a sibling.,SUPPORTS
Carole King plays music.,SUPPORTS
Paul Thomas Anderson has done at least nine films.,SUPPORTS
Islam does not have any followers.,REFUTES
Kate Nash is a fugitive.,NOT ENOUGH INFO
Vito Corleone has daughters.,REFUTES
"Tyler, The Creator is a recording artist.",SUPPORTS
Kiiara is a person.,SUPPORTS
Wayne Rooney is part of a soccer team.,SUPPORTS
Arrow is a place.,REFUTES
Nazi Germany promoted specific art forms.,SUPPORTS
Ballet Shoes premiered on television.,SUPPORTS
Bob Kane and Jerry Robinson claim responsibility for the Joker's design.,SUPPORTS
Jon Huntsman Jr. served as United States Ambassador.,SUPPORTS
MS Dhoni was in the 2011 World Cup.,SUPPORTS
Moana is an animated film.,SUPPORTS
Bradford is a capital.,SUPPORTS
Lighting Point was filmed in Hollywood in 2011.,REFUTES
Laadla is an Indian Hindi language film.,NOT ENOUGH INFO
Ariana Grande's albums have been sold.,SUPPORTS
Steve Harvey is a man.,SUPPORTS
The Fujitsu iPAD was introduced in 2002.,SUPPORTS
The Outcasts was released in limited theaters and through video-on-demand.,SUPPORTS
Womb (film) starred a French actress name Eva Green.,SUPPORTS
Richard III of England died.,SUPPORTS
The Strangers is a horror film.,SUPPORTS
Star Wars: The Force Awakens was nominated for Academy Awards.,SUPPORTS
Eugenio Canfari played a sport.,SUPPORTS
Schindler's List premiered in the United States.,SUPPORTS
Giada De Laurentiis does not appear on an NBC show.,REFUTES
Vienna is in Austria.,SUPPORTS
Kathy Bates rose to prominence with her performance in fish.,REFUTES
Charles Dance played Alastair Denniston in the film The Imitation Game.,SUPPORTS
There are risk factors to getting dementia.,SUPPORTS
Richard Curtis founded a company in a year.,SUPPORTS
The Chainsmokers had at least one song.,SUPPORTS
Melbourne is where Gerald Lee was born.,SUPPORTS
"Snowden was filmed in Munich, Germany.",SUPPORTS
Travis Barker was part of an award-winning American rock band.,NOT ENOUGH INFO
Anne Bancroft was sentenced by a jury.,NOT ENOUGH INFO
Empress Matilda was the daughter of the king of England.,SUPPORTS
Popstar: Never Stop Never Stopping's producer was Judd Apatow.,SUPPORTS
Catherine Tregenna wrote episodes of a drama.,SUPPORTS
Drew Barrymore starred in a film.,SUPPORTS
In 1968 O. J. Simpson won an award.,NOT ENOUGH INFO
Chandni stars an actor born on September 4.,SUPPORTS
Sherlock is exclusively a book series.,REFUTES
Miranda Cosgrove is tone deaf.,NOT ENOUGH INFO
Alex Rodriguez has scored over 1000 runs.,SUPPORTS
Rabat has a metropolitan population of under 1.2 million.,REFUTES
The Formula (1980 film) is a 1980 creative work.,NOT ENOUGH INFO
Gillian Anderson is incapable of being an actress.,REFUTES
British Columbia engages in outdoor recreation.,NOT ENOUGH INFO
Peyton Manning is an athlete.,SUPPORTS
Michael Jackson was a dancer.,SUPPORTS
Helen Hunt made her directorial debut in 2007.,SUPPORTS
Calvin Harris became the first artist to place three songs simultaneously on the top 10 of Billboard's Dance/Electronic Songs chart.,SUPPORTS
Denis Leary is a tire iron.,REFUTES
Andrew Stanton has been incapable to work on animated movies his entire life.,REFUTES
Tom Felton has an acting career.,SUPPORTS
Liv Tyler performed in a film.,SUPPORTS
Only Lovers Left Alive starred an actor born on May 9.,REFUTES
Philip Seymour Hoffman was in a movie.,SUPPORTS
Darth Vader has been portrayed by three actors.,NOT ENOUGH INFO
Tom Hanks has been awarded the French Legion of Honor.,SUPPORTS
Iain Glen is a person who acts in films.,SUPPORTS
Richard Branson worked.,SUPPORTS
Will Ferrell starred in Menashe.,NOT ENOUGH INFO
Cerebral palsy has been documented throughout history.,SUPPORTS
Black Sabbath is a punk rock band.,NOT ENOUGH INFO
Liev Schreiber is a director.,SUPPORTS
Nina Simone was enrolled in a conservatory.,SUPPORTS
Thor: The Dark World is distributed by NBC Universal.,REFUTES
International Relations only includes the entertainment industry.,REFUTES
Marlon Brando was in a film by someone born in February and he was American.,SUPPORTS
Jacinda Barrett first became known to Americans as a cast member on The Real World: London.,NOT ENOUGH INFO
The Caspian Sea is located in western Asia.,REFUTES
Dragon is derived from an independent branch of a language family.,SUPPORTS
Daniel-Day Lewis was not in films.,REFUTES
Sa Talaiassa is in the Balearic Islands of Russia.,REFUTES
Anne Hathaway is an actress.,SUPPORTS
Android has been a country of broadband and dial-up usage.,REFUTES
"In August of 1986, Dan Martin was born.",SUPPORTS
Tall Story features music and dance.,NOT ENOUGH INFO
Keanu Reeves was the prince in a production of Hamlet.,SUPPORTS
Charles II of England had a brother.,SUPPORTS
Kill Bill: Volume 2 tells a story of revenge.,SUPPORTS
"Richmond, Virginia is a city.",SUPPORTS
Katrina Kaif is in Indian films.,SUPPORTS
Beauty Shop stars a singer.,SUPPORTS
Sue Bird is an athlete.,SUPPORTS
Bahrain is located between the Qatar peninsula and the north eastern shore of Saudi Arabia.,SUPPORTS
Big Bang won the Mnet Korean Music Festival's Artist of the Year award in 2008.,SUPPORTS
The Narrows stars Monica Keena.,SUPPORTS
Haim Saban is an Israeli-American television producer.,SUPPORTS
Louis T. Leonowens lived past the year 1919.,REFUTES
English language isn't influenced by Romance languages.,SUPPORTS
One World Trade Center opened in New York.,SUPPORTS
Ozzy Osbourne has a Brummie accent.,SUPPORTS
The Beatles were a band.,SUPPORTS
Elephants have been featured in places.,SUPPORTS
Shia LaBeouf starred in a film.,SUPPORTS
Jim Carrey is a performer who portrays a character.,SUPPORTS
Blake Edwards was a producer.,SUPPORTS
The Beatles were a car company.,REFUTES
Leonardo DiCaprio is a fish.,REFUTES
Dumb and Dumber stars an award-winning author.,NOT ENOUGH INFO
The Strangers was filmed next to Bryan Bertino.,NOT ENOUGH INFO
Birth of the Dragon is a work.,SUPPORTS
Scanline VFX is credited for visual effects for Hereafter.,SUPPORTS
The Celtic F.C. is based in the United States.,REFUTES
Adrienne Bailon is an American dancer.,SUPPORTS
``Dreams Come True'' is the series finale of Glee that received most views.,NOT ENOUGH INFO
The Backstreet Boys is a TV show.,REFUTES
Cindy McCain is married to a presidential nominee from the late 2000s.,SUPPORTS
Marlon Brando appeared in a film.,SUPPORTS
Adele's home suburb is Cambridge in London.,REFUTES
There is an American fantasy adventure film called A Wrinkle in Time.,REFUTES
Maya Rudolph worked on the film Grown Ups.,SUPPORTS
John Lennon was a member of a band.,SUPPORTS
Brian Helgeland wrote for an award-winning film.,NOT ENOUGH INFO
Josh Duhamel acts.,SUPPORTS
The Underworld film series consists of five cats.,REFUTES
Tom Cruise did not win a Saturn Award.,REFUTES
There are 20 episodes in Teen Wolf's sixth season.,SUPPORTS
Michael J. Fox acts.,SUPPORTS
David Mazouz was in Touch as Jacob Bohm.,SUPPORTS
Ketogenic diet contains nutrients.,NOT ENOUGH INFO
Gwen Stefani was the lead singer of No Doubt.,SUPPORTS
John Heard starred as the main character in The Sopranos.,REFUTES
Elle Fanning never starred in a film directed by J. J. Abrams.,REFUTES
In & Out is an American romantic comedy film.,SUPPORTS
Joaquin Phoenix is a vegan and has been since he was three years old.,SUPPORTS
Sansa Stark is portrayed in a television show by Sophie Turner.,SUPPORTS
Ridley Scott is the director of a film.,SUPPORTS
Washington Naval Conference was held in Washington DC.,SUPPORTS
Lexmark is a Chinese-owned corporation based in America.,SUPPORTS
Fairfield Grammar School was a school.,SUPPORTS
Iran is a power.,NOT ENOUGH INFO
One Direction made music.,SUPPORTS
Greece shares land borders with Albania.,SUPPORTS
Christopher Lee's final album was released on his 82nd birthday.,NOT ENOUGH INFO
Beyoncé is a singer.,SUPPORTS
The 1998 NFL Draft was held in a city.,SUPPORTS
Jackie Evancho has a middle name.,SUPPORTS
The English language is the most commonly spoken language in the solar system.,NOT ENOUGH INFO
Tom Hardy appeared in a French-British crime thriller movie.,SUPPORTS
Star Wars: The Force Awakens isn't a film.,REFUTES
Tim Rice worked on surgeries.,NOT ENOUGH INFO
The Academy Honorary Award was instituted.,SUPPORTS
Pompeii had a water system.,SUPPORTS
Furia is penned by a screenwriter.,SUPPORTS
Lay (entertainer) is a Malaysian.,NOT ENOUGH INFO
Huntington's disease is a disorder that may be inherited.,SUPPORTS
Foo Fighters have eight singles.,NOT ENOUGH INFO
Isabella of France was regent of England.,SUPPORTS
Samsung Life Insurance is part of a conglomerate.,SUPPORTS
Ivan Lendl is a baseball player.,REFUTES
Moscow is in a country.,REFUTES
Aaron Taylor-Johnson starred in the 2006 film Godzilla.,SUPPORTS
Cate Blanchett played Elizabeth I in 1998.,SUPPORTS
Ancient Egypt followed prehistoric Egypt in 3150 BC.,SUPPORTS
How I Met Your Mother's directors include Neil Patrick Harris who direct the series finale.,REFUTES
Leonardo da Vinci spent part of his early life in the service of Elizabeth Báthory.,REFUTES
Rajesh Khanna was not Indian.,REFUTES
Patriot Act allows law enforcement officers to search a home without permission or consent of owner.,SUPPORTS
Tanzania is a highly multilingual island.,REFUTES
Brian Eno worked with Graham Simpson and he was talented.,NOT ENOUGH INFO
George W. Bush was a president.,SUPPORTS
Ryan Gosling took a three year sabbatical.,NOT ENOUGH INFO
Memento is a work.,SUPPORTS
Macbeth was written by William Shakespeare.,SUPPORTS
John Mayer won a house.,NOT ENOUGH INFO
Isabella of France lost her life in 1358.,SUPPORTS
Albert Einstein endorsed the Einstein–Szilárd letter to urge the US to begin researching new bombs.,NOT ENOUGH INFO
Transformers: The Last Knight stars Josh Duhamel and Jeff Bezos.,NOT ENOUGH INFO
Catherine Zeta-Jones reviewed No Reservations.,NOT ENOUGH INFO
Destiny was the first game in a ten-year agreement between Bungie and Activision to create a new franchise.,SUPPORTS
Dangal premiered in Canada in 2016.,SUPPORTS
Two or more Tina Turner albums were released in the 80s.,SUPPORTS
Jeff Ament is part of the organization Pearl Jam.,SUPPORTS
Destiny is in a first-person perspective.,SUPPORTS
Melina Matsoukas directed We Found Love's music video.,SUPPORTS
Roger Federer is a player of the sport tennis.,SUPPORTS
A.J. Cook worked with an actor.,SUPPORTS
Dylan O'Brien is in a movie that will come out in 2018.,SUPPORTS
The wendigo is a cannibal goblin.,NOT ENOUGH INFO
Eminem was not a member of The Dirty Dozen.,REFUTES
Tardigrades are eight-legged.,SUPPORTS
The Big Trail is a movie.,SUPPORTS
Jessica Lange is a performer.,SUPPORTS
Alfred Hitchcock became a dentist in 1955.,REFUTES
Sherrybaby was screened at the Sundance Film Festival in 2006.,SUPPORTS
The Bold and the Beautiful premiered in August.,REFUTES
Derrick Rose is not a basketball player.,REFUTES
Will Ferrell was employed on Stranger Than Fiction.,SUPPORTS
Slash is not in Guns N' Roses.,REFUTES
Kerala was formed in 1956.,SUPPORTS
Abraham Lincoln was a truck.,REFUTES
Dennis Quaid was in a movie with Americans.,SUPPORTS
J. K. Rowling was born on the 31st.,SUPPORTS
Heinrich Himmler was Chief of Russian Police.,NOT ENOUGH INFO
Selena Gomez starred in a movie.,SUPPORTS
Joseph Stalin was a squid.,REFUTES
A Queen of France was Marie Antoinette.,SUPPORTS
Melissa McCarthy has starred in an action film.,SUPPORTS
"Tesla, Inc. refuses to make electric cars.",REFUTES
Lance Armstrong raced professionally.,SUPPORTS
Doctor Who was written by the Ancient Greeks.,REFUTES
There is a book Wishful Drinking.,SUPPORTS
Christie Brinkley has been named one of the least attractive women ever.,NOT ENOUGH INFO
Star Trek had zero films.,REFUTES
Xbox One was not made by Microsoft.,REFUTES
South East England is the most populous region in France.,REFUTES
Jim Rash is an American screenwriter.,SUPPORTS
Katrina Kaif has yet to work with Kabir Khan.,REFUTES
Danny Bilson and Paul De Meo wrote The Flash.,SUPPORTS
FC Barcelona is being sued in Barcelona.,NOT ENOUGH INFO
Darth Vader leads the Galactic Empire.,NOT ENOUGH INFO
America is a country where Confessions was sold.,SUPPORTS
September was the month when The Reader (2008 film) production began in Germany.,SUPPORTS
Turkey is a new recruit of The G20.,REFUTES
Cristiano Ronaldo was unathletic.,REFUTES
The characters in Grey's Anatomy try to maintain personal lives and relationships.,SUPPORTS
Huntington's disease is a disorder that may be inherited.,SUPPORTS
Luxembourg is a steak with a salad.,REFUTES
Ray Milland is a thespian.,SUPPORTS
Gerald Ford was a politician.,SUPPORTS
Alexander Lebedev part owns a Russian newspaper.,SUPPORTS
Myles Kennedy has released five studio albums.,SUPPORTS
Richard Ramirez calmed residents from June 1984 until August 1985.,REFUTES
Snoop Dogg was born in the 50s.,REFUTES
Subhas Chandra Bose had political beliefs.,SUPPORTS
Moscow is nowhere near Russia.,REFUTES
Mexico is considered an upper-middle income country by the World Bank.,SUPPORTS
Penny Dreadful's premiere was on May 11.,REFUTES
Wyatt Earp became a father.,NOT ENOUGH INFO
The Long Run was co-written by Glenn Frey.,SUPPORTS
Minos fathered Xenodice.,SUPPORTS
There Will Be Blood has been released.,SUPPORTS
Liv Tyler had a job.,SUPPORTS
Arkham Asylum's patients are comprised of Harley Quinn.,SUPPORTS
Jesus is involved in Christianity.,SUPPORTS
Imagine Dragons sold the most albums in 2013.,NOT ENOUGH INFO
Music Bank (TV series) has been hosted by an Asian.,SUPPORTS
Mr. Nobody was directed by Jaco Van Dormael.,SUPPORTS
Britney Spears' ninth EP is Blackout.,REFUTES
The 1933 satirical comedy Our Betters was directed by George Cukor.,SUPPORTS
Billy Joel is not involved in the music industry.,REFUTES
Akshay Kumar is in Hindi cinema.,SUPPORTS
Lisa Kudrow starred in Web Therapy.,SUPPORTS
The brown bear is of the Ursidae family.,SUPPORTS
Dr. Dre was previously the co-owner of Death Row Records.,SUPPORTS
Shallow Hal is a film.,SUPPORTS
The National Library of India is Australia's largest library.,REFUTES
Funny Girl (film) is incapable of being a musical film.,REFUTES
Tanzania is in America.,REFUTES
"Emilio Estevez wrote, directed, and acted in a film.",SUPPORTS
Pembroke Castle is a structure.,SUPPORTS
True Detective is not a crime drama.,REFUTES
Aishwarya Rai has acted.,SUPPORTS
Gerard Butler has not appeared on film.,REFUTES
Edgar Allan Poe was born.,SUPPORTS
Jennifer Garner works as an early childhood education activist.,SUPPORTS
Snoop Dogg is from a city.,SUPPORTS
American Pie was famous in 1999.,NOT ENOUGH INFO
Dylan O'Brien was not injured while filming Maze Runner: The Death Cure.,SUPPORTS
Eddie Vedder was the vocalist of Pearl Jam and was a solo act.,SUPPORTS
Glee received reviews.,SUPPORTS
Halle Berry came in 6th place in the Miss World Pageant in 1986.,SUPPORTS
Zinedine Zidane played soccer.,SUPPORTS
The 1991 NBA FInals had the Bulls in it.,SUPPORTS
Nigeria is the third most populous country in Africa.,REFUTES
A British television series stars Rowan Atkinson.,SUPPORTS
The Offspring released Smash in space.,NOT ENOUGH INFO
English language is influenced by Norman French.,SUPPORTS
Jimmy Carter was the governor of Georgia.,SUPPORTS
Audrey Hepburn was inducted into the Rock and Roll Hall of Fame.,NOT ENOUGH INFO
Vera Farmiga acted in  the 2009 horror film Orphan.,SUPPORTS
Keegan-Michael Key was the only person ever to voice act in Hotel Transylvania 2.,REFUTES
Metallica is a band based in America.,SUPPORTS
Snoop Dogg has worked in Finance.,NOT ENOUGH INFO
Natasha Richardson is a person who acts.,SUPPORTS
Steve Mouzakis was in the film Where the Wild Things Are.,SUPPORTS
Beauty Shop stars a human.,SUPPORTS
Brave is a 2012 film.,SUPPORTS
Divergent was released on DVD.,SUPPORTS
The Jackson family included a musician.,SUPPORTS
Sofía Vergara is Nigerian-American.,NOT ENOUGH INFO
Colombia is only a state.,NOT ENOUGH INFO
Treasure is by Bruno Mars.,SUPPORTS
J. J. Cale was born on Thanksgiving.,REFUTES
Gennady Golovkin boxes.,SUPPORTS
Game of thrones is acclaimed by critics.,SUPPORTS
Dwayne Johnson lost the WWF Tag Team Championship five times.,SUPPORTS
The term cult film itself was used to describe the culture that surrounded underground films and midnight movies.,SUPPORTS
This Sporting Life was directed by someone who died in 2000.,REFUTES
Lamniformes include at least one rare species of shark.,SUPPORTS
Tim Rice wrote a rock opera with Andrew Lloyd Webber.,SUPPORTS
Star Wars: The Force Awakens is a work.,SUPPORTS
A table was a music video director.,NOT ENOUGH INFO
One professional wrestler is Kurt Angle.,SUPPORTS
Willie Nelson was not a musician.,REFUTES
Music Bank (TV series) has been hosted by an Asian.,SUPPORTS
Ridley Scott is the director of a film.,SUPPORTS
Russell Crowe is exclusively a theatre actor.,REFUTES
Nelson Mandela was a humanitarian.,SUPPORTS
Honest is an album by Future.,SUPPORTS
Leyton Orient F.C. is located in London.,SUPPORTS
Vladimir Putin was the Chairman of the ruling Communist Party of the Russian Federation.,NOT ENOUGH INFO
Family Guy has zero seasons.,REFUTES
There was an academy called the Prussian Academy of Sciences.,SUPPORTS
There is a major film studio.,SUPPORTS
The Night Of was directed by American screenwriter Steven Zaillian and British director James Marsh.,SUPPORTS
Cracks's genres are comedy and romance only.,REFUTES
Russia's capital is Moscow.,SUPPORTS
Interstellar is a motion picture.,SUPPORTS
Arrested Development filmed partially in a closed set.,NOT ENOUGH INFO
Hadera is in Jerusalem.,NOT ENOUGH INFO
Robert Redford has directed.,SUPPORTS
Sarah Michelle Gellar was in All My Children.,SUPPORTS
Judy Garland appeared in a film.,SUPPORTS
Saif Ali Khan is an actor.,SUPPORTS
Destiny is not centered around gun and weapon-based combat.,NOT ENOUGH INFO
Social anxiety disorder is only an autoimmune disorder.,REFUTES
Bruno Mar's band plays different instruments.,SUPPORTS
Venus Williams has a Grand Slam championship.,SUPPORTS
Broad Green Pictures was founded in 2012.,REFUTES
Kate Nash was dropped from her record label.,SUPPORTS
Green Day plays music.,SUPPORTS
Everybody Needs a Best Friend's lyrics were written by Seth MacFarlane.,SUPPORTS
Andrew Jackson was a person.,SUPPORTS
Heather Watson is British.,SUPPORTS
Baby Driver was released in 2013.,REFUTES
Michelle Williams is a singer.,NOT ENOUGH INFO
Lyme disease is caused by bugs.,SUPPORTS
Russell Crowe married Ridley Scott.,NOT ENOUGH INFO
David Harbour has performed in theater.,SUPPORTS
Daniel-Day Lewis was not in films.,REFUTES
Zlatan Ibrahimović only played on North American football clubs.,REFUTES
Winona Rider has only ever played one role.,REFUTES
"Dan Martin died August 20, 1986.",REFUTES
Lymph nodes are major sites of B lymphocytes that plays a central role in cell-mediated immunity.,SUPPORTS
Dawn of the Dead is a film.,SUPPORTS
Michelle Obama gave a speech in Pennsylvania.,SUPPORTS
Joey Graceffa worked with an American website.,SUPPORTS
Kaakha Kaakha had a writer and a director.,SUPPORTS
Tom Hardy has acted in an adaptation of a novel.,SUPPORTS
Suits stars a dog named Harvey Specter.,REFUTES
Bob Dylan is a car.,REFUTES
A quarry is where rock has been excavated.,SUPPORTS
Britney Spears made at least two albums.,SUPPORTS
Pitch Perfect 3 stars only a Prius.,REFUTES
Debbie Reynolds acted.,SUPPORTS
New Horizons is made.,SUPPORTS
David Angell began his life in 1946.,SUPPORTS
Melisandre is a character created by a laser surgeon.,NOT ENOUGH INFO
Paul Pierce attended the University of Kansas.,SUPPORTS
The Illusionist is a Canadian film.,REFUTES
San Francisco is in Northern Colorado.,REFUTES
"Lithuania's largest city has a population of 600,000.",REFUTES
Emily Ratajkowski is a high fashion model.,SUPPORTS
George W. Bush was a president.,SUPPORTS
Get Out had a budget.,SUPPORTS
Morena Baccarin was a cast of the film Serenity.,SUPPORTS
The Incredible Hulk is produced by DC.,REFUTES
Avril Lavigne wrote the song Complicated.,SUPPORTS
Cory Monteith was on the Fox television series Glee.,SUPPORTS
Friends with Benefits features a cute puppy.,NOT ENOUGH INFO
Loving featured Nick Kroll.,SUPPORTS
Shahid Kapoor made his film debut in India in 2003.,SUPPORTS
Naomi Scott starred in a TV series.,SUPPORTS
The Citadelle Laferrière is located in the Pacific Ocean.,REFUTES
Sally Field received a Golden Globe Award nomination.,SUPPORTS
Metro Boomin is from a dependent city.,NOT ENOUGH INFO
Ghost in the Shell was developed by a company.,SUPPORTS
Veronika Decides to Die is authored by Roberta Hanley.,SUPPORTS
Nick Jonas is an actor.,SUPPORTS
The plot of Star Wars does not involve stolen architectural plans.,REFUTES
Star Wars: The Force Awakens isn't a film.,REFUTES
Word War I was a continental war.,REFUTES
Star Wars is a car.,REFUTES
Mark Burg is from America.,SUPPORTS
Jesus was a religious leader.,SUPPORTS
Hayden Panettiere did not star in any dramas.,REFUTES
Stanley Kubrick used a camera stabilizer.,SUPPORTS
The Major League Baseball Most Valuable Player Award has never been presented to a Spanish member of the Tampa Bay Rays.,SUPPORTS
Syd Barrett worked as a songwriter.,SUPPORTS
Serena Williams has a sibling.,SUPPORTS
An intelligence quotient is derived by ignoring all tests.,REFUTES
Aneurin Barnard graduated on May 8th.,REFUTES
Interstellar is a clothing brand.,REFUTES
Mel Gibson directs movies.,SUPPORTS
Brian Helgeland wrote for a film.,SUPPORTS
Tom Cruise was in a film.,SUPPORTS
Bill Nye has made no inventions ever.,REFUTES
Edward VIII was after George VI.,REFUTES
Katrina Kaif is a accountant.,REFUTES
Istanbul is located on the historic Silk Road in modern day Turkey.,SUPPORTS
Patch Adams (film) is a semi-biographical creative work.,SUPPORTS
Veronika Decides to Die is written by an American.,SUPPORTS
Eddie Redmayne acted in a film directed by Justin Chadwick.,SUPPORTS
James Cromwell had a role in Still Mine.,SUPPORTS
Chitty Chitty Bang Bang is only a book.,REFUTES
Jodie Foster directed her second film in 1990.,REFUTES
Katie Holmes refused to ever be in Dawson's Creek.,REFUTES
Angelina Jolie was in Salt as an actress.,SUPPORTS
Twilight is a collection of novels by Stephenie Meyer.,SUPPORTS
Trinidad and Tobago is the place of birth of Nicki Minaj.,SUPPORTS
Zinedine Zidane is a football player.,SUPPORTS
Jon Watts was the only writer ever for Spider-Man Homecoming.,REFUTES
Glenn Frey sacrificed Bernie Leadon.,NOT ENOUGH INFO
Peter Cetera sang.,SUPPORTS
Ethiopia has the most natural resources in the world.,NOT ENOUGH INFO
Anonymous ended in 2003.,NOT ENOUGH INFO
Wentworth is not a television series.,REFUTES
Steven Spielberg works in the film industry.,SUPPORTS
Lisa Kudrow was only an author.,REFUTES
"Graciosa, Canary Islands is located 2 km north of Lanzarote.",SUPPORTS
James Marsden gained prominence with his portrayal of Cyclops.,SUPPORTS
Tardigrades have been located in mud volcanoes.,SUPPORTS
Jane Lynch has won an Award.,SUPPORTS
Macaulay Culkin acted in a film released in 1990.,SUPPORTS
Furious 7 began principal photography in 2013.,SUPPORTS
Ready Player One won two races in 2012.,REFUTES
Hayden Panettiere starred in Remember the Titans.,SUPPORTS
Matt Kuchar has earned over 30 million dollars in scholarships.,NOT ENOUGH INFO
Matt Kuchar plays professional water polo.,NOT ENOUGH INFO
Robbie Collin is an Asian doctor.,NOT ENOUGH INFO
Darth Vader was not created by George Lucas.,SUPPORTS
Ty Cobb was born in Louisiana.,REFUTES
Yeh Dillagi is a film.,SUPPORTS
Andorra is in peace treaties.,NOT ENOUGH INFO
Ancient Egypt coalesced around 3160 BC.,REFUTES
The Wolfman was directed by Christopher Nolan.,REFUTES
Mike Tyson is a boxer.,SUPPORTS
Cosmopolitan was first published in 1886.,SUPPORTS
Greece shares land borders with Albania.,SUPPORTS
Roman Reigns is a three-time born again Christian.,NOT ENOUGH INFO
Whitney Houston starred in a Forest Whitaker film.,SUPPORTS
Snooki & Jwoww was renewed for a third season in 2012.,REFUTES
Jet Li made a debut.,SUPPORTS
Hawaii is a state.,SUPPORTS
Stanley Kubrick has a career as a director.,SUPPORTS
Chandni is an Indian film,SUPPORTS
"Afghanistan is the source of the Kushan Empire, which ruled during the 1st century.",SUPPORTS
"Sleeping Beauty premiered on a date between May 11 and 22, 2011.",SUPPORTS
Boyz II Men is from the United States.,SUPPORTS
Bohemian Rhapsody was inducted into the Grammy Hall of Fame.,SUPPORTS
Ringo Starr makes music.,SUPPORTS
Archimedes was a mathematician.,SUPPORTS
Rey Mysterio is a human.,SUPPORTS
James Bond is a series of spy films.,SUPPORTS
Maggie Gyllenhaal has worked with Laurie Collyer on Sherrybaby.,NOT ENOUGH INFO
Kick-Ass is a film.,SUPPORTS
Ethiopia is in the Ivory Coast.,NOT ENOUGH INFO
John Connally lost every election he ran for.,NOT ENOUGH INFO
Impeachment is only a formal statement of charges directed against a government official.,SUPPORTS
Selene serves as a character.,SUPPORTS
Kangana Ranaut's feature film debut was in the 2000s.,SUPPORTS
John Fante is a writer.,SUPPORTS
Marilyn Monroe acted in a film.,SUPPORTS
John Cena won the World Heavyweight Championship in 2000.,REFUTES
Amsterdam Airport Schiphol is unable to serve as a European hub.,REFUTES
Tiger Woods has competed in a tournament.,SUPPORTS
Jane Fonda starred in Twilight.,NOT ENOUGH INFO
Daniel-Day Lewis was not in films.,REFUTES
Denzel Washington has yet to win a Tony Award.,REFUTES
Northeast megalopolis includes Portland and New York City.,NOT ENOUGH INFO
Ted Kaczynski died in 1942.,REFUTES
Arrow follows Oliver Queen and his quest to defeat Duke Silver in a jazz contest.,NOT ENOUGH INFO
Keturah knew Abraham.,SUPPORTS
Home Alone stars actors.,SUPPORTS
Lance Armstrong raced professionally.,SUPPORTS
Dennis Hastert lost the Illinois House of Representatives election in 1980.,SUPPORTS
At Middleton is an online shooter game.,REFUTES
Michael Clarke Duncan refused to appear in a 1998 American science fiction film.,REFUTES
Gillian Anderson is incapable of being an actress.,REFUTES
Attack on Titan has been collected into 22 tankōbon volumes.,SUPPORTS
"The Hangover Part III includes Bradley Cooper, Ed Helms, Zach Galifianakis, Justin Bartha, and Ken Jeong, Jeffrey Tambor, Heather Graham, Mike Epps, Melissa McCarthy and John Goodman.",SUPPORTS
"Wentworth's first three seasons were filmed in Clayton, Victoria.",SUPPORTS
Sense8 is only a film.,REFUTES
Hadera is an Israeli city.,SUPPORTS
Patrick Wilson has a daughter.,NOT ENOUGH INFO
Joan of Arc was canonized.,SUPPORTS
Dwight D. Eisenhower graduated from West Point in 1915.,SUPPORTS
Star Wars is a franchise based on a film series by a British filmmaker.,NOT ENOUGH INFO
Following was directed by director Christopher Nolan.,SUPPORTS
There is a film called John Wick: Chapter 2.,SUPPORTS
"Joan Crawford was born on March 23, 1994.",REFUTES
Maggie Gyllenhaal acts.,SUPPORTS
Destiny is not a video game.,REFUTES
Nelson Mandela is a nationalist from Africa.,SUPPORTS
Boston was founded in 1776.,REFUTES
Alison Brie works as an actress.,SUPPORTS
London's location is the United Kingdom.,SUPPORTS
Renaissance art involved Michelozzo.,SUPPORTS
Memorial Day is not officially recognized by any government.,REFUTES
Heidi Klum is an athlete.,NOT ENOUGH INFO
The final episode of Pan Am was in 2012.,SUPPORTS
"Nicole Kidman was the highest-paid actress in the motion picture industry in 2006, the same year she became a Companion in the Order of Australia.",SUPPORTS
Seth Rogen has done voice work for the film The Spiderwick Chronicles.,SUPPORTS
The G1 Climax is only a golf tournament.,REFUTES
Edward Norton directed a movie.,SUPPORTS
Jonathan Hensleigh works primarily in the steel mill.,NOT ENOUGH INFO
Bohemian Rhapsody begins with an abrupt chorus.,REFUTES
John Cusack was in the film Hairspray.,NOT ENOUGH INFO
Game of Thrones has won more Primetime Emmy Awards than Boardwalk Empire.,SUPPORTS
Alicia Vikander is a person.,SUPPORTS
Albert Einstein is best known for his theory of relativity.,SUPPORTS
Steve Buscemi was in The Hudsucker Proxy.,SUPPORTS
Aaliyah was raised outside Michigan.,REFUTES
Janet Varney was born on a train.,NOT ENOUGH INFO
Richard Gere has no experience acting.,REFUTES
John Wayne Gacy is convicted of 33 murders.,SUPPORTS
Quentin Tarantino's full married name is Quentin Jerome Tarantino.,NOT ENOUGH INFO
Oscar Isaac is a character in Star Wars sequel trilogy.,REFUTES
"In 2012, Yelp existed.",SUPPORTS
Martin Freeman is known for his portrayal of a character in the Fargo television series.,SUPPORTS
John Cusack has been in High Fidelity.,SUPPORTS
Maria Sharapova was suspended in France.,NOT ENOUGH INFO
Spotlight is a biographical crime drama film.,SUPPORTS
WALL-E had a budget of $180 million.,SUPPORTS
Jake Gyllenhaal is in zero movies.,REFUTES
Stockard Channing acted in Grease.,SUPPORTS
Adienne Bailon writes and performs her own songs.,SUPPORTS
Dennis Hopper did not live in the 20th century.,REFUTES
Hypothyroidism can prevent weight gain.,REFUTES
Michael J. Fox has been nominated for an award.,SUPPORTS
Andorra is located in a mountain range.,SUPPORTS
Louis C.K. has won fifty Emmy awards.,REFUTES
Alessia Cara's debut album is Know-It-All.,SUPPORTS
The Beatles's lead guitarist was Ringo Starr.,REFUTES
Stockard Channing starred as First Lady Abbey Bartlet.,SUPPORTS
2013 was the year Short Term 12 was created.,NOT ENOUGH INFO
Andy Fletcher is a keyboard player.,SUPPORTS
Akshay Kumar is an actor.,SUPPORTS
Egypt is a founding member of the Arab League.,SUPPORTS
Daft Punk is a duo of musicians.,SUPPORTS
Michelle Williams received a film nomination.,SUPPORTS
Believe is a song.,SUPPORTS
Good Will Hunting starred an actor.,SUPPORTS
The Strangers starred an actress from the United States.,SUPPORTS
Hilary Swank is a woman.,SUPPORTS
"Chris Hemsworth is known for his role on the Australian TV series Home and Away, airing currently.",REFUTES
Prometheus is a 2012 film that serves as a sequel.,NOT ENOUGH INFO
Eminem is an artist.,SUPPORTS
Kris Jenner has four children with John Cochran.,NOT ENOUGH INFO
Lexmark is a Chinese-owned corporation based in America.,SUPPORTS
Joy is a singer.,SUPPORTS
Vikram has starred in the television show Deiva Thirumagal.,SUPPORTS
Jimmy Carter was a senator.,SUPPORTS
Philip Seymour Hoffman is a person.,SUPPORTS
Conan O'Brien hosts only day-time programs.,REFUTES
Ayn Rand condemned force.,SUPPORTS
Leonardo da Vinci is a sculptor.,SUPPORTS
Alicia Keys has appeared in films that were adapted from novels.,SUPPORTS
Solange Knowles only sings.,REFUTES
Prince was the only person in existence to ever win an academy award.,NOT ENOUGH INFO
Mary Tyler Moore starred in an American sitcom.,SUPPORTS
The Great Buck Howard is rarely American.,REFUTES
"Maria Sharapova failed a drug test on January 26th, 2017.",NOT ENOUGH INFO
Helen Keller's instructor also served as her lifelong companion.,SUPPORTS
Indiana Jones has been played by an actor.,SUPPORTS
Water occurs in nature as clouds.,SUPPORTS
Shawn Michaels is the fourth professional wrestler to become a WWF Triple Crown Champion.,SUPPORTS
Apple Inc.'s consumer software lacks the Safari web browser.,REFUTES
Evan Rachel Wood began acting in the 2000s.,REFUTES
"With his second album, Tyler, The Creator debuted on the US Billboard 200 at number three.",SUPPORTS
Katharine Hepburn died in Antarctica.,NOT ENOUGH INFO
Olivia Munn had an early career.,SUPPORTS
Lumen Pierce is a person from Dexter.,SUPPORTS
Clint Eastwood is not a director.,REFUTES
Planet of the Apes (1968 film) was shot in three days.,REFUTES
Poppy released an EP.,SUPPORTS
David Dhawan works on French films.,NOT ENOUGH INFO
Doctor Doom is a character that has only appeared in DC Comics.,REFUTES
Beautiful (Christina Aguilera song) was recorded for a record that came out in 2002.,SUPPORTS
Brandon Lee died in 1993 from an accidental gunshot.,NOT ENOUGH INFO
Linda McCartney was American and Spanish.,NOT ENOUGH INFO
Doctor Strange dies in the 2016 film Doctor Strange.,NOT ENOUGH INFO
Prince released an album.,SUPPORTS
Led Zeppelin released their first album in 1969.,SUPPORTS
The premiere of Fantastic Beasts and Where to Find Them was held outside the United States of America.,REFUTES
"Scooby-Doo is the eponymous protagonist of the show, a cowardly Great Dane.",NOT ENOUGH INFO
The Bounty was based on a book by a British author.,SUPPORTS
Snoop Dogg released Doggystyle in 1993.,SUPPORTS
The Voice is a college class.,REFUTES
Glenn Close has won nothing her entire career.,REFUTES
The Twelfth Doctor is capable of regenerating into a new physical appearance.,SUPPORTS
"Denis Leary is an actor, writer, and comedian in Hollywood.",NOT ENOUGH INFO
The Communist Party of the Soviet Union was the founding party of a socialist state.,SUPPORTS
"Roy Whiting is from West Sussex, England.",SUPPORTS
Steven Spielberg has won an Academy Award.,SUPPORTS
Ellen Pompeo is an actress.,SUPPORTS
"In 2010, Centralia, Pennsylvania's population was 10.",SUPPORTS
Billy Bob Thornton directed a film.,SUPPORTS
Danny DeVito works.,SUPPORTS
"Worcester, Massachusetts is 40 mi west of Boston.",SUPPORTS
Psychological findings link to research and perspectives from an academic discipline.,SUPPORTS
Earth is in the Solar System.,SUPPORTS
Zlatan Ibrahimović only played on North American football clubs.,REFUTES
Morgan Freeman is not an actor.,REFUTES
Slovakia is a warship.,REFUTES
Alison Brie was born in 1985.,REFUTES
The National Council for Peace and Order was formed on May 22.,SUPPORTS
Kristen Stewart has avoided the acting profession entirely.,REFUTES
Baahubali 2: The Conclusion is not a 2017 Indian film.,REFUTES
Ajay Devgn has only won awards in the United States.,REFUTES
Harold Ramis was Iowan.,NOT ENOUGH INFO
Jared Leto directs music videos for the band Thirty Seconds to Mars.,SUPPORTS
John McCain is an American citizen.,SUPPORTS
David Schwimmer was on an American television show.,SUPPORTS
Seville is located in space.,REFUTES
"Albany, New York, is a major transportation hub for the Northeastern United States.",NOT ENOUGH INFO
Peyton Manning is the younger sister of Eli Manning.,REFUTES
Romelu Lukaku has been incapable of being a footballer his whole life.,REFUTES
Haifa existed in the world.,SUPPORTS
Some of Leonardo da Vinci's youth was spent in Ludovico il Moro's service.,SUPPORTS
Farrah Fawcett is a thespian.,SUPPORTS
Bernard Madoff employed his brother Peter.,SUPPORTS
One Direction is a neighborhood in Pittsburgh.,REFUTES
Imagine Dragons' original drummer is Daniel Platzman.,NOT ENOUGH INFO
"Paul Newman was born January 26, 1925 at 5AM.",NOT ENOUGH INFO
Ringo Starr joined the Beatles in 1852.,REFUTES
California is separate from the Central Valley.,REFUTES
John Cusack has worked on High Fidelity with Stephen Frears.,SUPPORTS
Patch Adams (film) is a film starring Monica Potter.,SUPPORTS
Woody Allen has won four wars.,NOT ENOUGH INFO
Prince (musician) released at least three solo albums.,SUPPORTS
Bette Davis is a male star.,REFUTES
"Hawaii has the fourth longest coastline of any state, behind Florida, Alaska, and California.",SUPPORTS
Steven Spielberg is an extrovert.,NOT ENOUGH INFO
Aruba is a sea.,REFUTES
Felicity Jones acted in A Beautiful Mind.,NOT ENOUGH INFO
Kurt Russel has worked with F. Gary Gray.,SUPPORTS
Coldplay is a solo rock performer.,REFUTES
Mackenzie Foy was nominated for an award.,SUPPORTS
"The 79th Academy Awards took place on February 25th, 2007.",SUPPORTS
Marlon Brando won at least two Tony Awards.,NOT ENOUGH INFO
Mr. Sunshine began its run on February 9.,SUPPORTS
Taylor Swift is a musician.,SUPPORTS
Hadera is a nation-state located within the Middle East.,REFUTES
Kobe Bryant led the Lakers to two consecutive championships in France and Italy.,NOT ENOUGH INFO
Emma Stone was started acting in her hometown.,NOT ENOUGH INFO
Heroin is an biscuit.,REFUTES
Joan Cusack worked with someone.,SUPPORTS
Idris Elba failed to ever be cast in a movie.,REFUTES
Carl Sanders was a politician of American citizenship.,SUPPORTS
Syrian Arabs are included in Syria.,SUPPORTS
Steven Spielberg is a strawberry.,REFUTES
The OA is an HBO movie.,REFUTES
Holiday: A Soldier Is Never Off Duty was produced and directed by the same man.,REFUTES
Only Lovers Left Alive is a vampire film.,SUPPORTS
"American Horror Story: Hotel premiered on FX on October 7, 2015.",SUPPORTS
Velaiilla Pattadhari 2 is a comedy-drama.,SUPPORTS
"Michael Giacchino composed the scores to the television series Lost, Alias and Fringe, the video' game series Medal of Honor and Call of Duty and many films such as The Incredibles, Ratatouille, Up, Mission: Impossible - Ghost Protocol, Dawn of the Planet of the Apes, Jurassic World, Inside Out, Star Trek Beyond, Doctor Strange, Rogue One and Spider-Man: Homecoming.",SUPPORTS
Art Carney was out of Sunburn.,REFUTES
Loving depicts the story of Richard and Mildred Loving.,SUPPORTS
Hotel Hell is a show.,SUPPORTS
Bal Gangadhar Tilak was born in the 19th century.,SUPPORTS
Jennifer Jason Leigh had a role in a film.,SUPPORTS
Peyton Manning did not play football.,REFUTES
Midwestern Gothic was founded in 1992.,REFUTES
Gerald Ford was a politician.,SUPPORTS
Florida is internationally known for water sports.,SUPPORTS
Gucci is an Italian brand.,SUPPORTS
Look at My Dab is a hip hop song.,NOT ENOUGH INFO
Marlon Brando was in a film.,SUPPORTS
Lana Del Rey refused to ever sing or write.,REFUTES
Fabian Cancellara is a Swiss former amateur sea racer.,NOT ENOUGH INFO
Patricia Lea ``Patty'' Jenkins has written.,SUPPORTS
George W. Bush passed multiple economic programs intended to preserve the country's financial system.,SUPPORTS
Zach Galifianakis starred in the 2012 film The Campaign.,SUPPORTS
Cristiano Ronaldo was unathletic.,REFUTES
Johnny Mnemonic has yet to premiere.,REFUTES
Tom Felton is in In Secret.,SUPPORTS
A Song of Ice and Fire is by someone born in 1948.,SUPPORTS
Dileep starred in Punjabi House in 1998.,SUPPORTS
Crash starred an American actor.,SUPPORTS
Bollywood is an industry that Alia Bhatt works in.,SUPPORTS
Anne Hathaway is an actress.,SUPPORTS
Kobe Bryant entered the NBA directly after high school.,SUPPORTS
Jimmy Carter led an Olympics boycott in protest of the Soviet invasion of Iran.,REFUTES
Blind Faith was an English band.,SUPPORTS
Evan Rachel Wood began singing in the 1990s.,REFUTES
Clark Gable wasn't an actor.,REFUTES
Peagreen Clock was played by Tom Felton.,SUPPORTS
Rashida Jones was in a movie.,SUPPORTS
Stephen Hawking is a scientist.,SUPPORTS
Usher (musician) is a singer.,SUPPORTS
Neighbors stars James Franco.,NOT ENOUGH INFO
Volleyball involves techniques like jumping.,SUPPORTS
"Martin Freeman was born on September 8,1971.",SUPPORTS
Jennifer Jason Leigh bought out Broadway in 1998.,NOT ENOUGH INFO
There are no actors in Kafka.,REFUTES
Marie Curie studied at an underground subway.,NOT ENOUGH INFO
"Vallejo, California is land-locked.",REFUTES
Danny DeVito is a producer.,SUPPORTS
Anni-Frid Lyngstad is a singer.,SUPPORTS
Tanya Roberts was born on the 10th month of the calendar year.,SUPPORTS
Tommy Lee Jones starred as Two-Face.,SUPPORTS
The Offspring is a punk rock band.,SUPPORTS
Martina Hingis plays tennis.,SUPPORTS
Sarah Paulson received a Golden Globe Award nomination.,SUPPORTS
Louis Tomlinson is a person.,SUPPORTS
South Korea's alphabet is known as a Korean word.,SUPPORTS
Judi Dench was in a biographical film in 1987.,NOT ENOUGH INFO
Jorah Mormont is portrayed by Scottish stage actor Iain Glen.,SUPPORTS
Iraq is a place.,SUPPORTS
Jim Henson was an entertainer.,SUPPORTS
Francis Ford Coppola writes films.,SUPPORTS
Miley Cyrus has a father,SUPPORTS
Led Zeppelin is a band.,SUPPORTS
Mel Gibson was born in January.,SUPPORTS
Lodging is done in a motel.,SUPPORTS
Nicolas Cage is an American resident.,SUPPORTS
Shahid Kapoor has worked with a director and a writer.,NOT ENOUGH INFO
Eddie Vedder is a member of a band.,SUPPORTS
Spiders are planets.,REFUTES
Jane Lynch has won an Award.,SUPPORTS
Grey's Anatomy focuses on the fictional lives of two physicians who have completed residency.,NOT ENOUGH INFO
Michael Schumacher is a famous German racing driver.,SUPPORTS
Lymphoma developed in only 100 people in 2012.,REFUTES
Genghis Khan's grandsons split his empire.,SUPPORTS
Reese Witherspoon was nominated for an award.,SUPPORTS
The Twilight Saga are films.,SUPPORTS
Black Sabbath are often called pioneers of a genre of music.,SUPPORTS
Tom Hiddleston starred in a comedy directed by a Mexican.,NOT ENOUGH INFO
Gennady Golovkin boxes.,SUPPORTS
Legally Blonde was directed by Scott Summers.,SUPPORTS
London is a place.,SUPPORTS
Aaliyah is an entertainer.,SUPPORTS
Morrissey was born in Europe.,SUPPORTS
Chris Carter has a singing career.,REFUTES
Pablo Picasso was an artist.,SUPPORTS
Morena Baccarin was in the film Batman.,NOT ENOUGH INFO
Philip Seymour Hoffman was outside of Happiness.,REFUTES
Rihanna is the youngest and fastest dog to earn fourteen number-one singles on the Billboard Hot 100.,REFUTES
The Hermetic Order of the Golden Dawn is also called Aurora Aurea or The Golden Dawn.,SUPPORTS
Katrina Kaif moved to London.,SUPPORTS
Gabrielle Union has only ever been an author.,REFUTES
There is a band called The Beach Boys.,SUPPORTS
Jessica Chastain is not in the film industry.,REFUTES
Farrah Fawcett is a thespian.,SUPPORTS
Linda McCartney died at the age of 56.,SUPPORTS
Hotel Hell is airs only on NBC.,REFUTES
Furia is from 1998.,REFUTES
Star Trek had four television series spun-off from the original.,SUPPORTS
Katrina Bowden appeared on 30 Rock.,SUPPORTS
One professional wrestler is Kurt Angle.,SUPPORTS
"In basketball, the ball can be advanced by a single player, but only by dribbling it to avoid penalties for holding the ball for too long.",NOT ENOUGH INFO
Steven Spielberg has worked in media.,SUPPORTS
Passengers started production in 2016.,NOT ENOUGH INFO
Adele has won a 15 Grammy Awards.,NOT ENOUGH INFO
Alfre Woodard is a person.,SUPPORTS
Kiefer Sutherland is a person who acts.,SUPPORTS
"The 79th Academy Awards was in Hollywood, Florida.",REFUTES
Moana is a 2016 hurricane.,REFUTES
Gayathri Raguram took part in a film featuring Prabhu Deva.,SUPPORTS
Michelle Williams (singer) starred in an American musical.,SUPPORTS
The Strangers was directed by a man.,NOT ENOUGH INFO
Leonardo DiCaprio is an actor.,SUPPORTS
Varun Dhawan is an actor.,SUPPORTS
The Fifth Element was the highest-grossing French film in the international box office until Germany.,REFUTES
William Shatner has won two Emmy awards for the role of Denny Crane.,SUPPORTS
Davis Guggenheim is a television director.,SUPPORTS
Seiko is a company.,SUPPORTS
Connaught Tunnel's length is 5.022 miles.,SUPPORTS
Borussi Dortmund is a group.,SUPPORTS
The Weeknd's fourth studio album got a generally positive reception.,NOT ENOUGH INFO
Colin Firth was nominated for a BAFTA.,SUPPORTS
Pablo Escobar was a drug merchant.,SUPPORTS
Bobby Moore had 154 caps.,REFUTES
Marble Hill is located in the New York City.,SUPPORTS
The Republican Party embraces the ideology of American conservatism.,SUPPORTS
Barack Obama's planned roller skating rink will be in Chicago.,NOT ENOUGH INFO
The Proposal stars an actor.,SUPPORTS
IPhones can be used for reference works.,SUPPORTS
George Lucas founded an American film and television production company.,SUPPORTS
Snoop Dogg's Doggystyle debuted at number one on Billboard Top R&B/Hip-Hop Albums charts.,SUPPORTS
Claudia Leitte refused to ever be a singer.,REFUTES
There is a romantic film called Shallow Hal.,SUPPORTS
Saddam Hussein was born.,SUPPORTS
All the Lovers reached the top ten in Myspace.,NOT ENOUGH INFO
Maria Sharapova held the title of the world No. 1 five times.,SUPPORTS
Alex Rodriguez is an athlete.,SUPPORTS
My Bloody Valentine 3D stars Angelina Jolie.,NOT ENOUGH INFO
Yelp existed in 2009.,SUPPORTS
Britney Spears made at least two studio albums.,SUPPORTS
Nosedive is an episode of an anthology series.,SUPPORTS
"August 12th, 1992 was the birth date of Cara Delevingne.",SUPPORTS
Facebook is a social networking service.,SUPPORTS
Solange Knowles is a singer.,SUPPORTS
Boomerang (1992 film) was released in Australia.,NOT ENOUGH INFO
Whoopi Goldberg co-produced a show.,SUPPORTS
NSYNC was a band from the United States.,SUPPORTS
Seth MacFarlane only worked on The Simpsons.,REFUTES
The Invention of Lying was released in Canada in 2010.,NOT ENOUGH INFO
Park Jin-young was an arbiter on K-pop Star 2.,SUPPORTS
The Uruguay national football team secured the 1980 Mundialito.,SUPPORTS
Las Vegas is a settlement.,SUPPORTS
Daniel Craig failed to have an acting career.,REFUTES
Bedazzled (2000 film) has an all-Mexican cast.,NOT ENOUGH INFO
John McEnroe is famous for his skills in volleying.,SUPPORTS
Cristiano Ronaldo died in 1985.,REFUTES
Derrick Rose is Catholic.,NOT ENOUGH INFO
Melisandre was left out of A Storm of Swords (2000).,REFUTES
Tim Henman has reached the semi-finals.,SUPPORTS
North Korea has a border with Russia.,SUPPORTS
Oliver Reed was in a movie in 1981.,SUPPORTS
Gwen Stefani is in an American rock band along with four others.,REFUTES
Back to the Future Part II is of a genre.,SUPPORTS
Ron Perlman is incapable of acting.,REFUTES
Red Velvet (band) was only an American boy band created by Columbia Records.,REFUTES
Kevin James voice acted in a movie.,SUPPORTS
Angelina Jolie is a person.,SUPPORTS
Sean Connery did not act in Dragonheart.,REFUTES
Howard Stern has sold many copies of his books.,SUPPORTS
Gennady Golovkin holds the rank of  best middleweight by the Transnational Boxing Rankings Board.,SUPPORTS
Joy (entertainer) is a member of a K-pop Meetup.,REFUTES
Pluto is in Argentina.,REFUTES
Taraji P. Henson is a performer.,SUPPORTS
"Adele is the singer of the song ""Hello.""",SUPPORTS
Alex Rodriguez plays baseball.,SUPPORTS
Alec Baldwin played a character created by Tom Clancy.,SUPPORTS
Greece shares land borders with Turkey.,SUPPORTS
Quinoa is harvested in grain form.,SUPPORTS
Julie Christie starred in a film.,SUPPORTS
"Pompeii had an army of 11,000.",NOT ENOUGH INFO
Emmy Rossum was in an adaptation of a comic.,SUPPORTS
Wyoming is the second least densely populated state in Game of Thrones.,REFUTES
"Kamala Harris graduated from the University of California, Hastings College of Law in San Francisco.",NOT ENOUGH INFO
There is one species of spider.,REFUTES
One Direction performs music as a group.,SUPPORTS
The Contender has an actor in it.,SUPPORTS
Robert Chase is a nonfiction character.,REFUTES
Diego Luna works in the film industry.,SUPPORTS
Leonard Cohen was a person.,SUPPORTS
Singapore restricts casual Friday.,NOT ENOUGH INFO
Modern liberalism in the United States strongly endorses spending on education.,SUPPORTS
Tupac is not a rap artist.,REFUTES
Taraji P. Henson has never acted.,REFUTES
Liberty bonds were sold in a country.,SUPPORTS
There is a television series called Black Mirror called science-fiction.,SUPPORTS
Suits (TV series) has fictional people such as Jessica Pearson and Mike Ross.,SUPPORTS
Hairspray was certified platinum.,SUPPORTS
Year Zero was released by Interscope Records.,SUPPORTS
Willow Smith is a person.,SUPPORTS
King Edward VIII ruled the United Kingdom.,SUPPORTS
Azerbaijan lacks those who can write.,REFUTES
Eddie Vedder is best recognized as a person of a band.,SUPPORTS
Outfit (retailer) is a Spanish company.,REFUTES
Bradley Cooper found great success with the black comedy crime film American Hustle.,SUPPORTS
Overwatch is a team game.,SUPPORTS
Doctor Who has a writer named Jamie Mathieson.,SUPPORTS
Spider-Man (2002 film) was the seventh highest grossing film of all time at some point.,SUPPORTS
The Jacksons began in America.,SUPPORTS
Matt Sorum is a member of at least one rock band.,SUPPORTS
Ludacris has won a game show.,NOT ENOUGH INFO
Mao Zedong died in 1956.,REFUTES
Bohemian Rhapsody is a six minute work.,SUPPORTS
Wladimir Klitschko is a fighter.,SUPPORTS
Matt Kuchar played on a tour.,SUPPORTS
Jamie Foxx is a performer.,SUPPORTS
Adrienne Bailon is a dancer.,SUPPORTS
Sarah Paulson is an entertainer.,SUPPORTS
Michael Schumacher is a truck salesman.,NOT ENOUGH INFO
The Avengers (2012 film) was directed by an American director.,SUPPORTS
Maisie Williams is a singer.,NOT ENOUGH INFO
Lady Gaga is an artist.,SUPPORTS
John Williams was the Boston Pops' fan for 13 years.,NOT ENOUGH INFO
Paul Walker has a son named Thomas.,NOT ENOUGH INFO
The Evil Queen has been assaulted by Anne Fancine.,NOT ENOUGH INFO
Pirates of the Caribbean is a series of movies.,SUPPORTS
Alpha House is directed by Senator Dick Durbin.,NOT ENOUGH INFO
Jessica Biel is related to David S. Goyer.,NOT ENOUGH INFO
AC/DC released zero albums.,REFUTES
Agatha Christie was a playwright.,SUPPORTS
Soundgarden's a band.,SUPPORTS
The Italian language is spoken by communities in the Americas in the 20th century.,NOT ENOUGH INFO
Allen Iverson didn't make it into the NBA.,REFUTES
Charles I was married to Henrietta Maria.,SUPPORTS
Midnight Memories was made by One Direction.,SUPPORTS
The Amazing Spider-Man 2 was shelved indefinitely.,REFUTES
Taraji P. Henson acted in Cinderella.,NOT ENOUGH INFO
Tony Blair was elected after John Smith died of cancer.,REFUTES
Massachusetts does not have any colleges or universities.,REFUTES
Marvel Studios worked with Jon Watts.,SUPPORTS
Sigmund Freud worked in Innsbruck.,NOT ENOUGH INFO
The Nile drains through Egypt and it has an Arabic name.,SUPPORTS
Jeff Bezos founded an online shopping retailer.,SUPPORTS
Rajesh Khanna was not Indian.,REFUTES
The Entire History of You was written by the creator of a British sitcom.,SUPPORTS
Drake raps.,SUPPORTS
Hamlet (1990 film) starred an American actor and filmmaker born in 1956.,SUPPORTS
Certain diseases are indicated by low levels of bilirubin.,NOT ENOUGH INFO
The Eagles released Take It to the Limit in 1975.,SUPPORTS
There are multiple magazines that Lily Collins contributed to with written work.,SUPPORTS
Furious 7 is a film.,SUPPORTS
Jeff Perry has been a television actor.,SUPPORTS
John Constantine is a fictional character.,SUPPORTS
Lahore is an actor.,REFUTES
John Kiffmeyer has been known professionally as Al Sobrante for 30 years.,NOT ENOUGH INFO
Louis Tomlinson was a television actor.,SUPPORTS
Wyatt Earp was arrested for stealing a horse.,SUPPORTS
Warren Casey is a composer.,SUPPORTS
Andy Dwyer is the boyfriend of a human.,SUPPORTS
Hayden Panetierre played Juliette Barnes on Nashville.,SUPPORTS
José Aldo had been ranked by a website.,SUPPORTS
Louis Tomlinson did not appear on an ITV drama.,REFUTES
Gift of the Night Fury exclusively stars the voices of people from Kenya.,REFUTES
Tim Henman has reached the semi-finals.,SUPPORTS
Seth MacFarlane won several trophies.,NOT ENOUGH INFO
Ed Sheeran is an English muffin.,NOT ENOUGH INFO
Jonathan Hensleigh directed a film starring John Travolta in 2010.,SUPPORTS
Lindsay Lohan collaborated with Kristi Kaylor.,SUPPORTS
Melissa McCarthy has been in a film.,SUPPORTS
South Korea is not the world's seventh largest advanced economy.,REFUTES
Jimmy Wales is an American.,SUPPORTS
Felicity Huffman is a film actress.,SUPPORTS
The Falling stars an actress born in 1998.,REFUTES
Lake Titicaca is in Tunisia.,NOT ENOUGH INFO
Celine Dion did not sign with Sony.,SUPPORTS
Blind Faith was a skiffle band from England.,SUPPORTS
Jacki Weaver worked in an entertainment industry.,SUPPORTS
Taiwan is a place.,SUPPORTS
Laurence Fishburne has two tattoos inspired by The Matrix.,NOT ENOUGH INFO
The Wolf of Wall Street (2013 film) was released in 2013.,SUPPORTS
Kumkum Bhagya is a Hindi language course.,REFUTES
Asia has no clear geographical boundary with North America.,NOT ENOUGH INFO
Kurt Sutter is the creator of an FX series.,SUPPORTS
Pierce Brosnan has worked since his time in the forest.,NOT ENOUGH INFO
The Nazis were one side in the Vietnam War.,REFUTES
Star Wars: The Force Awakens was nominated for Academy Awards.,SUPPORTS
Land Rover makes the Range Rover brand.,SUPPORTS
Daft Punk received positive ratings for their album.,SUPPORTS
Kerala is majority Hindu.,SUPPORTS
Kumail Nanjiani starred in a comedy.,SUPPORTS
Overwatch is a single-player game.,REFUTES
Lightning rods are all made by Google.,NOT ENOUGH INFO
Dwight Schrute was played by Rainn Wilson.,SUPPORTS
"Arrow can be obtained in DVD format in regions 1, 2, and 4.",SUPPORTS
Stephon Marbury has won CBA championships.,SUPPORTS
Kirk Douglas was born in 1916.,SUPPORTS
Antonio Vivaldi was a composer.,SUPPORTS
Derrick Rose is not a professional basketball player.,REFUTES
Cricket has players.,SUPPORTS
Omar Sharif was fluent exclusively in Hebrew.,NOT ENOUGH INFO
Andrew Garfield is a film actor.,SUPPORTS
The Playboy Club's cast assaulted Jenna Dewan Tatum.,NOT ENOUGH INFO
The Nilotic languages are spoken by the Nilotic people.,SUPPORTS
The Belko Experiment is not a film.,REFUTES
Delhi has been a part of various kingdoms and empires including modern day India.,SUPPORTS
Keanu Reeves plays bass in Dogstar.,SUPPORTS
Steve Buscemi is an actor.,SUPPORTS
Jenna Elfman was featured in Friends with Benefits.,SUPPORTS
There are more than 40 million articles part of Wikipedia.,SUPPORTS
Jesse Eisenberg worked with an actor.,SUPPORTS
Kalpana Raghavendar is a singer who pre-records her music.,NOT ENOUGH INFO
Jake Gyllenhaal is in zero movies.,REFUTES
Charles I of England loved the Parliament of England.,REFUTES
The Ozarks are in North America.,SUPPORTS
How to Be is a film.,SUPPORTS
The film industry contains Gabrielle Union.,SUPPORTS
2007 was when Glamorous was released.,REFUTES
Drew Barrymore played the lead role in a 1984 American comedy-drama film.,SUPPORTS
The Sopranos ran on a satellite network.,SUPPORTS
Leicester City F.C. is an American football club.,REFUTES
"U2's third album, War, was their first number one in the UK.",SUPPORTS
Dwight D. Eisenhower worked with the Chinese government.,SUPPORTS
Guerilla warfare was not part of the Vietnam War.,REFUTES
Manitoba shares a border with two provinces.,SUPPORTS
Edgar Allan Poe was a writer.,SUPPORTS
One-Punch Man is a racing series.,NOT ENOUGH INFO
Robert Duvall is an actor.,SUPPORTS
Portia de Rossi appeared in a show.,SUPPORTS
The Boys from Brazil stars Liv Ullmann.,REFUTES
Iraq is a country.,SUPPORTS
Ellen Burstyn has yet to be nominated for any Academy Awards.,REFUTES
Bette Davis was forthright.,SUPPORTS
Cleopatra made her son head of the church in name.,NOT ENOUGH INFO
Windstruck is a film that Jun Ji-hyun is part of.,SUPPORTS
The United Kingdom is a power.,SUPPORTS
The CW added Supernatural (U.S. TV sereies) to its lineup.,SUPPORTS
In 2011 Lightning Point was filmed.,SUPPORTS
Leonard Cohen released an album.,SUPPORTS
Alison Brie works as an actress.,SUPPORTS
Black and yellow are the colors of Borussia Dortmund.,SUPPORTS
The Blacklist did not have a fourth season in 2016.,REFUTES
Dr. Dre released an album.,SUPPORTS
Paul Simon is a musician.,SUPPORTS
Phil Mickelson won a PGA championship.,SUPPORTS
Tom Hiddleston appeared in at least one film.,SUPPORTS
Google is an American video game.,REFUTES
Sepsis has been described since the time of Socrates.,SUPPORTS
Naga Chaitanya worked on a play written by Gautham Menon.,NOT ENOUGH INFO
Maria Sharapova is a tennis player.,SUPPORTS
Transformers: Dark of the Moon is not a film.,REFUTES
Selene only serves as a minor character in the film Underworld: Awakening.,REFUTES
Vacation stars three performers.,REFUTES
In the Clash of the Titans 2010 remake Luke Evans had his Hollywood breakthrough role.,SUPPORTS
Loving tells the story of Richard and Mildred Loving.,SUPPORTS
Natalie Woods acts professionally.,SUPPORTS
Nineteen Eighty-Four is exclusively a poem.,REFUTES
The Nintendo Switch is a video game console that uses Joy-Con wireless controllers.,SUPPORTS
The human condition is subject to analysis in anthropology.,SUPPORTS
Kanye West was a music producer.,SUPPORTS
James Arness performed the role of Matt Dillon.,SUPPORTS
The Twilight Saga are vampire films.,SUPPORTS
Gold is a metal.,SUPPORTS
Farrah Fawcett directed  Myra Breckinridge.,REFUTES
Leonardo da Vinci was an inventor.,SUPPORTS
Destiny was released for the console Playstation 3.,SUPPORTS
The Democratic Republic of the Congo achieved independence.,SUPPORTS
Cars Toons is only one short film.,REFUTES
The Bachelorette (season 13) premiered in 2017.,SUPPORTS
Chester Bennington is an actor.,SUPPORTS
Elizabeth II is a person.,SUPPORTS
Georgia Institute of Technology is located in North Carolina.,NOT ENOUGH INFO
Charlie Sheen was in television roles.,SUPPORTS
Bojack Horseman is aimed towards certain demographics.,SUPPORTS
The Prestige starred Dwayne Johnson.,NOT ENOUGH INFO
Hannibal was in a conflict.,SUPPORTS
Kurt Angle wrestles.,SUPPORTS
Wonder Woman is a part of DC Comics.,SUPPORTS
American Idiot includes a single.,SUPPORTS
"Anaheim, California is a city in California.",SUPPORTS
The eighth Queen studio album includes Another One Bites the Dust.,SUPPORTS
Beyoncé became the highest-paid black musician in history in May of 2014.,NOT ENOUGH INFO
There is a film called Julius Caesar.,SUPPORTS
Garry Kasparov is a chess grandmaster from Russia.,SUPPORTS
The Flash had a third season.,SUPPORTS
Lyndon B. Johnson signed the Voting Rights Act into law in 1965.,SUPPORTS
A fantasy film is a film that belongs to the art film genre.,NOT ENOUGH INFO
Shania Twain is an artist.,SUPPORTS
Kane is a ring name.,SUPPORTS
Anne Frank was a person.,SUPPORTS
Ridley Scott is the director of a film.,SUPPORTS
David Schwimmer is a television actor.,SUPPORTS
Lahore's location is Pakistan.,SUPPORTS
Gorillaz play alternative music.,SUPPORTS
Mel Gibson is a film director.,SUPPORTS
Good Will Hunting is an American movie.,SUPPORTS
The Hermetic Order of the Golden Dawn is also called Aurora Aurea or The Golden Dawn.,SUPPORTS
There is a stadium in Paris.,NOT ENOUGH INFO
Paris is the son of death.,REFUTES
Leslie Howard was an actor in films.,SUPPORTS
Poland is the 17th most visited country in the world.,REFUTES
Marlon Brando won at least two Tony Awards.,NOT ENOUGH INFO
Good Will Hunting is a drama.,SUPPORTS
Tony Blair is a leader.,SUPPORTS
"Monsters, Inc. had Bonnie Hunt in it.",SUPPORTS
Melanie Griffith performed in a movie.,SUPPORTS
The Simpsons series will be cancelled indefinitely.,NOT ENOUGH INFO
Marlon Brando was in a film.,SUPPORTS
John Constantine is a fictional character.,SUPPORTS
Dan Aykroyd was in the film Driving Miss Daisy.,SUPPORTS
Leslie Howard was a stage actor.,SUPPORTS
Seattle underwent growth as a result of Boeing.,SUPPORTS
Bowie is not experimental with his music.,REFUTES
Barbara Bush has yet to be married.,REFUTES
Black Mirror is a French science fiction television series.,REFUTES
X-Men: Days of Future Past is fiction.,SUPPORTS
Lexmark is owned by China but based in Kentucky.,SUPPORTS
George VI was succeeded by his eldest son.,NOT ENOUGH INFO
Gabon is bordered by three African countries.,SUPPORTS
The United States holds a portion of the world's wealth.,SUPPORTS
Walt Disney founded the Walt Disney Company in 2005.,REFUTES
Bill Cosby has been the subject of allegations.,SUPPORTS
Oliver Reed was in a movie.,SUPPORTS
Richard Gere has no experience acting.,REFUTES
50 First Dates' director was Peter Segal.,SUPPORTS
Harley Quinn interned in a psych ward.,SUPPORTS
Sabrina Carpenter has released the album Eyes Wide Open.,SUPPORTS
Planet of the Apes is a film.,SUPPORTS
Same-sex marriage is legal in parts of Europe.,SUPPORTS
Red Hot Chili Peppers are exclusively a pop group.,REFUTES
The Red Army invasion of Georgia aimed to topple a Social-Democratic government.,SUPPORTS
The Offspring is a film company.,REFUTES
Marble Hill is in Manhattan.,SUPPORTS
Vlad the Impaler's male sibling is called Mircea.,SUPPORTS
Hockey is popular in Canada.,SUPPORTS
Shifty was written by Eran Creevy.,SUPPORTS
Will Ferrell starred in a film.,SUPPORTS
Cancer can be prevented by drinking too much alcohol.,REFUTES
David Carradine is not an actor.,REFUTES
Hawaii Five-0 is a television show.,SUPPORTS
The Amazing Spider-Man 2 is a television show.,REFUTES
Michael Jordan was unathletic.,REFUTES
The 1983-84 season ended after 7 Finals games between the Celtics and Lakers.,SUPPORTS
Vladimir Putin was Prime Minister multiple times.,SUPPORTS
Antarctica contains 30 research stations.,NOT ENOUGH INFO
Alex Rodriguez plays baseball.,SUPPORTS
Kris Wu is a Chinese-born Canadian.,SUPPORTS
Halle Berry has a son.,SUPPORTS
Allen Iverson played in the town square.,NOT ENOUGH INFO
Eat Pray Love is based on Elizabeth Gilbert's mother.,REFUTES
Naomi Scott starred in the Broadway show Life Bites.,NOT ENOUGH INFO
The Prestige is a 2006 British-American mystery thriller film.,SUPPORTS
Kendrick Lamar uses the stage name K-Dot.,SUPPORTS
Melisandre is a character created by a Swede.,NOT ENOUGH INFO
Laura Linney failed to have an acting career.,REFUTES
The nervous system of a spider is located in the cephalothorax.,SUPPORTS
Algeria is a country in Europe.,NOT ENOUGH INFO
Martina Navratilova plays tennis.,SUPPORTS
Transformers: The Last Knight was unable to cast Stanley Tucci.,REFUTES
Google Home was developed by Google in 2005.,NOT ENOUGH INFO
Fred Savage is a person.,SUPPORTS
Tessanne Chin is best known for winning Season 5 of NBC's reality TV dance move.,REFUTES
The 1998 NFL Draft was for the 79th regular season of sports.,NOT ENOUGH INFO
Augusto Pinochet had a military rank.,SUPPORTS
Wilt Chamberlain was an NBA player.,SUPPORTS
Clint Eastwood performs.,SUPPORTS
Krysten Ritter was on the program 'Til Death.,SUPPORTS
Transformers: The Last Knight's cast includes an actor.,SUPPORTS
Daft Punk makes music.,SUPPORTS
Usain Bolt participated in the Olympics in 2008.,SUPPORTS
Kazakhstan's population includes an ethic group.,NOT ENOUGH INFO
Resident Evil had a protagonist portrayed by actress Milla Jovovich.,SUPPORTS
Ariana Grande's albums have been certified platinum by the RIAA.,SUPPORTS
Champion was released in 1959.,REFUTES
Thirteen is exclusively German.,REFUTES
Didier Drogba is a professional footballer.,SUPPORTS
Olivia Munn has a career.,SUPPORTS
The Great Debaters is only a book.,REFUTES
Captain America: The Winter Soldier is a TV show.,REFUTES
"Rick and Morty's second season premiered on July 26, 2015.",SUPPORTS
Lee Harvey Oswald lived in Europe until 1962.,NOT ENOUGH INFO
The Mummy is a romance film.,NOT ENOUGH INFO
Love & Mercy (film) was unable to cast John Cusack.,REFUTES
There is a county in Southern California.,SUPPORTS
Until Dawn is a sandbox game.,NOT ENOUGH INFO
Aaliyah was raised in America.,SUPPORTS
David Mazouz is an actor.,SUPPORTS
Chris Pine appeared in a film directed by a director.,SUPPORTS
Connie Britton married Faye Resnick in 2016.,NOT ENOUGH INFO
Wyatt Earp worked to extract minerals from a bonanza.,NOT ENOUGH INFO
Cher recorded at least twenty studio albums.,SUPPORTS
Fred Jones is a Scooby-Doo character.,SUPPORTS
Central America contains countries.,SUPPORTS
Family Guy has multiple seasons.,SUPPORTS
Time Lords have time machines.,SUPPORTS
"In Welcome to Mooseport, Gene Hackman appeared.",SUPPORTS
Taylor Schilling was nominated for an award.,SUPPORTS
Jonathan Hensleigh was the director of a film starring John Travolta.,SUPPORTS
Billy Wilder is a director.,SUPPORTS
Hippocrates was also known as Hippocrates IV.,NOT ENOUGH INFO
Night Attack at Târgovişte was fought by Mehmed II of the Ottoman Empire.,SUPPORTS
It was announced that Black Panther would be developed by a company.,SUPPORTS
Teen Wolf's sixth season premiered.,SUPPORTS
Ozzy Osbourne has a standard English accent.,REFUTES
Vienna is a city in Austria.,SUPPORTS
New Girl is a show.,SUPPORTS
Richard Gere has no experience acting.,REFUTES
The Narrows only stars Adam Sandler.,NOT ENOUGH INFO
Measles develop almost 2 weeks after exposure to an infected person.,SUPPORTS
R. Madhavan was in the cast of a movie.,SUPPORTS
Joan Crawford began her career as a belly dancer.,NOT ENOUGH INFO
Theodore Roosevelt was a couch potato.,REFUTES
Bryan Adams has won awards for song composition.,SUPPORTS
Padma Shri was awarded to Aishwarya Rai by the Government of India in 2009.,SUPPORTS
Nina Simone is an American singer.,SUPPORTS
Cowboy is a song.,SUPPORTS
The Hundred-Foot Journey (film) tells the story of a war.,REFUTES
Jaime Lannister is a member of The Beatles.,REFUTES
Garry Kasparov has no political opinions.,REFUTES
Ryan Phillippe wrote a book titled son.,NOT ENOUGH INFO
Spain is in Western Europe.,SUPPORTS
Luxo Jr. is a short film.,SUPPORTS
John Heard won a trophy.,NOT ENOUGH INFO
Melbourne is in hell.,REFUTES
Alec Baldwin has yet to appear in a romantic comedy.,REFUTES
The Divergent Series: Insurgent was released in 2011.,REFUTES
Eminem was a member of a hip hop group from Detroit.,SUPPORTS
Ariana Grande's second album is not My Everything.,REFUTES
Amerigo Vespucci died in 1512.,SUPPORTS
The Leftovers stars an actor.,SUPPORTS
Greece shares borders with Bulgaria.,SUPPORTS
Liev Schreiber was born in 1967.,SUPPORTS
Anaconda is by Nicki Minaj.,SUPPORTS
24 is an Indian film.,SUPPORTS
Popeye is a 1980 American musical comedy film starring Robin Williams.,SUPPORTS
The Fall (Gorillaz album) features zero artists.,REFUTES
Michael Winterbottom has worked with actors.,SUPPORTS
The Red Army invasion of Georgia aimed to reinstate a Social-Democratic government.,REFUTES
Bill Cosby starred in a television show.,SUPPORTS
Dubai is in South Africa.,REFUTES
Elephants have been featured in folklore.,SUPPORTS
Steven Spielberg participates in the creation of movies.,SUPPORTS
John II of Portugal was the king of Portugal.,SUPPORTS
Jennifer Jason Leigh had a role in a film.,SUPPORTS
Richard Nixon was president.,SUPPORTS
Oliver Reed was only in a stage play in 1981.,REFUTES
Tardigrades are also known as space bears.,SUPPORTS
Qatar shares maritime animals with Iran.,REFUTES
Ready Player One was the recipient of an Alex Award.,SUPPORTS
Needle is the name of a sword Arya Stark wields.,SUPPORTS
The AK-47 has not been used by armed forces.,REFUTES
Legion stars Dan Stevens.,SUPPORTS
Tommy Chong is a war veteran.,NOT ENOUGH INFO
Girls' Generation includes PSY.,NOT ENOUGH INFO
Elizabeth Meriwether is a florist.,NOT ENOUGH INFO
Ronald Reagan was a person.,SUPPORTS
Sharon Stone was received a Golden Globe nomination.,SUPPORTS
"There are cultural, historical, and aesthetic significance with the film The Breakfast Club.",SUPPORTS
Star Trek only had a British soap opera make it to television.,REFUTES
Anne Hathaway had a role.,SUPPORTS
Eminem was the main character in 8 Mile.,REFUTES
Harold Ramis wrote.,SUPPORTS
Machine Gun Kelly is from a Christian family.,REFUTES
Theodore Roosevelt had asthma as a child but worked to overcome it.,SUPPORTS
Foo Fighters have an album.,SUPPORTS
Dementia is the new band name for AC/DC.,NOT ENOUGH INFO
George Cukor was a director.,SUPPORTS
Prometheus is a film.,SUPPORTS
R. Madhavan was in the cast of a movie.,SUPPORTS
David Arquette was on the plateau.,NOT ENOUGH INFO
One degree north of the equator lies Singapore.,SUPPORTS
"American Idiot has the individual song ""Boulevard of Broken Dreams.""",SUPPORTS
The September 11 attacks were carried out by terrorists.,SUPPORTS
Emma Roberts is an acrobat.,NOT ENOUGH INFO
One character on Homeland is a U.S. Navy Sailor.,NOT ENOUGH INFO
The Comedian stars multiple Texan actors.,NOT ENOUGH INFO
Clementine Chapel has an imperial monument.,SUPPORTS
The Black Dahlia is a work of art.,SUPPORTS
Gennady Golovkin is a fencer.,REFUTES
Red Hot Chili Peppers' original line-up included comedian Jerry Seinfeld.,REFUTES
Gift of the Night Fury stars the voice of an actor whose nickname is Jay.,SUPPORTS
D. B. Weiss is a person.,SUPPORTS
Grant Gustin is a Mexican.,NOT ENOUGH INFO
Deadpool first appeared in X-Men.,REFUTES
Jeff Bezos is the founder of bing.com.,NOT ENOUGH INFO
Silicon Valley includes the southern half of the San Francisco Peninsula.,SUPPORTS
Babe Ruth played baseball.,SUPPORTS
The 2016 Summer Olympics began on September 5th.,REFUTES
Abraham Lincoln lost a fortune to Stephen A. Douglas.,NOT ENOUGH INFO
Take a Bow is the eleventh number one single by Madonna.,SUPPORTS
Deliver Us from Eva has Gabrielle Union in it.,SUPPORTS
Seth Rogen was in a movie.,SUPPORTS
Shirley MacLaine has twice won a BAFTA for Best Foreign Actress.,SUPPORTS
Another name for vitamin B-12 is cobalamin.,SUPPORTS
The Thénardiers are in a novel by Victor Hugo called Les Miserables.,SUPPORTS
Ronda Rousey was the second American woman to earn an Olympic medal in judo.,REFUTES
Game of Thrones' (season 1) cast included Michelle Fairley as Catelyn Stark.,SUPPORTS
Panem is where Catching Fire is set.,SUPPORTS
David Carradine did not play the role Kwai Chang Caine.,REFUTES
One common cosmetic is liquid mascara.,SUPPORTS
Reba McEntire sang.,SUPPORTS
William Hanna failed to work in the entertainment industry.,REFUTES
France surrendered during World War II.,NOT ENOUGH INFO
Anthony Meindl has coached and worked with the Chicago Bulls.,NOT ENOUGH INFO
Brokeback Mountain was produced by Tim Burton and Johnny Depp.,NOT ENOUGH INFO
IZombie is unrelated to The CW.,REFUTES
Carolina Panthers are televised.,NOT ENOUGH INFO
Mike Portnoy has formed a band.,SUPPORTS
Shakira is a songwriter.,SUPPORTS
The Northern Isles and the Hebrides are part of Scotland.,SUPPORTS
Amazon Web Services included tools for the inter-networking of physical technology.,SUPPORTS
Rafael Nadal is an athlete.,SUPPORTS
Dwayne Johnson is only an chef.,REFUTES
Bruce Lee was in a car accident.,NOT ENOUGH INFO
Howard Stern has sold over one million copies of his books.,SUPPORTS
Just the Way You Are is a song.,SUPPORTS
Tatiana Maslany starred in Whose Line is it Anyway.,NOT ENOUGH INFO
Yellow Flicker Beat is a musical work.,SUPPORTS
Robert Duvall acted in numerous television series.,SUPPORTS
The album Take Me Home was released by Harry Styles and his bandmates.,SUPPORTS
Derrick Rose was the oldest player to win the NBA's MVP Award.,NOT ENOUGH INFO
It's Always Sunny in Philadelphia premiered in 2005.,SUPPORTS
Jordan Spence was not born in 1990.,REFUTES
Daddy Yankee made studio albums.,SUPPORTS
Gillian Jacobs appeared in the comedy film Life Partners.,SUPPORTS
The Voice hired Jennifer Hudson as a new coach in the thirteenth season.,SUPPORTS
Jennifer Hudson is a female singer.,SUPPORTS
Carmelo Anthony is a sportsman.,SUPPORTS
Charlie Sheen was in television roles.,SUPPORTS
Taraji P. Henson is an actor.,SUPPORTS
"The Fosters did not premiere on June 3, 2013.",REFUTES
Imagine Dragons won a Grammy Award.,SUPPORTS
Amazon Web Services lacked networking services.,NOT ENOUGH INFO
Aluminium is tolerated by animals.,SUPPORTS
Philip V of Spain was unable to become king.,REFUTES
As You Like It stars an actor.,SUPPORTS
Laurence Olivier received four Academy Awards.,SUPPORTS
The fifth president of Iraq was Saddam Hussein.,SUPPORTS
Colombia is not a country.,REFUTES
South Korea is a country.,SUPPORTS
Vikram acted in a Tamil-language movie.,SUPPORTS
Louis Tomlinson is a person.,SUPPORTS
Manitoba is a province.,SUPPORTS
Lauren Graham received fifty Screen Actors Guild Award nominations.,NOT ENOUGH INFO
"Mickey Rooney played a supporting role in It's a Mad, Mad, Mad, Mad World (1963).",SUPPORTS
Rappa Ternt Sanga was T-Pain's first released album,SUPPORTS
Massachusetts does not have any colleges or universities.,REFUTES
Phil Mickelson won the PGA Championship in 2005 and 2013.,NOT ENOUGH INFO
Anton Yelchin did not relocate to the United States.,REFUTES
Ben Stiller is a member of Congress.,NOT ENOUGH INFO
"Albany, New York is in Japan.",REFUTES
In Secret stars Americans.,SUPPORTS
Shia LaBeouf was in an American film.,SUPPORTS
Catherine Zeta-Jones starred in Twilight.,NOT ENOUGH INFO
"Tesla, Inc. is an electric car maker.",SUPPORTS
Maria Sharapova tested positive for meldonium.,SUPPORTS
The Hunger Games is placed in a time period.,SUPPORTS
Helios is the sibling of Eos.,SUPPORTS
The middle name of Kurt Angle is Steven.,SUPPORTS
Kate Beckinsale was directed by James Ivory in The Golden Bowl.,SUPPORTS
Robert Redford's career began in 1965.,REFUTES
Kobe Bryant earned the Finals MVP Award in 2009.,SUPPORTS
Prince lived until the age of 78.,REFUTES
Haitian Creole is based on a language in the Indo-European family.,SUPPORTS
Pablo Picasso failed to be a painter.,REFUTES
The Netherlands contains Rotterdam.,SUPPORTS
A trait of vitamin B-12 is that it's water soluble.,SUPPORTS
"Romelu Lukaku was born on May 13th, 1993.",SUPPORTS
Heidi Klum occasionally acts.,SUPPORTS
Alia Bhatt is British and Irish.,NOT ENOUGH INFO
Glee was a television show.,SUPPORTS
Robert Redford worked.,SUPPORTS
Tate Ellington acted in Virginia.,NOT ENOUGH INFO
"From 1933 to 1945, Adolf Hitler was Chancellor of Germany.",SUPPORTS
"Bermuda is approximately 1070 km east-southeast of Boston, MA.",NOT ENOUGH INFO
"Centralia, Pennsylvania has a coal mine fire burning beneath it.",SUPPORTS
Slash is a guitarist in Guns N' Roses.,SUPPORTS
The Land Before Time is a 1988 American-Irish animated adventure drama film.,SUPPORTS
The Last of Us Part II is an upcoming feature film.,REFUTES
The New York Times is censored by The New York Times Company.,NOT ENOUGH INFO
Man of Steel (film) was written by Han Solo.,REFUTES
Entertainment features are part of newspapers.,SUPPORTS
Wentworth has had positive reviews.,SUPPORTS
"In 2012, the debut studio album of Imagine Dragons was released.",SUPPORTS
"Diana Rigg was born on July 20th, 1938.",SUPPORTS
Ellen Burstyn has worked in media.,SUPPORTS
The Flash aired on ABC.,NOT ENOUGH INFO
Iraq does not have any different ethnic groups.,REFUTES
The ocean is necessary for the blue whale's existence.,SUPPORTS
As You Like It features Janet McTeer.,SUPPORTS
There is a nation called Bangladesh.,SUPPORTS
"The September 11 attacks injured over 6,000 people.",SUPPORTS
Jamie Foxx is a tea vendor.,NOT ENOUGH INFO
Red is inspired by the comic book series of a different name.,REFUTES
Craig Middlebrooks is a character in an American political comedy club.,NOT ENOUGH INFO
The United Kingdom is a country.,SUPPORTS
Gemma Arterton starred in the film Clash of the Titans.,NOT ENOUGH INFO
Ruth Negga created a science fiction comedy-drama.,NOT ENOUGH INFO
Dominick Dunne is a person.,SUPPORTS
Keith Urban won an Academy Award.,NOT ENOUGH INFO
Christopher Columbus was a republic citizen.,SUPPORTS
Chester Bennington is an actor.,SUPPORTS
Vikram was in a Tamil-language film.,SUPPORTS
Narendra Modi is an Indian politician.,SUPPORTS
The 2017 Open Championship is the 146th Open Championship.,SUPPORTS
Foo Fighters is a jazz band.,REFUTES
IZombie is a television series.,SUPPORTS
Lily James starred in the action comedy film Baby Driver.,SUPPORTS
Miranda Cosgrove is a person.,SUPPORTS
Budapest is in China.,REFUTES
Mike Tyson was disqualified from a game.,SUPPORTS
Bryan Cranston played the protagonist on the television series Breaking Bad.,SUPPORTS
Matt Smith's first significant part in TV was in the BBC series Party Animals.,SUPPORTS
The Hui people also have a community in the rural areas.,NOT ENOUGH INFO
"The United States Congress meets in Washington, D.C and it is criticized.",NOT ENOUGH INFO
Ruth Negga has worked with a director.,SUPPORTS
Julian Assange denied criticism.,NOT ENOUGH INFO
Tom Felton is an actor.,SUPPORTS
Pierce Brosnan was in Andrei Rublev.,NOT ENOUGH INFO
Keith Urban is a person who sings.,NOT ENOUGH INFO
Lions are largest living cat after the tiger.,SUPPORTS
Chris Pérez is the backup guitarist for a Tejano band.,NOT ENOUGH INFO
George Foreman worked.,NOT ENOUGH INFO
John Connally served under a president.,SUPPORTS
The British-American action comedy film Baby Driver starred Ansel Elgort.,SUPPORTS
John Fante was born in 1909,SUPPORTS
Frank Zappa was a musical movie,REFUTES
Respiratory disease can be classified.,SUPPORTS
James Mangold directed the film Logan (film).,SUPPORTS
Jane Eyre is based on a novel by an author who died in March.,SUPPORTS
Jet Li played a mummy in The Mummy: Tomb of the Dragon Emperor.,SUPPORTS
The Smurfs (film) was released by Columbia Pictures in 2011.,SUPPORTS
Little Big Shots premiered in March 2016.,SUPPORTS
Billy Bob Thornton appeared in a film based on a novel.,SUPPORTS
Sarah Silverman starred in a show.,SUPPORTS
The Boys from Brazil features a corpse.,NOT ENOUGH INFO
Taylor Swift is signed to a record label based in the United States.,SUPPORTS
The USS Constitution is a fully commissioned United States Navy ship.,SUPPORTS
Demi Moore worked in a film.,SUPPORTS
"In 1982, Janet Jackson entered into a recording contract.",SUPPORTS
Not all tumors point to cancer.,SUPPORTS
Adolf Hitler's fashion was racially motivated.,NOT ENOUGH INFO
Gift of the Night Fury stars the voice of an actor born on June 20.,SUPPORTS
"For A Coupla White Chicks Sitting Around Talking, Susan Sarandon received nominations.",SUPPORTS
PlayStation 4 is a console.,SUPPORTS
Ronda Rousey's first feature film role was as the lead in The Expendables 3.,NOT ENOUGH INFO
WeChat has instant messaging as a feature.,SUPPORTS
David Schwimmer acts in movies.,SUPPORTS
Sarah Michelle Gellar graduated from college in 1995.,NOT ENOUGH INFO
Katrina Kaif was in a work.,SUPPORTS
Frank Sinatra has been the winner of an Academy Award.,SUPPORTS
Gianluigi Buffon won the World Series.,NOT ENOUGH INFO
Little Big Shots is a talent show.,SUPPORTS
Kim Basinger is a person.,SUPPORTS
"Keith Urban is the artist who produced the album ""Defying Gravity.""",SUPPORTS
Marcus Allen's brother is a former professional quarterback.,SUPPORTS
Pornhub is a G-rated website.,REFUTES
Alfred Hitchcock works in the film industry.,SUPPORTS
"Charles, Prince of Wales founded The Prince's Trust.",SUPPORTS
Tony Blair is a leader of the Labour Party.,NOT ENOUGH INFO
Mike Judge produces.,SUPPORTS
"Scott Smith (activist) was born on October 21st, 1948.",SUPPORTS
Aix-Marseille-Provence Metropolis is an intercommunality.,SUPPORTS
Jessica Lange acts.,SUPPORTS
Charlie Chaplin had a mother.,SUPPORTS
Danny Glover has a prominent supporting role in a 1985 American crime thriller film.,SUPPORTS
The United States Environmental Protection Agency employs technologists.,SUPPORTS
YouTube is a website.,SUPPORTS
Lithuania is a member of NATO.,SUPPORTS
Line of Duty is not a British TV series.,REFUTES
The brown bear belongs to the family Felidae.,NOT ENOUGH INFO
Kaminey received only one nomination.,REFUTES
G-Dragon was the first Korean solo artist to do a Japanese four-dome tour.,NOT ENOUGH INFO
"Tyler, The Creator is an author.",NOT ENOUGH INFO
Minos lacked a wife.,REFUTES
Paradise is a major release by Lana Del Rey.,SUPPORTS
Aishwarya Rai is an actor from a dramatic work.,SUPPORTS
Gwen Stefani is a personality on television.,SUPPORTS
Emmanuel Adebayor plays football.,SUPPORTS
Broad Green Pictures is an American financing company.,SUPPORTS
Little Big Shots only shows untalented people.,REFUTES
Love Actually stars Richard Curtis.,NOT ENOUGH INFO
Sister Act features an American actress in a lead role.,SUPPORTS
The capital of Australia is a urban city.,NOT ENOUGH INFO
Macaulay Culkin played Kevin McCallister in Home Alone.,SUPPORTS
Don Henley is a person that makes music professionally.,SUPPORTS
Shahid Kapoor was in a film.,SUPPORTS
Minnesota is a Frenchman.,REFUTES
The Celtic F.C. plays in the top division of the American Soccer League.,NOT ENOUGH INFO
Ginger Baker was passed up for a spot in Cream.,REFUTES
Star vs. the Forces of Evil is a television series.,SUPPORTS
John McEnroe was a tennis player.,SUPPORTS
An example of a television personality was Steve Irwin.,SUPPORTS
Rashida Jones plays the lead role in the TBS tap-dancing series Angie Tribeca.,NOT ENOUGH INFO
Loving was distributed by Focus Features in 2006.,REFUTES
Jennifer Lawrence is not an actress.,REFUTES
The internet is the world-wide system of interconnected computer networks.,SUPPORTS
Susan Sarandon is an political activist.,SUPPORTS
Gunday is an American film.,NOT ENOUGH INFO
Rumi was an influential spiritual mind.,SUPPORTS
The New York Giants are a team.,SUPPORTS
Kurt Angle is in a sports league.,SUPPORTS
Phil Mickelson plays golf.,SUPPORTS
Home Alone features the plot of a boy left behind when his family flies to Paris and subsequent defense of his house from burglars.,SUPPORTS
Soundgarden was a Seattle contemporary of the grunge band Alice in Chains.,SUPPORTS
R. Madhavan was in the cast of a movie.,SUPPORTS
Kate Nash writes songs and sings.,SUPPORTS
Eminem has won Grammy Awards for his albums.,SUPPORTS
"Beverly Hills, 90210 addressed global human rights.",NOT ENOUGH INFO
Dwight D. Eisenhower is considered by few Western scholars to be one of the greatest U.S. Presidents.,NOT ENOUGH INFO
Paul Walker was born in the 12th day of September.,SUPPORTS
Shahid Kapoor works in film.,SUPPORTS
Sage Stallone was a magazine distributor.,NOT ENOUGH INFO
Kurt Angle is an athlete.,SUPPORTS
Winnipeg is the residence of several professional sports franchises.,SUPPORTS
Dennis served as Speaker of the United States House of Representatives.,SUPPORTS
The Flash was canceled in 1989.,REFUTES
Equidae is sometimes called the horse family.,SUPPORTS
The Ten Commandments play a fundamental role in three religions.,SUPPORTS
The Avengers was released in 2012.,SUPPORTS
Harry Potter is based on poems by Buffy Summers.,REFUTES
Toy Story is a movie.,SUPPORTS
Istanbul is located on the fifth moon of Jupiter.,REFUTES
Ulysses S. Grant was in the War of the Roses.,NOT ENOUGH INFO
Deadpool (film) was directed by Canadian singer and ballerina Tim Miller.,NOT ENOUGH INFO
Adele earned two Tony Awards.,NOT ENOUGH INFO
FC Barcelona is a football club.,SUPPORTS
Metallica plays music.,SUPPORTS
"Curse, Inc. is used by the game Terraria.",SUPPORTS
United Nations was established in 1946.,REFUTES
Lily Collins is only a singer.,REFUTES
One instance of film is Star Trek.,SUPPORTS
A Perfect Circle was formed in a year.,SUPPORTS
Gift of the Night Fury only stars the voices of actors and actresses born in October.,REFUTES
Katharine Hepburn and Spencer Tracy only worked together for a year.,REFUTES
Bobby Moore was in the Order of the British Empire until his death.,NOT ENOUGH INFO
Tom Brady was floated by the Patriots.,NOT ENOUGH INFO
Sunrise created an anime.,SUPPORTS
Aishwarya Rai was in a film.,SUPPORTS
Robert Chase worked under Gregory House.,SUPPORTS
Alexander Lukashenko is the head of state of Slovenia.,REFUTES
Novak Djokovic fell short of the single-season record.,REFUTES
The Legend of Tarzan (film) is Hollywood film.,NOT ENOUGH INFO
Neymar was named on the 5th.,NOT ENOUGH INFO
Frank Sedgman was only the World No. 3 amateur tennis champion.,REFUTES
The Golden State Warriors play basketball.,SUPPORTS
David Beckham plays soccer.,SUPPORTS
Midwestern Gothic publishes written works.,SUPPORTS
Slash is a hard rock musician.,SUPPORTS
Heartbreak Ridge is a war film.,SUPPORTS
Medina became the capital of a Muslim Empire.,SUPPORTS
Judy Garland won an award.,SUPPORTS
Marilyn Monroe worked in a school in 1944.,NOT ENOUGH INFO
Hilary Swank is a woman.,SUPPORTS
Planet of the Apes is a TV show.,REFUTES
The population growth of Las Vegas has accelerated.,SUPPORTS
Stephen Hawking is an Honorary Fellow of the Royal Society of Arts.,SUPPORTS
Usain Bolt participates in the Olympics.,SUPPORTS
There are films made by Pixar.,SUPPORTS
Ivanka Trump is the daughter of a former model.,SUPPORTS
A member of the Star Wars franchise is Natalie Portman.,SUPPORTS
Halle Berry has done modeling for the cosmetics industry.,SUPPORTS
Sunrise created Future GPX Cyber Formula.,SUPPORTS
Steven Spielberg is not an American.,REFUTES
Jon Huntsman Jr. began his career as a White House staff assistant.,SUPPORTS
"Antarctica has 1,000 to 5,000 animals that reside in it.",NOT ENOUGH INFO
The Narrows is a film.,SUPPORTS
Sean Combs was born in a forest.,REFUTES
Sage Stallone was born in 2000.,REFUTES
Snoop Dogg released Doggumentary in France.,NOT ENOUGH INFO
Eddie Vedder has released music.,SUPPORTS
Spider-Man 3 was a one-man play.,REFUTES
Wyatt Earp was a person.,SUPPORTS
Look at My Dab is by Talib Kweli.,REFUTES
Jousting stayed popular with nobility of Wales throughout the whole of the 16th century.,SUPPORTS
Dirt was created by a person.,SUPPORTS
Lindsay Lohan is not an actress.,REFUTES
Christoph Waltz is an singer.,NOT ENOUGH INFO
Anthony Meindl has coached and worked with Carmen Electra.,SUPPORTS
Felicity Jones was in a 2014 British biographical romantic drama movie.,SUPPORTS
Sunburn is a breed.,REFUTES
Evan Rachel Wood appeared in a 1995 American horror series.,SUPPORTS
My Bloody Valentine 3D stars a woman.,SUPPORTS
The Uruguay national football team plays a sport.,SUPPORTS
Dileep worked in the film industry.,SUPPORTS
International Relations includes social work.,SUPPORTS
The living standard in Portugal is high.,SUPPORTS
Arrow is a television show.,SUPPORTS
Matt Groening won ten Primetime Emmy Awards for The Simpsons.,SUPPORTS
Dileep is an entertainer.,SUPPORTS
Google is incapable of being a subsidiary.,REFUTES
CP is not the most common movement disorder in children.,REFUTES
Hotel Transylvania is a 2012 film.,SUPPORTS
Alex Rodriguez plays baseball.,SUPPORTS
Sylvester Stallone received two Golden Globe Award nominations for Rocky in 1977.,NOT ENOUGH INFO
The Beatles were a car company.,REFUTES
Kamala Harris went to a bankrupt law school.,NOT ENOUGH INFO
Lindsay Lohan is an actress.,SUPPORTS
Austria is not in Europe.,REFUTES
Hong Kong has the highest Financial Development Index score.,SUPPORTS
Cosmopolitan as of 2011 contains content which includes articles.,SUPPORTS
Russ is not American.,REFUTES
Natalie Portman is not an actress.,REFUTES
Rafael Nadal is a person who plays tennis.,SUPPORTS
Isis had a church on an island.,SUPPORTS
The filming of Lightning Point was in Queensland.,NOT ENOUGH INFO
Bosnia and Herzegovina has a government.,SUPPORTS
"Trevor Berbick died on October 29th, 2006.",REFUTES
Southern California has a county named Riverside.,SUPPORTS
Kingdom Hearts III has a character named Sora.,SUPPORTS
House of 1000 Corpses is incapable of being released.,REFUTES
Hawaii is an independent nation.,REFUTES
Kane is Glenn Thomas Jacobs's ring name.,SUPPORTS
Martina Hingis played the North American drums.,NOT ENOUGH INFO
"Erich von Manstein was born on November 24, 1887.",SUPPORTS
Jennifer Hudson was on the third season of American Idol.,SUPPORTS
Ringo Starr has been featured on hosted health shows.,NOT ENOUGH INFO
Ray Milland performed in a film.,SUPPORTS
Nikita (TV series) is an American movie.,REFUTES
Heartbreak Ridge was directed by committee.,REFUTES
Loni Love was born in a year before 1980.,SUPPORTS
The Major League Baseball Most Valuable Player Award has never been presented to a member of at least four American teams.,SUPPORTS
George Orwell is not a writer.,REFUTES
Gia is a biographical film.,SUPPORTS
Famous in Love stars an actor.,SUPPORTS
James McAvoy was nominated for a British Academy Film Award.,SUPPORTS
Outfit (retailer) is part of the cult.,REFUTES
The 2017 film The Mummy set records for lowest opening weekend box-office receipts.,NOT ENOUGH INFO
Emily Browning made her film debut in a film.,SUPPORTS
The goblin shark is a species of shark outside of the Lamniformes order.,REFUTES
The Supernatural pilot was written by a person.,SUPPORTS
Brooks Wackerman is from the Philippines and has only worked as a custodian.,REFUTES
Jay Sekulow is the Chief Counsel for the American Center for Law & Justice.,SUPPORTS
Ballet Shoes is by an English author.,SUPPORTS
Paul Pogba has won two Academy Awards.,NOT ENOUGH INFO
50 Cent's jazz album Street King Immortal is unreleased.,NOT ENOUGH INFO
Apple's founder was Steve Jobs.,SUPPORTS
Dwayne Douglas Johnson is a professional wrestler.,SUPPORTS
Yangon possesses over 7 million inhabitants.,SUPPORTS
Rafael Nadal is an athlete.,SUPPORTS
The Carmichael Show had episodes.,SUPPORTS
Animal Farm won an award in Vienna.,NOT ENOUGH INFO
Arnold Schwarzenegger appeared in a television show.,NOT ENOUGH INFO
Water covers 96.5% of the habitable planet Earth.,REFUTES
Leslie Groves died in 1918.,REFUTES
Stephen Hawking is an Honorary Fellow of the Royal Society of Arts.,SUPPORTS
The Nashville Songwriters Association International is also known as NSAI.,SUPPORTS
The Academy Awards was first televised in 1953.,SUPPORTS
Filmfare is about cheese.,REFUTES
Solange Knowles is a vocalist.,SUPPORTS
David Dhawan is a director of films.,SUPPORTS
"In August 1980, Hannah Simone was born.",SUPPORTS
Halle Berry was in a action television show.,NOT ENOUGH INFO
Android has been involved in the skirmishes of MP3 players.,NOT ENOUGH INFO
Doctor Who was written by the Ancient Greeks.,NOT ENOUGH INFO
Furia is written by someone known for High Tension.,SUPPORTS
South Park is live action.,REFUTES
Christian Bale worked with Melissa Leo.,SUPPORTS
Ryan Seacrest is a hamburger producer.,NOT ENOUGH INFO
"Caroline, Princess of Hanover is married to someone born in 1923.",REFUTES
Richard Ramirez terrorized the residents of the greater Boston area.,NOT ENOUGH INFO
Musée National d'Art Moderne is located in Lyon.,REFUTES
Borussia Dortmund is a sports club.,SUPPORTS
Joe Manganiello has been featured in Sabotage.,SUPPORTS
Benin's seat of government is in the middle of a revolution.,REFUTES
Teen Wolf is an American television series.,SUPPORTS
The terrestrial planet with the densest atmosphere is Venus.,SUPPORTS
Tatiana Maslany has received widespread awards.,NOT ENOUGH INFO
Dennis Hopper did not live in the 20th century.,REFUTES
There is a character named Casey Ryback.,SUPPORTS
Kurt Sutter created Sons of Anarchy.,SUPPORTS
Matt Sorum's touring project Kings of Chaos features Guns N' Roses members.,SUPPORTS
Dhoom 3 is a movie from India.,SUPPORTS
Muammar Gaddafi encouraged Arundhati Roy.,NOT ENOUGH INFO
Spider-Man was released.,SUPPORTS
The Lakers were in the 1991 NBA Finals.,SUPPORTS
The University of Haifa is located in Haifa.,SUPPORTS
Kajal Aggarwal was an actress.,SUPPORTS
Leslie Howard was a person.,SUPPORTS
Ayn Rand supported collectivism.,REFUTES
John Fante is illiterate.,REFUTES
"Guam was captured, and is still controlled today, by America.",SUPPORTS
"Dungeons & Dragons was first published by Tactical Studies Rules, Inc.",SUPPORTS
Patricia Lea ``Patty'' Jenkins is a person.,SUPPORTS
Joey Graceffa is a computer engineer.,NOT ENOUGH INFO
Love Actually was written and directed by Richard Curtis.,SUPPORTS
Escape from Planet Earth was produced by Rainmaker Entertainment.,SUPPORTS
Leonardo da Vinci was not an engineer.,REFUTES
Furia is adapted from anything but a science fiction short story.,REFUTES
Valerian and the City of a Thousand Planets's main character is named Laureline.,SUPPORTS
Young MC was born in the Spring.,NOT ENOUGH INFO
Kurt Russell signed a contract for ten years.,SUPPORTS
Drake is from North America.,SUPPORTS
Miranda Kerr was the first Australian Victoria's Secret model.,SUPPORTS
Delta Air Lines operates a farm.,REFUTES
Joaquin Phoenix has directed assassinations.,NOT ENOUGH INFO
Lara Croft: Tomb Raider has an appearance by Daniel Craig.,SUPPORTS
Martina Hingis is a person.,SUPPORTS
This Sporting Life was directed by a Methodist born in 1923.,NOT ENOUGH INFO
Puerto Rico is an island with a population of 3.4 million.,SUPPORTS
Delta Air Lines is an American car.,REFUTES
Kurt Angle is a professional wrestling champion.,SUPPORTS
Ron Cobb is an American writer.,SUPPORTS
Beautiful serves as the feature film directorial debut of Sally Field.,SUPPORTS
There was a writer named Dominick Dunne.,SUPPORTS
Jamie Foxx was in a 2017 film.,NOT ENOUGH INFO
The New York Giants play lacrosse.,NOT ENOUGH INFO
Just My Luck (2006 film) stars an American actor born in the nineteen eighties.,SUPPORTS
The Secret Life of Us has aired in Cambodia.,NOT ENOUGH INFO
Hungary is bordered by China.,REFUTES
Roger Federer is a professional award-winning tennis player.,SUPPORTS
Paul Pogba is a player at a football club.,SUPPORTS
Claudia Leitte works with others.,SUPPORTS
Juliette Binoche was a composer for French films.,SUPPORTS
Kurt Angle won a championship.,SUPPORTS
Desperate Housewives is a movie.,REFUTES
Moana is a musical fantasy-adventure film from 2016.,SUPPORTS
The United States Congress has an upper chamber and a lower chamber.,SUPPORTS
NBC worked with The Carmichael Show.,SUPPORTS
The Bengali language is an official language in Pakistan.,SUPPORTS
Taylor Schilling was in a web television series.,SUPPORTS
Community is available to stream nationally.,SUPPORTS
Kurt Angle is a boxer.,NOT ENOUGH INFO
Amelia Earhart wrote.,SUPPORTS
Taylor Sheridan was nominated for a Writers Guild of America award for Best Original Screenplay.,SUPPORTS
Ceres exists.,SUPPORTS
Mary Tyler Moore played a character on I Love Lucy.,NOT ENOUGH INFO
Minions is the sixth highest-grossing film of all time.,REFUTES
Marlon Brando presented a list in 1958.,NOT ENOUGH INFO
Danny DeVito works.,SUPPORTS
Cougar Town was an American television sitcom that won various awards.,NOT ENOUGH INFO
The Republic of Ireland and the United Kingdom worked toward a resolution to The Troubles during the 1980s and 1990s.,SUPPORTS
Ethiopia is a country.,SUPPORTS
Imagine Dragons is a religion.,REFUTES
The Caspian Sea is bounded by Uzbekistan to the southeast.,NOT ENOUGH INFO
Julius Caesar held office.,SUPPORTS
Community is unavailable to stream.,REFUTES
Marlon Brando gained a movie award nomination.,SUPPORTS
Cricket has players.,SUPPORTS
Beijing is a city.,SUPPORTS
Water only occurs artificially.,REFUTES
Gray Davis had strong approval ratings when he began his tenure as California's governor.,SUPPORTS
The FX has a show called The Strain.,SUPPORTS
Ivan Lendl has played in a tennis game.,SUPPORTS
Audra McDonald is an admitted fan of Porgy and Bess.,NOT ENOUGH INFO
Didier Drogba plays football.,SUPPORTS
The Singing Detective eventually aired in Mexico.,NOT ENOUGH INFO
Helen Hunt received an Academy Award nomination from her films.,SUPPORTS
Cricket is followed on the radio.,NOT ENOUGH INFO
Adventure Time was the winner of six Primetime Emmy Awards.,SUPPORTS
"West Hollywood, California is occasionally referred to as WeHo.",SUPPORTS
The Hobbit films starred an actor.,SUPPORTS
Nelson Mandela believed in socialism.,SUPPORTS
Tanya Roberts is an American actress and producer.,SUPPORTS
There is a film called John Wick: Chapter 2.,SUPPORTS
Albania is a member of the Organisation of Islamic Cooperation.,SUPPORTS
"In 2007, American actress Helen Hunt made her debut as a film director.",SUPPORTS
Quinoa is a plant that flowers.,SUPPORTS
Andy Roddick is not a tennis player.,REFUTES
The decimal form of pi does not end.,SUPPORTS
Chris Evans was on a television show.,SUPPORTS
Gilmore Girls was revived in 2016.,SUPPORTS
Roger Federer defeated John McEnroe at the US Open.,NOT ENOUGH INFO
The X Factor is a TV show.,SUPPORTS
The Invention of Lying released in movie theaters.,NOT ENOUGH INFO
Montreal is a city.,SUPPORTS
The Matrix is a movie.,SUPPORTS
José Aldo died at birth.,REFUTES
Emilio Estevez was injured while filming Bobby.,NOT ENOUGH INFO
Istanbul is located on the historic Silk Road.,SUPPORTS
Sarcoidosis appears more often in women than men.,SUPPORTS
Zeus is the son of Titans.,SUPPORTS
The 2017 film The Mummy was produced by Alex Kurtzman.,REFUTES
Pi is a number.,SUPPORTS
A phylogenetic tree shows relationships.,SUPPORTS
Josh Duhamel was born in 1972.,SUPPORTS
Alan Rickman died in 2016.,SUPPORTS
Junun is a film directed by an American filmmaker born in April 1970.,SUPPORTS
Halle Berry has a child by artificial insemenation.,NOT ENOUGH INFO
Ready Player One won an award from a nonprofit organization in 2012.,SUPPORTS
Istanbul was founded on the Sarayburnu mesa.,NOT ENOUGH INFO
Future is a video game series.,REFUTES
Fantastic Beasts and Where to Find Them got its release in 3D format and IMAX 4K Laser format.,SUPPORTS
Gianluigi Buffon won the Supercoppa Italiana in June of 1999.,SUPPORTS
Elizabeth Taylor was an actress.,SUPPORTS
Cristiano Ronaldo plays in international football.,SUPPORTS
1992 was the year Tori Kelly was born.,SUPPORTS
Tokyo was the headquarters of cats.,NOT ENOUGH INFO
Frank Sinatra performed in Las Vegas.,SUPPORTS
Christian Bale acted in multiple superhero films.,SUPPORTS
Chris Brown is a musician.,SUPPORTS
Scarlett Johansson is an actress in films.,SUPPORTS
Bill Clinton worked.,SUPPORTS
Dan Aykroyd is a Catholic.,NOT ENOUGH INFO
Song Sung Blue was only written by Barack Obama.,REFUTES
Jeffrey Dahmer was incarcerated.,SUPPORTS
The Host starred people exclusively from Slovenia.,REFUTES
George Cukor was a film director.,SUPPORTS
CBC hosted Heartland.,SUPPORTS
Ronda Rousey was the first American mixed martial artist to earn an Olympic medal in judo.,NOT ENOUGH INFO
Dhoom 3 is a 21st century film.,SUPPORTS
"Fantastic Beasts and Where to Find Them was released worldwide in November 18, 2016.",SUPPORTS
Star vs. the Forces of Evil is a movie.,REFUTES
Assassin's Creed is on consoles.,SUPPORTS
Gabrielle Union began her career in the 1800's.,REFUTES
Starbucks has an annual fall launch of their Pumpkin Spice Latte.,SUPPORTS
Steve Buscemi is a singer.,NOT ENOUGH INFO
Nicolas Cage has avoided being a producer.,REFUTES
Pirates of the Caribbean: Dead Men Tell No Tales was delayed to due to reasons besides script and budget issues.,REFUTES
Mickey Rooney was one of MGM's most consistently successful actors in the 20th century.,SUPPORTS
The Incredible Hulk is produced by Marvel.,SUPPORTS
There is an American film called Shallow Hal.,SUPPORTS
Young MC has been on TV.,SUPPORTS
Britney Spears is a singer.,SUPPORTS
License to Wed stars Robin Williams.,SUPPORTS
Mark Millar has worked on cars.,NOT ENOUGH INFO
Oz the Great and Powerful was released through a 3D format.,SUPPORTS
Adderall is a drug that can impair cognitive control.,SUPPORTS
Jay Sekulow is Chief Counsel for the Rebel Alliance.,REFUTES
Superman works for the Daily Bugle.,REFUTES
Melisandre is a real-life person.,REFUTES
"The Place Beyond the Pines was written by Cianfrance, Ben Coccio, and Darius Marder in 2013.",NOT ENOUGH INFO
Douglas Aircraft Company did business with McDonnell Aircraft.,SUPPORTS
Paul Walker starred in the film Running Scared.,SUPPORTS
Paul Walker has only starred in the film Joy Ride.,REFUTES
Sense8 is a work.,SUPPORTS
Roald Dahl is a person.,SUPPORTS
Aaron Carter is a twin.,NOT ENOUGH INFO
Genghis Khan is regarded as a war criminal.,NOT ENOUGH INFO
Aaron Taylor-Johnson only starred in the film Avatar.,REFUTES
Maria I of Portugal did not live to see the creation of the Portuguese Republic and she died while reading an Indian novel.,NOT ENOUGH INFO
Whoopi Goldberg is a comedian.,SUPPORTS
John Constantine is a DC comics character.,SUPPORTS
U2 is a band.,SUPPORTS
Ken Russell directed a 1971 British historical drama horror video game.,REFUTES
Chris Pine appeared in a film.,SUPPORTS
The Vampire Diaries aired fifty seasons.,REFUTES
Matt Sorum's touring project Kings of Chaos features members of TLC.,NOT ENOUGH INFO
Lexmark is a corporation.,SUPPORTS
The Shield is a TV series.,SUPPORTS
Believe is a work.,SUPPORTS
"Henrietta Maria of France was the wife of the reigning king of England, Scotland, and Ireland.",SUPPORTS
Marc Maron was the host of a show.,SUPPORTS
The Celtic F.C. plays in the Scottish League One.,REFUTES
The Lion King was released before 2000.,SUPPORTS
Noam Chomsky is a person.,SUPPORTS
Beautiful People finished airing in 2014.,REFUTES
San Francisco is a place in Kentucky.,REFUTES
The Shape of Water (film) is an upcoming science fiction film.,REFUTES
Richard III of England died during the Great War.,REFUTES
Paul Mantee was incapable of appearing in a cult classic film titled Robinson Crusoe on Mars.,SUPPORTS
David Carradine was not in Kung Fu.,REFUTES
Chinese people are people.,SUPPORTS
Ajay Devgn is an actor.,SUPPORTS
James Garner got an Academy Award nomination.,SUPPORTS
Naruto is a manga.,SUPPORTS
"Look at My Dab is also titled ""Bitch Dab"" in America.",SUPPORTS
"George W. Bush's brother, Jeb, served as the 43rd Governor of Florida.",SUPPORTS
Desperate Housewives was shut down by Cherry Productions.,NOT ENOUGH INFO
Keeping the Faith is a television show.,REFUTES
Meghan McCain agreed to be a FOX News contributor.,SUPPORTS
One Direction is a band.,SUPPORTS
Bryan Cranston played Dr. Tim Whatley on a NBC comedy series.,SUPPORTS
Naproxen is a swelling reliever.,SUPPORTS
John Malkovich starred in an action movie.,SUPPORTS
Phil Mickelson has not won a golf tournament.,REFUTES
Liv Tyler modeled for Vogue.,NOT ENOUGH INFO
Jerome is recognized by the Roman Catholic Church and he is influential in Christianity.,SUPPORTS
Spider-Man (2002 film) stars Tobey Maguire as Peter Parker.,SUPPORTS
Eminem has an album.,SUPPORTS
Tim Rice wrote a musical with Andrew Lloyd Webber.,SUPPORTS
U2 is a band.,SUPPORTS
Modern Family is an Italian television sitcom.,REFUTES
Martina Hingis was the singles world No. 1.,SUPPORTS
Lahore is home to multiple UNESCO World Heritage Sites including Lahore Fort and the Shalimar Gardens.,SUPPORTS
Shifty was authored by Eran Creevy.,SUPPORTS
Lisa Kudrow worked on a comedy show that aired on Showtime.,SUPPORTS
Mithun Chakraborty was not in a 1982 film directed by Babbar Subhash.,NOT ENOUGH INFO
OECD is an organization that Slovakia is a member of.,SUPPORTS
Dwight Schrute was made for Rainn Wilson to play.,NOT ENOUGH INFO
Serena Williams has a sister.,SUPPORTS
Gary Ridgway was born in 1949.,SUPPORTS
The Red Army invasion of Georgia is also known as the Soviet Invasion of Georgia.,SUPPORTS
The Invention of Lying was released in the US in 2009.,SUPPORTS
Jesse Eisenberg worked with Thomas Pynchon.,NOT ENOUGH INFO
Liev Schreiber is an actor.,SUPPORTS
The Wicked Witch of the West is from The Wonderful Wizard of Oz.,SUPPORTS
Miley Cyrus had depression.,NOT ENOUGH INFO
One of David Beckham's legal middle names is Joseph.,SUPPORTS
One America News Network is a Canadian television channel.,REFUTES
Vera Farmiga has become associated with horror films.,NOT ENOUGH INFO
The Lion King is a motion picture.,SUPPORTS
Planet of the Apes was based on the 1963 Romantic poem by French author Pierre Boulle.,NOT ENOUGH INFO
Minions was written by Brian Lynch and directed by Pierre Coffin and Kyle Balda.,SUPPORTS
Saamy is a film.,SUPPORTS
Miley Cyrus did not star in Hannah Montana.,REFUTES
"Swedish Empire was controlled by high nobility, most prominently the Oxenstierna family after 1632.",SUPPORTS
Cher is sometimes referred to as the Goddess of Turtles.,NOT ENOUGH INFO
Avengers: Age of Ultron premiered in LA in a theater.,NOT ENOUGH INFO
Michael Giacchino composed scores.,SUPPORTS
"The topping out of One World Trade Center happened on August 30, 2012.",SUPPORTS
Death in Paradise (TV series) is a British-French series.,SUPPORTS
Bradley Cooper has been in a film.,SUPPORTS
Singing is a profession of Louis Tomlinson.,SUPPORTS
Maggie Gyllenhaal performed.,SUPPORTS
Thailand's government consists of a constitutional monarchy.,SUPPORTS
Dark roast coffee was popularized by Starbucks.,NOT ENOUGH INFO
A Chinese manufacturer is BYD Auto.,SUPPORTS
"Paris Hilton had the single ""Stars Are Blind.""",SUPPORTS
Galaxy Quest is a movie.,SUPPORTS
Emilio Estevez is the owner of Walmart.,NOT ENOUGH INFO
Mike Tyson is a boxer.,SUPPORTS
One character on Homeland is a talking monkey.,NOT ENOUGH INFO
Gabrielle Solis is portrayed by an American.,SUPPORTS
Ivan Lendl has played in a tennis game.,SUPPORTS
Avenged Sevenfold released two compilation albums.,SUPPORTS
The Republic of Ireland adopted its constitution in 1987.,NOT ENOUGH INFO
Ronald Reagan was the president of the United States of America.,SUPPORTS
Mel Colmcille Gerard Gibson is the full name of Mel Gibson.,SUPPORTS
There is a comedy-drama television series called Master of None.,SUPPORTS
Zach Galifianakis was featured in Due Date.,SUPPORTS
Yamaha Corporation is a corporation.,SUPPORTS
Wentworth is a tv series.,SUPPORTS
A block is also called something else.,SUPPORTS
"In May, Thomas DeSimone was born.",SUPPORTS
Jennifer Aniston murdered Brad Pitt.,NOT ENOUGH INFO
Blue Velvet was directed by David Lynch.,SUPPORTS
Albus Dumbledore is a headmaster for a school of magic.,SUPPORTS
Sade (singer) was formed in a place.,SUPPORTS
Elvis Presley had an extended Las Vegas concert residency.,SUPPORTS
Rachel McAdams worked on a project directed by an American.,SUPPORTS
Laura Dern is an actor.,SUPPORTS
Based on a T.R.U. Story was nominated for Best Album at the 55th Grammy Awards.,SUPPORTS
The Fisher King stars a person.,SUPPORTS
Eddie Redmayne was a stage actor.,SUPPORTS
Marie Curie was a truck.,REFUTES
Sherlock (TV series) is on a media format.,SUPPORTS
Mike Tyson retired.,SUPPORTS
J.Lo is only a single.,REFUTES
Keanu Reeves appeared in podcasts.,NOT ENOUGH INFO
The Beatles died in Liverpool.,NOT ENOUGH INFO
The Offspring is a musical group.,SUPPORTS
Jimmy Wales is a person.,SUPPORTS
Dileep acted in a film.,SUPPORTS
Wyatt Earp was a city policeman and he was American.,NOT ENOUGH INFO
Hitman's director is George Lucas.,REFUTES
Independence Day: Resurgence grossed over 300 billion worldwide.,SUPPORTS
Venus Williams has a sibling.,SUPPORTS
Philip V of Spain was a monarch.,SUPPORTS
Alicia Vikander is Swedish.,SUPPORTS
License to Drive stars only men.,REFUTES
Jay Sekulow's only position is as the manager at a Denny's.,REFUTES
Northeast megalopolis includes Washington D.C.,SUPPORTS
Nineteen Eighty-Four is a novel.,SUPPORTS
Ozzy Osbourne was inducted into the Museum of Modern Art.,NOT ENOUGH INFO
The Mughal Empire founded a city.,NOT ENOUGH INFO
Conquest of the Planet of the Apes was written by Paul Dehn.,SUPPORTS
Pink Floyd's lead singer was Syd Barrett.,SUPPORTS
Travis Barker is a person.,SUPPORTS
Neil Armstrong commanded Gemini 1.,REFUTES
"Tyler, The Creator is from Boston.",REFUTES
Robert Redford acts.,SUPPORTS
Vince Vaughn appeared in Wedding Crashers.,SUPPORTS
Doug Ducey worked in America.,SUPPORTS
Chris Evans (presenter) did not have a career.,REFUTES
Peter Davison played the sidekick in a French baking show.,NOT ENOUGH INFO
Giancarlo Stanton is a Marlins player.,SUPPORTS
The Republican Party was based in America.,SUPPORTS
Gang Signs & Prayer is the first album by Stormzy.,SUPPORTS
Patrick Wilson has a career.,SUPPORTS
The Italian language is spoken by people in places.,SUPPORTS
Roald Dahl writes books.,SUPPORTS
The Woman in Red is in the genre of romantic comedy.,SUPPORTS
23 January 1897 was the day Subhas Chandra Bose was born.,SUPPORTS
Kato Kaelin gained fame during the Scott Peterson trial.,REFUTES
American Horror Story: Hotel is a season of the year.,REFUTES
Sony developed the PlayStation 4.,SUPPORTS
Marlon Brando failed to be  in a film adapted from a work.,REFUTES
Michael Bay wrote the screenplay for the film Logan (film) by himself.,REFUTES
Ronald Reagan was a person.,SUPPORTS
Sunrise created an anime.,SUPPORTS
The Secret Life of Us was filmed in Russia.,NOT ENOUGH INFO
"Charles Mackay only died on December 29, 1889.",REFUTES
Iceland is economically active.,SUPPORTS
The Republican Party was based in the Midwest.,SUPPORTS
Michael J. Fox had an illness.,SUPPORTS
The Olympic Games are international video gaming events.,REFUTES
Xbox One was praised for its smaller mop.,NOT ENOUGH INFO
Motorola makes digital video recorders.,SUPPORTS
Rafael Nadal played tennis professionally.,SUPPORTS
Anne Hathaway was nominated for zero Academy Awards.,REFUTES
Caitlyn Jenner changed an aspect of her identity.,SUPPORTS
Fox is a minor film studio.,NOT ENOUGH INFO
Michael Keaton is Michael John Douglas' professional acting name.,SUPPORTS
John Stewart is a Yellow Lantern.,NOT ENOUGH INFO
Las Vegas is a city.,SUPPORTS
Honey to the B was the first album of a singer and actress from England.,SUPPORTS
Gwen Stefani is an Anglican.,NOT ENOUGH INFO
Friday the 13th is a franchise.,SUPPORTS
The Wolfman's screenplay was written by an American BAFTA-nominated screenwriter.,SUPPORTS
Star vs. the Forces of Evil is a movie.,REFUTES
The Los Angeles Lakers won 33 straight games in December 1971 - January 1972.,NOT ENOUGH INFO
Little Boy failed to ever be dropped.,REFUTES
Film that is produced outside of a type of system is a division of Davis Entertainment.,SUPPORTS
"On February 19th, 1963, Seal was born.",SUPPORTS
R. Kelly has released 12 solo studio movies.,NOT ENOUGH INFO
Arnold Vinick is a fictitious character.,SUPPORTS
Jawbreaker (film) stars an American fashion model and television and film actress.,SUPPORTS
Liev Schreiber died before winning any honors presented at the Tony Awards.,REFUTES
Telangana is in poverty.,NOT ENOUGH INFO
Lucas is an American tragicomedy film.,SUPPORTS
Maisie Williams is a professional actress.,SUPPORTS
A musician in Got a Girl starred in Final Destination 3.,SUPPORTS
Roman Reigns is a winner of the WWE Tag Team Champion.,SUPPORTS
Sonny with a Chance is an American television show.,SUPPORTS
Snoop Dogg was involved with an American record company.,SUPPORTS
"Dragon is from the non-Greek word ""drakon.""",REFUTES
Kitti's hog-nosed is one of many extant members in the Craseonycteridae family.,REFUTES
Naomi Watts was in a movie.,SUPPORTS
Beauty Shop stars a human.,SUPPORTS
Jerry Goldsmith collaborated with comedians.,NOT ENOUGH INFO
Cersei Lannister appears in a series that was written by an author from the United States.,SUPPORTS
Amy Sherman-Palladino is the creator of T. V. series.,SUPPORTS
Mexico is a Spanish-speaking country.,SUPPORTS
Laura Dern is an actor.,SUPPORTS
Helen Hunt directed the American comedy-drama film Then She Found Me.,SUPPORTS
Shawn Michaels is involved in professional wrestling.,SUPPORTS
George Washington was not an American politician.,REFUTES
Singing is something done by Kate Nash.,SUPPORTS
"On May 13, 1913, William R. Tolbert Jr. was born.",SUPPORTS
Imagine Dragons is a solo performer.,REFUTES
Wilt Chamberlain is a basketball player.,SUPPORTS
The Incredible Hulk is a film.,SUPPORTS
Lana Del Rey is a singer-songwriter from America.,SUPPORTS
Tobey Maguire began his career in the late 1920s.,REFUTES
Douglas Aircraft Company merged with McDonnell Aircraft to form a business.,SUPPORTS
"Tyler, The Creator is Catholic.",NOT ENOUGH INFO
I Believe (Frankie Laine song) is the highest grossing song by Ervin Drake.,NOT ENOUGH INFO
Judd Apatow produced a film.,SUPPORTS
Ji Chang-wook was born.,SUPPORTS
The Celtic F.C.'s league is the Scottish Premiership.,SUPPORTS
Bette Davis is a male star.,REFUTES
Miley Cyrus was a teenage idol.,SUPPORTS
South America does not contain Brazil.,REFUTES
Gang Signs & Prayer is a debut single.,REFUTES
Ethiopia is a country.,SUPPORTS
Demi Lovato is a person.,SUPPORTS
Gorillaz is a British city.,REFUTES
Frenemies was aired in 2012.,SUPPORTS
Ceres is a known body.,SUPPORTS
Liverpool F.C. won 11 League titles and seven European trophies during the 1970s and 1980s.,SUPPORTS
Selena Gomez did not star in Romona and Beezus.,REFUTES
Sean Connery acted in the opening scene of The Rock.,SUPPORTS
Travis Barker's first band was Feeble.,SUPPORTS
The Democratic Republic of the Congo has been independent since it was settled.,REFUTES
George H. W. Bush became a millionaire at age 40.,SUPPORTS
Stanley Tucci writes.,SUPPORTS
Celine Dion liked albums in another language.,NOT ENOUGH INFO
Silicon Valley refers to the northern part of the San Francisco Bay Area.,REFUTES
Jon Pertwee played a background character.,NOT ENOUGH INFO
Harmanpreet Kaur played competitively.,SUPPORTS
The September 11 attacks caused at least $10 billion in infrastructure damage.,NOT ENOUGH INFO
Jason Bateman is a thespian.,SUPPORTS
The Coen brothers have been nominated for thirteen Academy Awards together including Best Original Screenplay for Fargo.,SUPPORTS
Floyd Mayweather Jr. is incapable of being a boxer.,REFUTES
Anne Hathaway is an actress.,SUPPORTS
Fairy Tail is a Japanese clothing store.,REFUTES
Seven Days in May stars an American.,SUPPORTS
Jeff Bezos is the fifth-richest person in the world.,REFUTES
Helena Bonham Carter has yet to be nominated for an Academy Award for Best Supporting Actress.,REFUTES
X-Men: Days of Future Past came out in October.,REFUTES
Courtney Love has acted in an award-winning American crime drama television series.,NOT ENOUGH INFO
David Thewlis worked.,SUPPORTS
"Gerd von Rundstedt was born December 12, 1875 in Germany.",SUPPORTS
Tom Brady is a quarterback.,SUPPORTS
The Beach Boys is a group.,SUPPORTS
Mickey Rooney co-starred in films.,SUPPORTS
IBM is incapable of inventing the magnetic stripe card.,REFUTES
David Beckham played professional football.,SUPPORTS
Thirteen Reasons Why is a written work.,SUPPORTS
"Dwayne Johnson is also known by his ring name, The Rock.",SUPPORTS
Stars Are Blind is a song.,SUPPORTS
British Columbia is a division.,SUPPORTS
Vitamin B-12 is similar to cobalamin.,REFUTES
Nosedive is an episode of a science fiction series.,SUPPORTS
There are no actors in Kafka.,REFUTES
Leighton Meester is a person from America.,SUPPORTS
Daniel-Day Lewis was in movies.,SUPPORTS
Calling All the Monsters was released on a date in the 21st century.,SUPPORTS
Romelu Lukaku joined a financial firm.,NOT ENOUGH INFO
Chandni stars a film actor from India.,SUPPORTS
Kong: Skull Island is a part of the Marvel Cinematic Universe.,REFUTES
Coldplay's debut album was nominated for an award.,SUPPORTS
Elizabeth Meriwether is an American producer.,SUPPORTS
Brittany Murphy is a person.,SUPPORTS
There is a country called Ethiopia.,SUPPORTS
"Neymar was born on Februrary 5th, 1992.",SUPPORTS
Angela Lansbury contributed to animated films.,SUPPORTS
Travis Scott is a recording artist.,SUPPORTS
"Bill Nye starred in a Netflix series, entitled Bill Nye Saves the World.",SUPPORTS
Doctor Who (series 10) is the thirteenth season of the series.,REFUTES
Iron Man was produced by Marvel Studios.,SUPPORTS
Jane Fonda is a person who acts.,SUPPORTS
Arrow has a critically acclaimed soundtrack.,NOT ENOUGH INFO
Tropic Thunder was produced by Universal Pictures.,REFUTES
Lydia Hearst is not a lifestyle blogger.,REFUTES
Wladimir Klitschko has fought in 29 heavyweight title fights.,SUPPORTS
The Resident Evil film series follows protagonist Alice.,SUPPORTS
Minnesota was inhabited by native peoples.,SUPPORTS
Bali is between two countries.,REFUTES
Charles Mackay is from Europe.,SUPPORTS
Transformers: Revenge of the Fallen grossed over eight hundred million.,SUPPORTS
Steve Mouzakis played the character Helek.,NOT ENOUGH INFO
Robin garnered overwhelmingly positive reviews.,NOT ENOUGH INFO
Tyrese Gibson is well known for his role as the lawyer.,REFUTES
Sarah Paulson appeared in Down with Love.,SUPPORTS
Reddit did not have a funding round led by Sam Altman.,REFUTES
Johnny Mnemonic is a science fiction film.,SUPPORTS
Cosmetic brands include rouge.,SUPPORTS
Lexmark is based in the United Kingdom.,REFUTES
Susan Sarandon received nominations for A Coupla White Chicks Sitting Around Talking in 1999.,REFUTES
"Lady Gaga is not a singer, songwriter, and actress.",REFUTES
Penny Dreadful was executive produced by Sam Mendes in 2013.,NOT ENOUGH INFO
There is a girl band named Little Mix.,SUPPORTS
Bradley Cooper is incapable of acting.,REFUTES
Joaquin Phoenix campaigns for PETA.,SUPPORTS
Gone Girl is a film.,SUPPORTS
Laura Dern acted in Enlightened.,SUPPORTS
Rafael Nadal was not a professional tennis player,REFUTES
The Democratic Republic of Congo is a place.,SUPPORTS
Matt Kuchar is a sports professional.,SUPPORTS
The Smurfs (film) was released by Columbia Pictures in 2010.,REFUTES
Observer Media is an American media company.,SUPPORTS
Chris Hemsworth starred in a movie.,SUPPORTS
Keeping Up with the Joneses had a budget of $40 million but only grossed $29 million.,SUPPORTS
"Nick Jonas named his fifth studio album ""Last Year Was Complicated.""",REFUTES
Robin Thicke has worked with K. Michelle.,SUPPORTS
The 2017 Open Championship is at least the tenth Masters Tournament.,NOT ENOUGH INFO
Home Alone features a holiday.,NOT ENOUGH INFO
42 (film) is viewed by 40 million people.,NOT ENOUGH INFO
Suleiman the Magnificent was alive during the Ottoman Empire.,SUPPORTS
Meryl Streep is a person who acts.,SUPPORTS
"Leopold II of Belgium passed away December 17, 1909.",SUPPORTS
David Hasselhoff played a lifeguard in Baywatch.,SUPPORTS
Lupe Fiasco has only ever been a director.,REFUTES
Google hosts the most visited website in the world according to Alexa.,SUPPORTS
Hadera is in an administrative district surrounding a city in Israel.,SUPPORTS
Michael Keaton is a squid.,REFUTES
Azerbaijan is a nation.,SUPPORTS
London's location is the United Kingdom.,SUPPORTS
Jim Parsons is a person who acts,SUPPORTS
Gift of the Night Fury stars the voice of an actor born on April 9.,SUPPORTS
Aruba is a landmass.,SUPPORTS
Princess Agents was released in 2015.,REFUTES
"U2's third album, War, was their first number one in the UK.",SUPPORTS
Peter Cetera was in the band Chicago.,SUPPORTS
Sunflower (1970 film) was released before 1970.,REFUTES
November 4 was the day that Hacksaw Ridge came out in the United States.,SUPPORTS
Abraham Lincoln was a president.,SUPPORTS
James A. Woods starred in a television show written by Myles Hainsworth.,NOT ENOUGH INFO
Parting Glances was canned and failed to be released.,REFUTES
Starbucks brews coffee.,SUPPORTS
The solid state of water is ice.,SUPPORTS
Justin Bieber released studio albums.,SUPPORTS
The World According to Paris had an all-male cast.,REFUTES
The Bends is the only rock album to ever exist.,REFUTES
Cage Warriors is a promotion.,SUPPORTS
Vladimir Putin was born in a city with only 1 million inhabitants in 2012.,SUPPORTS
Texas was once ruled by Emperor Norton.,NOT ENOUGH INFO
Jeff Goldblum starred in a film.,SUPPORTS
Seth Rogen is a car.,REFUTES
Albus Dumbledore is a headmaster for a school of magic.,SUPPORTS
Jennifer Garner is no longer with her husband.,SUPPORTS
The Eagles put out an album.,SUPPORTS
Fox is a major film studio.,SUPPORTS
One-Punch Man tells the narrative of an overpowered superhero.,SUPPORTS
"The Twilight Saga includes the American romantic fantasy film ""Twilight"".",SUPPORTS
Heartlight is a track on Diamond's album.,SUPPORTS
De Profundis is a window.,REFUTES
Red Headed Stranger's lyrics have appeared in the comic Preacher.,SUPPORTS
Canada lacks a constitution.,REFUTES
"North Vancouver is served by the Royal Canadian Mounted Police, Canada's federal and national police force.",SUPPORTS
Point Place is in the United States and it is not real.,SUPPORTS
Gift of the Night Fury stars the voice of an actress whose birthday was in August.,SUPPORTS
The United States Congress has two battles every day.,NOT ENOUGH INFO
Dan Martin was born in 1986.,SUPPORTS
Zooey Deschanel acts.,SUPPORTS
Danny Glover has a prominent supporting role in Predator 2 (1990).,SUPPORTS
Barbara Stanwyck was a candidate for an Academy Award for Best Actress.,SUPPORTS
"Between 1997 and 1981, Jimmy Carter was the President of the United States.",REFUTES
One Direction has won the MacAuthor Genius Grant.,NOT ENOUGH INFO
Seppuku is translated as cutting the belly.,SUPPORTS
Susan Sarandon was included in James and the Giant Peach.,SUPPORTS
There is a financing company called Broad Green Pictures.,SUPPORTS
Christopher Marlowe is a novelist.,NOT ENOUGH INFO
Richard Gere starred in a film from the United States.,SUPPORTS
The Dakota is an apartment located in the Upper East Side of Manhattan.,REFUTES
Valerian and the City of a Thousand Planets features an actor.,SUPPORTS
Denial had a 2017 release.,SUPPORTS
Barbara Bain acts in television.,SUPPORTS
Lil Wayne's sixth album is still unreleased.,REFUTES
The Prince of Egypt is a film.,SUPPORTS
J. J. Cale was a vegan.,NOT ENOUGH INFO
Halle Berry is from America.,SUPPORTS
Jake Gyllenhaal is in zero movies.,REFUTES
There is a comedian named Woody Allen.,SUPPORTS
Mike Pence is a politician.,SUPPORTS
Minions out-grossed each of the Star Wars films.,NOT ENOUGH INFO
Dwayne Douglas Johnson is a Spanish actor.,NOT ENOUGH INFO
The seventh most populous urban area in the European Union is Berlin.,SUPPORTS
Katrina Kaif was in a film.,SUPPORTS
Brock Lesnar won a fight.,SUPPORTS
Ginger Baker was inducted into the Modern Drummer Hall of Fame in 2008.,SUPPORTS
Ricky Martin has not released several albums in Spanish.,REFUTES
Chad Hayes (writer) was born on the fourth month of the calendar year.,SUPPORTS
Steven Soderbergh directed a movie.,SUPPORTS
Narendra Modi rose to zero ranks.,REFUTES
Hunter S. Thompson did not found the gonzo journalist movement.,REFUTES
Room premiered at the Sundance Film Festival.,NOT ENOUGH INFO
On Stranger Tides is a novel.,SUPPORTS
Memento depicts the story of a man who suffers from anterograde amnesia after trauma.,SUPPORTS
The Lion eats.,SUPPORTS
Austria is a film.,REFUTES
Heartlight reached number five on the Billboard Hot 100.,SUPPORTS
There is a television show called The Fosters.,SUPPORTS
Lee Min-ho is a South Korean prize.,NOT ENOUGH INFO
CeeLo Green has a song called Fuck You!.,SUPPORTS
All My Children was created by Tom Hanks.,REFUTES
Ben Affleck is an actor.,SUPPORTS
Jessica Lange won an entertainment industry award.,SUPPORTS
German is a Western Romance Language.,NOT ENOUGH INFO
The Breakfast Club came out in 1912.,REFUTES
The Dark Knight (film) made money.,SUPPORTS
Nelson Mandela was a plumber.,NOT ENOUGH INFO
Christianity is a system of beliefs and rituals.,SUPPORTS
Sherlock is on TV.,SUPPORTS
Naomi Watts is not an actress.,REFUTES
Psychological findings link to research and perspectives from France.,NOT ENOUGH INFO
The Nilotic languages are spoken by the Luo peoples.,SUPPORTS
100 Greatest of All Time was first aired by only the Discovery Channel.,REFUTES
Backstreet Boys released their 9th album in 2013.,NOT ENOUGH INFO
"Minions is the second highest-grossing animated film, raking in $1.1 billion worldwide.",SUPPORTS
There is a film called Parting Glances.,SUPPORTS
The German Shepherd is the second-most child-friendly breed based on AKC Magazine.,NOT ENOUGH INFO
Victoria is the capital of British Columbia.,SUPPORTS
Akshay Kumar has an acting career.,SUPPORTS
Eragon is a film starring a dragon.,NOT ENOUGH INFO
Steve Buscemi spent his entire career in the pharmaceutical industry.,REFUTES
The Voice is a college class.,REFUTES
Britney Spears is an American singer.,SUPPORTS
Ann Romney is the wife of Mitt Romney.,SUPPORTS
Warren G. Harding died.,SUPPORTS
"Dungeons & Dragons was first published in 1974 by Tactical Studies Rules, Inc.",SUPPORTS
Jane Fonda starred in a movie.,SUPPORTS
Anthony Meindl has coached and worked with Canadian actress Jill Wagner.,SUPPORTS
There is a football player called Peyton Manning.,SUPPORTS
Beautiful People is a film.,REFUTES
Calvin Harris only goes by his professional music name Adam Richard Wiles.,REFUTES
There is mining in Papua New Guinea.,SUPPORTS
Tom Morello was a musician.,SUPPORTS
Alex Rodriguez plays a sport.,SUPPORTS
Elizabeth II has reigned through the decolonisation of Africa.,SUPPORTS
Followers of asceticism lead an abstinent lifestyle.,SUPPORTS
Ridley Scott is the director of a film.,SUPPORTS
Northeast megalopolis includes cities.,SUPPORTS
Catherine Zeta-Jones is an actress.,SUPPORTS
The United States are on a continent.,SUPPORTS
Cheyenne Jackson was in United 93.,SUPPORTS
Hearing loss may result from trauma resulting from injury to or illness within the ear.,SUPPORTS
The Guest contains American actors.,SUPPORTS
The St. Lawrence is in Ontario.,SUPPORTS
Michael McCullers worked with Americans and he was successful.,SUPPORTS
Ireland is a place on Earth surrounded by water.,SUPPORTS
"Grace VanderWaal is from outside of Suffern, New York.",REFUTES
Adam Driver was in a movie.,SUPPORTS
Schindler's List premiered in the United States.,SUPPORTS
Davis Guggenheim was a film producer.,NOT ENOUGH INFO
Hungary had a nationwide revolt.,SUPPORTS
The Netherlands is positioned in Western Europe.,SUPPORTS
The Netherlands has the International Court of Justice.,SUPPORTS
Jean Grey is a character.,SUPPORTS
Steve Coogan is an actor.,SUPPORTS
Ranbir Kapoor does not have a career in Bollywood films.,REFUTES
There is an American private space transportation company called SpaceX.,SUPPORTS
Turn: Washington's Spies has only ever had one season.,REFUTES
Tobey Maguire's middle name is Vincent.,SUPPORTS
Interstellar is a science-fiction television series.,REFUTES
The Dayton Agreement was reached.,SUPPORTS
The Wizard of Oz is from the thirties.,SUPPORTS
Dileep acted in a film.,SUPPORTS
Arjun Kapoor acts in film.,SUPPORTS
Helen Keller's teacher was a woman.,SUPPORTS
There is a musician name John Denver.,SUPPORTS
Usher rose to fame in the late 1790s.,REFUTES
The only grand duchy left on Earth is Luxembourg.,SUPPORTS
Andrew Stanton directed an American film.,SUPPORTS
Richard Gere starred in an romantic film.,SUPPORTS
Usain Bolt has competed in sprinting.,SUPPORTS
Angela Lansbury contributed to films.,SUPPORTS
Gujarat is in Britain.,REFUTES
Melisandre is in the A Song of Ice and Fire series.,SUPPORTS
Theodore Roosevelt went to college.,SUPPORTS
Richard III was Irish.,NOT ENOUGH INFO
Sean Combs founded ANTI Records in 1993.,NOT ENOUGH INFO
Ward Moore has a first name.,SUPPORTS
There is a song that was written by Ervin Drake called I Believe (Frankie Laine song).,SUPPORTS
Mediterranean cuisine dishes are variants of roast lamb.,NOT ENOUGH INFO
Saving Private Ryan earned $44 million in sales of home video.,SUPPORTS
Game of Thrones (season 3) was filmed primarily in Iceland.,SUPPORTS
Heisenberg is an alias of Bryan Cranston's Breaking Bad character.,SUPPORTS
Maya Rudolph appeared in a film.,SUPPORTS
A Nightmare on Elm Street stars at least one actor.,SUPPORTS
Jeremy Irons refused to ever star in Elizabeth I.,REFUTES
Midwestern Gothic was founded by Robert James Russell.,SUPPORTS
Bernie Sanders is a politician.,SUPPORTS
Tutsis populate Burundi.,SUPPORTS
There is an American crime movie from 2002 with Daniel Craig in it.,SUPPORTS
Doc Holliday was diagnosed.,SUPPORTS
J. K. Rowling and her first husband ended their marriage.,SUPPORTS
"The Void raised $82,510 for its making through pastures.",NOT ENOUGH INFO
AC/DC released zero albums.,REFUTES
Take Me High was first released in 1990.,REFUTES
The Boeing 777 is the world's longest-range airliner as of 1999.,NOT ENOUGH INFO
Solange Knowles isn't a song-writer.,REFUTES
Lady Gaga is an artist.,SUPPORTS
The Ten Commandments (1956 film) is a 1956 American biblical epic film.,SUPPORTS
Spain is a place.,SUPPORTS
Frank Ocean had a visual album release.,SUPPORTS
Ted Bundy was charged with assault.,SUPPORTS
Suits (TV series) has an American actress in a prominent role.,SUPPORTS
Drew Barrymore starred in a film.,SUPPORTS
Kevin James voice acted in an RV.,NOT ENOUGH INFO
Anna Paquin acted when she was a child.,SUPPORTS
Eagles (band) has yet to release an album.,REFUTES
Zootopia was made by Universal.,REFUTES
Fantastic Beasts and Where to Find Them was released.,SUPPORTS
Michael Schumacher is a famous German racing driver.,SUPPORTS
Born Naked was created by RuPaul.,SUPPORTS
Veronika Decides to Die is written by Roberta Hanley.,SUPPORTS
Cyclobenzaprine can be used orally.,NOT ENOUGH INFO
Andorra's people had a score of 81 in 2013.,NOT ENOUGH INFO
Charles II of England was king of England.,SUPPORTS
O. J. Simpson played a sport.,SUPPORTS
Saddam Hussein died in 1937.,REFUTES
Whoopi Goldberg co-produced a television game show.,SUPPORTS
Margot Kidder won an Emmy Award in 2006.,NOT ENOUGH INFO
Jon Huntsman Jr. served as the Governor of Utah.,SUPPORTS
Rachel McAdams was in a comedy.,SUPPORTS
Metallica is a band.,SUPPORTS
Planet of the Apes shot scenes in Washington.,NOT ENOUGH INFO
Wyatt Earp worked to extract minerals.,SUPPORTS
Murder on the Orient Express starred zero actors or actresses.,REFUTES
The Apple Store originally opened in 2011.,REFUTES
Jeff Bezos is Armenian.,REFUTES
Unforgettable is a film.,SUPPORTS
Thomas Pynchon wrote the novel Undertale.,NOT ENOUGH INFO
Frank is a last work.,NOT ENOUGH INFO
Up All Night was first released in Ireland and the United States.,SUPPORTS
Adolf Dassler was the founder of the German company Adidas.,SUPPORTS
Laura Linney failed to have an acting career.,REFUTES
Lay (entertainer) is a Chinese musician.,SUPPORTS
Page and Brin own some of Google shares.,SUPPORTS
Sharon Tate was a dancer.,NOT ENOUGH INFO
Zeus is a god.,SUPPORTS
Gennady Golovkin boxes.,SUPPORTS
The Muppet Christmas Carol is a television show.,REFUTES
Aishwarya Rai had her acting debut in a film in 2011.,REFUTES
Land Rover makes teacups.,NOT ENOUGH INFO
Colin Firth was nominated for an award.,SUPPORTS
Axl Rose has been named one of the greatest professors of all time.,NOT ENOUGH INFO
Eminem is a music artist.,SUPPORTS
Frank Ocean released the single Novacane in 2011.,SUPPORTS
IBM invented the hard disk drive.,SUPPORTS
Prince released an album.,SUPPORTS
Kuala Lumpur has the Petronas Twin Towers.,SUPPORTS
Father of the Bride stars American comedian Steve Martin.,SUPPORTS
American Gothic television show had an appearance from Evan Rachel Wood.,SUPPORTS
Nikola Tesla refused to be a futurist.,REFUTES
Taylor Sheridan performed in a recorded work.,SUPPORTS
Spider-Man: Homecoming is a film.,SUPPORTS
Wonder Woman is a character.,SUPPORTS
Furia is penned by Alexander Aja.,SUPPORTS
The French Revolutionary War is part of the history of the United States.,NOT ENOUGH INFO
Rio de Janeiro is a place.,SUPPORTS
Muhammad was a person.,SUPPORTS
Countries include Haiti.,SUPPORTS
History repeated itself in the 1983-84 NBA season.,SUPPORTS
Attack the Block is a motion picture.,SUPPORTS
G.I. Jane includes Viggo Mortensen in it's cast.,SUPPORTS
The Secret Life of Us has aired in Europe.,SUPPORTS
Jim Henson was a person.,SUPPORTS
George Martin worked in music.,SUPPORTS
Jordan Peele was birthed in 1979.,SUPPORTS
Seinfeld was created by Jerry Seinfeld.,SUPPORTS
Philadelphia is home to the original U.S. Capital.,NOT ENOUGH INFO
Queen Latifah has released at least five studio cats.,NOT ENOUGH INFO
Cochrane is a political organization.,NOT ENOUGH INFO
Philip Seymour Hoffman was in a movie.,SUPPORTS
Shahid Kapoor starred in a movie.,SUPPORTS
Hawaii has islands.,SUPPORTS
Shakira is a jazz singer.,NOT ENOUGH INFO
Jeffrey Dahmer was incarcerated.,SUPPORTS
Top Gun's aerial stunts were praised.,SUPPORTS
Hayden Panetierre is a television actor.,SUPPORTS
Fergie is part of The Black Eyed Peas.,SUPPORTS
Sophie Turner appeared in television shows in 2013.,SUPPORTS
One by One (Foo Fighters album) was made by American rock band Foo Fighters.,SUPPORTS
"Stratford, London is located in east London.",SUPPORTS
Samuel L. Jackson is an actor.,SUPPORTS
Gopalkrishna Gandhi has no experience in politics.,REFUTES
20th Century Fox bought the film rights to Deadpool in 2004.,SUPPORTS
Lee Child is only known by that name.,REFUTES
Ryan Dusick is an American jazz record producer.,NOT ENOUGH INFO
James Arness was an actor in Gunsmoke.,SUPPORTS
Pineapple Express is a 2008 American film.,SUPPORTS
Jeremy Irons has won multiple awards for acting.,SUPPORTS
Richard Burbage existed as an actor.,SUPPORTS
Transformers: The Last Knight is a recorded work.,SUPPORTS
"CP is the most common movement disorder in children, occurring in about 2.1 per 1000 live births.",SUPPORTS
Alicia Vikander is a person.,SUPPORTS
Minnesota is located in America.,SUPPORTS
Franklin D. Roosevelt was born.,SUPPORTS
Return to Paradise is a drama-thriller film from 1998.,SUPPORTS
Jessica Chastain is not in the film industry.,REFUTES
The Weeknd's 2016 work received a generally positive critical reception.,SUPPORTS
The Existence of God has been argued by René Descartes.,SUPPORTS
De Profundis was written to Lord Alfred Douglas.,SUPPORTS
Dolly Parton is involved in the music industry.,SUPPORTS
Ringo Starr is not English.,REFUTES
One of the best-selling artists in the US is Eminem.,SUPPORTS
Randall Flagg has been portrayed by an actor.,SUPPORTS
Don Henley has released studio albums.,SUPPORTS
The Backstreet Boys are a group.,SUPPORTS
Eminem was a member of a group.,SUPPORTS
Manitoba is an area.,SUPPORTS
To Die For has no actors in it.,REFUTES
Haifa is located on the Asian continent.,NOT ENOUGH INFO
Winona Rider has had more than one role.,SUPPORTS
Warner Bros. released The Lego Movie movie.,SUPPORTS
Vincent Cassel starred in Ocean's Twelve.,SUPPORTS
Phantoms is an Armenian film.,REFUTES
Inhumans's main character's full name is Blackagar Boltagon.,SUPPORTS
Kendrick Lamar released a debut mixtape.,SUPPORTS
Specific art forms were promoted by Nazi Germany.,SUPPORTS
Fiji is the name of a place.,SUPPORTS
Jesus is also referred to as Jesus of Nazareth.,SUPPORTS
Anonymous is a religion.,REFUTES
Lily Collins is an actor.,SUPPORTS
MS Dhoni plays for a country.,SUPPORTS
Mr. Sunshine is Bolivian.,REFUTES
Celine Dion entered a contract with a record label owned by Sony.,NOT ENOUGH INFO
Alison Brie was born in 1985.,REFUTES
The Lakers were in the 1991 NBA Finals.,SUPPORTS
Yung Rich Nation had numerous producers.,SUPPORTS
Mike Tyson was victorious.,SUPPORTS
Moscow is in China.,REFUTES
Gianluigi Buffon is only a mid-fielder.,REFUTES
Michelle Pfeiffer is an actress.,SUPPORTS
Tyrion Lannister is a book.,REFUTES
Saamy is an Indian movie.,SUPPORTS
Stuart Sutcliffe initially served as the bass player for The Beatles.,SUPPORTS
Austria was never a sovereign state.,REFUTES
Timothy Olyphant is a person.,SUPPORTS
A woman from Britain wrote Harry Potter.,SUPPORTS
Olivia Wilde is an executive.,NOT ENOUGH INFO
Michael Schumacher is a racer.,SUPPORTS
Napoleon was a military officer.,SUPPORTS
Anti-nuclear antibodies has subtypes.,SUPPORTS
Muhammad was orphaned as a young child.,SUPPORTS
Cosmopolitan a periodical with pictures.,NOT ENOUGH INFO
Before Night Falls has the director Julian Schnabel.,SUPPORTS
L.A. Law aired exclusively on FX.,REFUTES
The PlayStation 4 is a console for video games.,SUPPORTS
Clark Gable was a pet.,REFUTES
Loki is the mother of Helblindi and Byleistr.,REFUTES
Based on a T.R.U. Story is a work.,SUPPORTS
Snoop Dogg is Canadian.,NOT ENOUGH INFO
Slovakia is not between Western Europe and Eastern Europe.,REFUTES
Gone Girl lacks a performance by Rosamund Pike.,REFUTES
Adolf Hitler was elected by the Nazi Party in the German Reichstag.,SUPPORTS
The 79th Academy Awards occurred at Kodak Theatre.,SUPPORTS
Bernie Sanders is in the Senate.,SUPPORTS
Julius Caesar was directed by Joseph L. Mankiewicz.,SUPPORTS
Katrina Kaif is Hollywood's highest-paid actress.,NOT ENOUGH INFO
"From 1949-1964, Hubert Humphrey served in the Senate.",SUPPORTS
Instagram is a website used by Selena Gomez.,SUPPORTS
Chris Hemsworth is known for playing Kim Hyde.,SUPPORTS
Evonne Goolagong Cawley received an order of chivalry.,SUPPORTS
The human condition is analyzed in a method of study.,SUPPORTS
Ethnic Albanians living outside Serbia are more likely to speak local languages instead of Albanian.,NOT ENOUGH INFO
Fifty Shades of Grey was released 2011.,SUPPORTS
Peter Jackson was involved with The Hobbit.,SUPPORTS
Iris Murdoch was illiterate.,REFUTES
Paul Simon was a musician in the 1960s.,SUPPORTS
Halle Berry won the 2002 Academy Award for Best Actress for her performance.,SUPPORTS
Matt Damon is a person.,SUPPORTS
Mission: Impossible aired from 1966 to 1973.,SUPPORTS
Manchester City F.C. regained their status in an English professional league.,SUPPORTS
Captain America is a super powered human being.,SUPPORTS
Athletics at the Summer Olympics includes events.,SUPPORTS
Mao Zedong is a military strategist.,SUPPORTS
The South Wales Valleys are also known as The Valleys.,SUPPORTS
One movie actress is Anne Hathaway.,SUPPORTS
Eric Singer has performed at The Grammy Awards.,NOT ENOUGH INFO
Lana Del Rey released a single.,SUPPORTS
Fish emigrated to Iceland.,NOT ENOUGH INFO
Avril Lavigne released an album.,SUPPORTS
Water only occurs artificially.,REFUTES
Shia LaBeouf has no experience acting.,REFUTES
Harold Ramis was a comedic actor.,NOT ENOUGH INFO
Emmanuel Adebayor was invited to a tournament.,NOT ENOUGH INFO
Sweden is a nation.,SUPPORTS
Gilmore Girls ran for seven minutes.,REFUTES
"Jesus was often referred to as an ""imam.""",NOT ENOUGH INFO
Charles II of England did not have an heir.,REFUTES
New Moon was the second installment of the Twilight Saga.,SUPPORTS
Edgar Allan Poe died.,SUPPORTS
Uranus is in the Sombrero Galaxy.,NOT ENOUGH INFO
Assassin's Creed main games totals nine.,SUPPORTS
Dan Martin is a person.,SUPPORTS
Babe Ruth was a person.,SUPPORTS
Gimli is a fictional character.,SUPPORTS
The Portuguese Empire existed during the Golden Ages.,REFUTES
Mark Bomback is an American citizen.,SUPPORTS
Baahubali: The Beginning is a novel.,REFUTES
Star Trek had a television series.,SUPPORTS
"Trevor Berbick died on October 28th, 2006.",SUPPORTS
Julie Christie was nominated for an Oscar.,SUPPORTS
Ron Swanson has two ex-wives that are both named Tammy.,SUPPORTS
Bradley Cooper's middle name is Kevin.,REFUTES
Jim Henson was an entertainer.,SUPPORTS
Formula One denounces racing events.,NOT ENOUGH INFO
Eddie Vedder has done solo film work.,SUPPORTS
Gold has been used for money.,SUPPORTS
Iran is a sovereign state that is not a third-world country.,SUPPORTS
Akshay Kumar is in Hindi cinema.,SUPPORTS
The Big Trail is a motion picture.,SUPPORTS
Wilhelmina Models was where Katherine Heigl began her career.,SUPPORTS
Eminem doesn't make music.,REFUTES
Tom Cruise directed Rain Man.,REFUTES
Nikola Tesla invented.,SUPPORTS
The Muse stars Jeff Bridges and Albert Brooks.,NOT ENOUGH INFO
Superman has been reimagined in alternative versions.,SUPPORTS
Corey Taylor is a heavy metal pianist.,NOT ENOUGH INFO
Eric Singer has done a performance with Badlands.,SUPPORTS
Christine Daaé is a character by Victor Hugo.,REFUTES
Julianne Hough is the sister of Derek Hough and three other sisters.,NOT ENOUGH INFO
"Metro Boomin was conceived on July 1st, 1993.",REFUTES
The X Factor is a TV show.,SUPPORTS
Richard Nixon ran for POTUS.,SUPPORTS
The Mughal Empire was ruled by Genghis Khan's son's hereditary successors.,SUPPORTS
Ken Russell only directed a 1955 American science fiction-horror film.,REFUTES
Victor Hugo was a writer.,SUPPORTS
Adolf Hitler was a leader.,SUPPORTS
Kate Beckinsale is an actress.,SUPPORTS
Scotland owns no islands.,REFUTES
Austria's capital city is Vienna.,SUPPORTS
Fairy Tail is a Japanese clothing store.,REFUTES
Nelson Mandela is an Asian nationalist.,NOT ENOUGH INFO
Meryl Streep turned down the role she was offered in The Homesman.,REFUTES
Geraldine Chaplin has only acted in films made in Malayam.,REFUTES
Ajay Devgn is a Bollywood actor.,SUPPORTS
Gift of the Night Fury stars the voice of an actor whose birthday was in April.,SUPPORTS
Timea Bacsinszky won titles on a circuit.,SUPPORTS
Marlon Brando was in a film in 1984.,NOT ENOUGH INFO
Niall Horan wrote songs.,SUPPORTS
The Youth Olympic Games (YOG) is a event.,SUPPORTS
Argo has at least one producer.,SUPPORTS
Little Miss Sunshine was only filmed in Nebraska.,NOT ENOUGH INFO
The Bachelorette (season 13) does not air on ABC.,REFUTES
Shah Rukh Khan is a star in Indian cinema.,SUPPORTS
Ajay Devgn has only won awards in the United States.,REFUTES
"Albany, New York, is a city in the United States.",SUPPORTS
Glenn Frey has done singing for the Eagles.,SUPPORTS
Sons of Anarchy premiered on FX.,SUPPORTS
Sriti Jha plays the lead role in an Hindi-language TV show.,SUPPORTS
Alexander Hamilton attended King's College in Manhattan.,SUPPORTS
Saving Private Ryan was released on home video and DVD in May 1999.,NOT ENOUGH INFO
One character on Homeland is a U.S. Navy Sailor.,NOT ENOUGH INFO
An actor whose birthday is May 13 acted in The Twilight Saga.,SUPPORTS
Coke Boys Records was founded by French Montana.,SUPPORTS
Ruth Negga was in a historical drama.,SUPPORTS
Mike Tyson was an athlete.,SUPPORTS
Deadpool's film development began in Jamaica.,REFUTES
Green Arrow is a comic book character who first appeared in Duck Tales.,REFUTES
Snoop Dogg was part of an American Record company.,SUPPORTS
Tommy Chong works in comedy and acting.,SUPPORTS
"In conventional and IMAX cinemas, Cloud Atlas was released.",SUPPORTS
Shahid Kapoor is host for award ceremonies.,SUPPORTS
Miley Cyrus was pledged under RCA Records.,NOT ENOUGH INFO
Helena Bonham Carter is unable to act in movies.,REFUTES
Tim Rice wrote a musical.,SUPPORTS
Sarah Silverman received an Emmy for directing.,NOT ENOUGH INFO
The Isle of Man has always been an independent country.,REFUTES
Geraldine Chaplin has acted in films made in the Spanish language.,SUPPORTS
The Bulls were in the NBA Finals.,SUPPORTS
Macbeth is a film.,SUPPORTS
Chris Brown worked in the music industry.,SUPPORTS
Jackie Robinson only contributed to the Dodgers' 1976 World Series championship.,REFUTES
Maynard James Keenan makes brandy.,NOT ENOUGH INFO
Mickey Mantle was only ever an amateur.,REFUTES
"Oakland, California is the third alphabetical city in California.",NOT ENOUGH INFO
Saddam Hussein was born in 1870.,REFUTES
Ronda Rousey turned down being in any 2015 American comedy films.,REFUTES
"There are people in Anaheim, California.",SUPPORTS
John Adams was a politician.,SUPPORTS
Joan Cusack was in a 1926 film.,REFUTES
Wallander was adapted from the Kurt Wallander novels.,SUPPORTS
Andrew Wood (singer) was addicted to food.,NOT ENOUGH INFO
Jack Reacher is a 1600s period piece.,NOT ENOUGH INFO
Ivan Lendl has played in a tennis game.,SUPPORTS
Christian Bale partnered with Amy Adams.,NOT ENOUGH INFO
Laura Linney failed to have an acting career.,REFUTES
Equidae is a taxonomic group.,SUPPORTS
Donald Glover is American.,SUPPORTS
Chicago featured David Hasselhoff.,SUPPORTS
John Cusack starred in an American romantic comedy-drama film.,SUPPORTS
Marlon Brando was a supporter of Native American movements.,SUPPORTS
The Khmer Empire was in Southeast Asia.,SUPPORTS
Chris McKenna has co-written an episode of American Dad with his brother Matt McKenna.,SUPPORTS
Peyton Manning played football and is from the United States.,SUPPORTS
The Last of Us Part II is an upcoming action-adventure survival horror video game.,SUPPORTS
Avril Lavigne played a character in an animated comedy movie.,SUPPORTS
Blink-182 is not a band.,REFUTES
Brian is not in The Beach Boys.,REFUTES
Terminator Salvation stars someone born in 1974.,SUPPORTS
Britney Spears created two or more studio albums.,SUPPORTS
"Rod Serling was known as the ""angry young man"" of Hollywood.",SUPPORTS
Andy Warhol is a person.,SUPPORTS
Carmelo Anthony is a sportsman.,SUPPORTS
Ronald Reagan was a person.,SUPPORTS
Geraldine Chaplin has a home in Switzerland.,SUPPORTS
U2 is a rock band.,SUPPORTS
Isabella of France died in 1360.,REFUTES
Tiger Woods did not reach number one ranking in the world in 1997.,REFUTES
The Champ is an American film.,SUPPORTS
Dangerous Beauty is a biographical drama book only.,REFUTES
Tori Kelly was killed in 1992.,REFUTES
Tupac is considered a top rapper.,NOT ENOUGH INFO
Lisbon is the largest city in Portugal.,SUPPORTS
Nicole Kidman is not an actress.,REFUTES
Slovakia is a sports team.,REFUTES
John Fante was Irish-American.,REFUTES
Ad buyers use jingles in nothing.,REFUTES
Doctor Who was written by the Ancient Greeks.,NOT ENOUGH INFO
Marlon Brando is not an actor.,REFUTES
Neil Armstrong is incapable of serving as a test pilot.,REFUTES
Hugo Weaving is a person.,SUPPORTS
Alexander Hamilton raised an infantry company in 1776.,REFUTES
Tiger Woods is a professional golfer.,SUPPORTS
R. Madhavan was in the cast of a movie.,SUPPORTS
Leslie Groves only directed publicly available research projects.,REFUTES
Yeh Dillagi could have starred Saif Ali Khan.,SUPPORTS
Vlad the Impaler is an only child.,REFUTES
Citalopram is a town.,REFUTES
Three Men and a Baby is a TV series.,REFUTES
Matt Kuchar bettered his game in 2008.,SUPPORTS
Peter Capaldi received four cats.,NOT ENOUGH INFO
Matthew McConaughey was unavailable to work on the war film U-571.,REFUTES
The Fall (Gorillaz album) features an English artist Paul Simonon.,SUPPORTS
There is a style called stand-up comedy in which a comic performs.,SUPPORTS
"Princess Margaret, Countess of Snowdon is the cousin of Queen Elizabeth II.",REFUTES
Jessica Chastain never appeared in American films.,REFUTES
San Francisco is formally known as the City and County of San Diego.,SUPPORTS
Selena Gomez is the most-followed person in the world.,NOT ENOUGH INFO
Edward I of England responded to something.,SUPPORTS
Jimmy Carter was banned from the Georgia State Senate.,NOT ENOUGH INFO
Emma is an adaptation of Emma.,SUPPORTS
RMS Titanic was a train.,REFUTES
Brooks Wackerman was born in the United States.,NOT ENOUGH INFO
24 failed to ever air.,REFUTES
Debbie Reynolds starred in How the West Was Won.,SUPPORTS
Bill Cosby has been accused by 5 women of rape.,SUPPORTS
Ringo Starr has been featured in documentaries.,SUPPORTS
Arcade Fire's third studio album was commercially unsuccessful.,REFUTES
Bonnie Hunt was in an airplane.,NOT ENOUGH INFO
The Beatles started in 1960.,SUPPORTS
Twitter is based in San Francisco.,SUPPORTS
Arrow has been renewed for a sixth season on a new network.,NOT ENOUGH INFO
Future collaborated with a Canadian singer.,SUPPORTS
Ringo Starr makes music.,SUPPORTS
Stevie Ray Vaughan is not a guitar player.,REFUTES
Michelle Rodriguez is in a movie.,SUPPORTS
Sons of Anarchy is a television show.,SUPPORTS
Stanley Kubrick directed.,SUPPORTS
Abu Talib ibn Abd al-Muttalib was the leader of a clan with a unique maternal bloodline of Israelite ancestry.,SUPPORTS
My Everything peaked in the top fifty alone.,NOT ENOUGH INFO
Marlon Brando was in a film.,SUPPORTS
Courtney Love has an acting career.,SUPPORTS
Final Fantasy XII sold 7 million copies worldwide.,NOT ENOUGH INFO
Benin's financial center is in Cotonou.,NOT ENOUGH INFO
Steve Buscemi directed the television show Trees Lounge.,REFUTES
"Worcester, Massachusetts is 40 mi from the capital of Massachusetts.",SUPPORTS
Allure is a magazine.,SUPPORTS
The fifth studio album released by Britney Spears was named Blackout.,SUPPORTS
Jared Padalecki appeared in a film.,SUPPORTS
Ederson Moraes plays a position.,SUPPORTS
Michael Phelps was chosen to be a cheer leader of a US Olympic team.,NOT ENOUGH INFO
Richard Gere starred in a film that is categorized as neo-noir.,SUPPORTS
Eddie Vedder is best known as anything except a member of a band.,REFUTES
Bad and Boujee features Lil Uzi Vert.,SUPPORTS
Yale School of Drama provided training in only criticism.,REFUTES
Black Panther is a character.,SUPPORTS
The International Court of Justice is hosted in The Netherlands.,SUPPORTS
Two daughters are fathered by George VI.,SUPPORTS
Wyoming is the eighth largest state in the country by area.,REFUTES
Hayden Panettiere is not an actress.,REFUTES
Gerard Butler is a performer.,SUPPORTS
Gil Sharone began working with a band formed in Russia.,REFUTES
Womb (film) starred an English actor.,SUPPORTS
Brittany Murphy is a person.,SUPPORTS
Batman is smart.,SUPPORTS
D. B. Weiss is a reader.,NOT ENOUGH INFO
Sofía Vergara is a woman.,SUPPORTS
Taylor Swift is not a music artist.,REFUTES
Heidi Klum occasionally directs.,NOT ENOUGH INFO
Liev Schreiber died before performing in any plays by David Mamet.,REFUTES
Social justice is invoked today in advocating for the physically and mentally disabled in the US.,NOT ENOUGH INFO
Wiz Khalifa is in Twilight.,NOT ENOUGH INFO
Aruba's weather is consistently warm and sunny.,SUPPORTS
Frank Ocean is an entertainer.,SUPPORTS
Christopher Columbus worked for free.,NOT ENOUGH INFO
Gil Sharone played a role on an episode of a sitcom created by a man.,SUPPORTS
Ava DuVernay is a film distributor.,SUPPORTS
Cancer did not cause deaths.,REFUTES
Andy Warhol founded a publication.,SUPPORTS
Judi Dench has an acting career.,SUPPORTS
10 Cloverfield Lane stars Mary Elizabeth Winstead.,SUPPORTS
John Mayer won an American Music Award.,SUPPORTS
James McAvoy wrote State of Play.,REFUTES
Maria Sharapova has yet to receive a suspension.,REFUTES
The Girl on the Train is a statue in Manhattan.,REFUTES
Olivia Munn was credited as Satan.,REFUTES
Star Wars is not a film,REFUTES
Yung Rich Nation had featured artists.,SUPPORTS
Kristen Bell acts in comedy films.,SUPPORTS
Iceland is a place.,SUPPORTS
"Marshall McLuhan coined the term ""global village.""",SUPPORTS
The Adjustment Bureau is a 2011 American science fiction thriller work.,SUPPORTS
Shay Haley was born in 1972.,SUPPORTS
Sony is one of the leading manufacturers in the world.,SUPPORTS
Denis Leary is a comedian.,SUPPORTS
Katherine Heigl started acting.,SUPPORTS
Harry Styles and his bandmates have yet to release an album.,REFUTES
Pornhub cannot be found on the Internet.,REFUTES
Prince released an album.,SUPPORTS
"Carl Sanders was born on August 15, 1925.",REFUTES
There is a television show called Prison Break.,SUPPORTS
The Doctor has the gift of regeneration.,SUPPORTS
The Saskatchewan River is in Ontario.,NOT ENOUGH INFO
The Gadsden flag was designed.,SUPPORTS
The Aegean Sea has the Dardanelles as a connector.,SUPPORTS
Jack Nicholson acts.,SUPPORTS
Sunrise created anything but Mobile Suit Gundam.,REFUTES
Dean Martin was born.,SUPPORTS
Monarch of the Glen is a drama.,SUPPORTS
Amy Adams attended college in America.,NOT ENOUGH INFO
Tamera Mowry starred in Fresh Off the Boat.,NOT ENOUGH INFO
Lymphoma is a kitten.,REFUTES
"The French Open is also called Roland-Garros, the name of a stadium.",SUPPORTS
"Pink Floyd did not include Gilmour, Wright, Mason, and Waters.",REFUTES
Sons of Anarchy premiered online.,REFUTES
Portal 2 was released in 2011.,SUPPORTS
Pranab Mukherjee is the 13th president of India.,SUPPORTS
Omar Sharif spoke English and Spanish fluently.,SUPPORTS
Pornhub is a G-rated website.,REFUTES
Paul Bettany has played Vision in one or more works.,SUPPORTS
Adam West was born in September 1928.,SUPPORTS
George Foreman was employed by an American premium cable and satellite television system.,NOT ENOUGH INFO
Elizabeth Taylor has been in a film that was American.,SUPPORTS
James A. Woods starred in a film written by a screenwriter.,SUPPORTS
Gerald Ford served as President of the United States without being elected to executive office.,SUPPORTS
Neil Armstrong was born in 1970.,REFUTES
Eragon is a film starring an actor.,SUPPORTS
James McAvoy refuses to work in the film industry.,REFUTES
Lion was not written by Luke Davies.,REFUTES
Bradley Cooper was birthed in 1975.,SUPPORTS
Tyrion Lannister is a book.,REFUTES
The Incredible Hulk is the second book in the Marvel Cinematic Universe.,REFUTES
Ajay Devgn has never appeared in a movie.,REFUTES
The Secret Life of Us has aired on an island.,SUPPORTS
Leicester City F.C. is British.,SUPPORTS
Kuala Lumpur has the Petronas Twin Towers.,SUPPORTS
"Ringo Starr screamed obscenities on ""Yellow Submarine"".",REFUTES
Meryl Streep began acting professionally in 1980.,REFUTES
Transformers: The Last Knight is a movie.,SUPPORTS
Giancarlo Stanton played first base for the Marlins.,REFUTES
Bill Cosby appeared in a show that aired on television.,SUPPORTS
Star Wars: The Force Awakens is a store.,REFUTES
Danny DeVito was a producer for Erin Brockovich.,SUPPORTS
The genre of pop punk was developed partly by Blink-182.,SUPPORTS
Gilmore Girls' revival streamed on Hulu.,NOT ENOUGH INFO
Jennifer Aniston has a middle name.,SUPPORTS
Tom Brady is a person who plays quarterback.,SUPPORTS
Hugh Grant is an actor.,SUPPORTS
Dominick Dunne was involved in the film The Boys in the Band.,SUPPORTS
Tom Morello was raised in Libertyville.,SUPPORTS
Kate Nash is a person.,SUPPORTS
Emma Roberts is not a singer.,REFUTES
The Hobbit films starred an actress.,SUPPORTS
The Beach Boys was a band in the rock genre.,SUPPORTS
Shahid Kapoor is an award-winning Indian musician.,NOT ENOUGH INFO
Charlie Rubin has written for The Carol Burnett Show.,SUPPORTS
International Relations only includes the entertainment industry.,REFUTES
There is a band called The Beach Boys.,SUPPORTS
Stand-up comedy is a style in which a comic performs.,SUPPORTS
Gucci is a brand of cotton goods.,REFUTES
Avenged Sevenfold released one live pig.,NOT ENOUGH INFO
"Metro Boomin's date of birth is September 16th, 1993.",SUPPORTS
Reddit had a funding round that included investors.,SUPPORTS
Christian Bale acted in American films.,SUPPORTS
Gianluigi Buffon has won football titles.,SUPPORTS
Lauren Graham is a writer.,SUPPORTS
Hayden Panetierre played Juliette Barnes on the Discovery Channel.,REFUTES
Geraldine Chaplin avoided the dancing profession her entire life.,REFUTES
The Weeknd does not write songs.,REFUTES
Humans are the main threat to the gray wolf.,SUPPORTS
Sherlock (TV series) was released with short story tie-ins.,SUPPORTS
Varun Dhawan has acted in Hindi films.,SUPPORTS
Ice Hockey is popular in many circles.,SUPPORTS
Henry V is a film.,SUPPORTS
Remote Control Productions has provided the scores for movies.,SUPPORTS
Year Zero is an album by the band Nine Inch Nails.,SUPPORTS
Coke Boys Records functions independently to produce records.,SUPPORTS
Miami Beach is a place.,SUPPORTS
Clementine Chapel is empty of monuments.,REFUTES
Goat Island is joined to the U.S. mainland.,SUPPORTS
Jeff Hardy is a wrestler.,SUPPORTS
Rabat is one of Morocco's cities.,SUPPORTS
Wonder Woman is a character in American comic books.,SUPPORTS
Helena Bonham Carter was in Alice in Wonderland.,SUPPORTS
George A. Romero directed Creepshow.,SUPPORTS
Deadpool (film) is a 2017 film.,REFUTES
Gary Ridgway is a serial murderer.,SUPPORTS
George Best is a football champion.,SUPPORTS
There are bodies of water in Ontario.,SUPPORTS
The Hunger Games's screenplay was written by people.,SUPPORTS
Macbeth is a comedy.,REFUTES
David Schwimmer finished acting in Friends in the 21st century.,SUPPORTS
Ready Player One won the Prometheus Award.,SUPPORTS
Shakira is a performer.,SUPPORTS
"Weightlifting Fairy Kim Bok-joo was made in Seoul, South Korea.",NOT ENOUGH INFO
Delhi has been a part of various kingdoms and empires including modern day India.,SUPPORTS
Ajay Devgn acts in the film community of India.,SUPPORTS
Bob Riley was a president from 2003 to 2011.,NOT ENOUGH INFO
Ted Kaczynski was a writer of Scandinavian crime.,NOT ENOUGH INFO
"Views had the single ""One Dance.""",SUPPORTS
Star Wars: Episode II – Attack of the Clones came out on DVD.,SUPPORTS
Felicity Huffman is a film actress.,SUPPORTS
The Promise premiered in the United States.,REFUTES
Andrew Jackson was a person.,SUPPORTS
Harold Ramis was a director.,SUPPORTS
Jon Pertwee took part in Worzel Gummidge.,SUPPORTS
Fifth Harmony gained 7 million dollars in profit.,NOT ENOUGH INFO
Tobey Maguire received a Saturn Award for Best Actor.,SUPPORTS
Evil Queen (Disney) was written by Joe Grant.,NOT ENOUGH INFO
The Beastie Boys made the album Check Your Head in 2005.,REFUTES
Spencer Tracy was a person.,SUPPORTS
Jack Nicholson is a person.,SUPPORTS
Acting is Steve McQueen's profession.,SUPPORTS
Maid in Manhattan only started production in 2002.,NOT ENOUGH INFO
"Her was given a wide release on January 10, 2014 and it was acclaimed.",SUPPORTS
Singapore lies north of the equator.,SUPPORTS
Ted Bundy was charged with his children's care.,NOT ENOUGH INFO
Brazil was inhabited by indigenous peoples.,SUPPORTS
Iain Glen only acts on television.,REFUTES
David Schwimmer starred in a television movie based in New Zealand.,NOT ENOUGH INFO
Marilyn Monroe was a performer.,SUPPORTS
Tom Brady is a quarterback in the NFL.,SUPPORTS
Billy Joel has influenced American culture through sports.,NOT ENOUGH INFO
Scarlett Johansson is an actress in films.,SUPPORTS
H. H. Holmes was only known as H. H. Holmes.,REFUTES
The Thénardiers are in a book.,SUPPORTS
Theodore Roosevelt was President of the United States.,SUPPORTS
Doctor Who is a TV show.,SUPPORTS
Morrissey was born in Europe.,SUPPORTS
Chitty Chitty Bang Bang was edited by Ken Hughes.,NOT ENOUGH INFO
George Washington was a politician.,SUPPORTS
War of the Worlds was made in July 2005.,NOT ENOUGH INFO
All actors and actresses who had a role in The Silence of the Lambs won an Academy Award except for Jodie Foster.,REFUTES
Mark Ruffalo is a social drinker.,NOT ENOUGH INFO
Large numbers of civilians were executed during the American Revolution.,SUPPORTS
RuPaul is a dancer.,NOT ENOUGH INFO
The Philippines is a country.,SUPPORTS
Estimates of the number of species on Earth today are almost one hundred percent accurate.,NOT ENOUGH INFO
The Strangers starred only people born in March.,REFUTES
Sarah Palin ran for presidency alongside a senator from Arizona.,SUPPORTS
Dr. Dre's solo album is titled 2001.,SUPPORTS
Leukemia is able to affect humans.,SUPPORTS
Jessica Biel is not an actor.,REFUTES
Manchester City F.C. is an English football club based in Manchester.,NOT ENOUGH INFO
Bette Davis is a star.,NOT ENOUGH INFO
Cheaper by the dozen is a car.,REFUTES
"Charles Dickens was from Surrey, England.",REFUTES
The Mughal Empire was an empire in Asia.,SUPPORTS
The Voice is a fantasy show.,REFUTES
Ron Swanson enjoys some types of food.,SUPPORTS
Ileana D'Cruz is a Telugu actress.,SUPPORTS
James Wilson is a historical figure.,REFUTES
De Profundis was written to an electrician.,REFUTES
Wallander was adapted from Henning Mankell's novels.,SUPPORTS
Francois de Belleforest translated the works of Boccaccio for Friedrich Schiller.,NOT ENOUGH INFO
Shailene Woodley was born.,SUPPORTS
Ready Player One won an Alex Award and a Prometheus Award in 2012.,SUPPORTS
Vikrant Massey wrote Dharam Veer.,NOT ENOUGH INFO
Code Geass is not a television series.,NOT ENOUGH INFO
MS Dhoni failed to win any awards.,REFUTES
Emmy Rossum starred in drama films.,SUPPORTS
Melisandre appeared only in film.,REFUTES
"There are movies that involved romance, comedy, drama, and action that Helen Hunt worked on.",NOT ENOUGH INFO
Miranda Kerr was not the first Australian Victoria's Secret model.,REFUTES
Peyton Manning led his team to three AFC championships.,NOT ENOUGH INFO
Tanzania is a nation.,SUPPORTS
Clementine Chapel has an altar that was placed by Emperor Constantine.,NOT ENOUGH INFO
The Netherlands is a sparingly populated country.,REFUTES
Texas was ruled by France until 1860.,NOT ENOUGH INFO
Eliza Dushka owns multiple companies.,NOT ENOUGH INFO
The Matrix Revolutions was directed by two directors that are also siblings.,SUPPORTS
Carole King creates art.,SUPPORTS
Babe Ruth is in the Basketball Hall of Fame.,NOT ENOUGH INFO
Angelina Jolie was in a film.,SUPPORTS
The Crazies is a car.,REFUTES
James McAvoy reviewed Children of Dune.,NOT ENOUGH INFO
Game of Thrones (season 3) was filmed primarily in the center of Ireland.,NOT ENOUGH INFO
Conor McGregor is Irish.,SUPPORTS
SpaceX is a software company.,NOT ENOUGH INFO
John Mayer appeared at the 2001 South by Southwest Festival.,SUPPORTS
On Stranger Tides is a novel.,SUPPORTS
T-Pain is an American citizen.,SUPPORTS
Land Rover makes Lamborghini.,REFUTES
FC Barcelona has won European titles in soccer.,SUPPORTS
Bali is a place,SUPPORTS
KJ Apab has avoided acting entirely.,REFUTES
Diana is an album by a female singer.,SUPPORTS
Kurt Angle won a championship.,SUPPORTS
Farrah Fawcett acted in the science fiction horror film Saturn 3.,SUPPORTS
Ireland is of this world.,SUPPORTS
Prisoner was set in a Detention Centre.,SUPPORTS
"Fabian Cancellara was born on March 18, 1981.",SUPPORTS
The Smurfs (film) was released.,SUPPORTS
George Martin worked in film.,SUPPORTS
Alan Ladd was born in 1987.,REFUTES
Wladimir Klitschko has fought in 29 heavyweight title matches.,SUPPORTS
The Weeknd is not a singer.,REFUTES
Get Out excludes any acting people.,REFUTES
Maynard James Keenan is the lead singer of the rock supergroup A Perfect Circle.,SUPPORTS
Neil Young worked with rock bands.,SUPPORTS
Diego Luna was born.,SUPPORTS
Mary-Louise Parker appeared.,SUPPORTS
Naruto is a Japanese comic book.,SUPPORTS
Ty Cobb never touched a baseball bat or ball.,REFUTES
The Beatles was a band that played rock and roll.,SUPPORTS
Robert Duvall did not star in Tender Mercies.,REFUTES
Molly Bernard was born on the 11th.,REFUTES
Dolly Parton's debut album is Jolene.,REFUTES
The Portuguese Empire was an empire in world history.,SUPPORTS
Nikolaj Coster-Waldau is an actor.,SUPPORTS
Mithun Chakraborty played Jimmy in the movie Disco Dancer in 1982.,SUPPORTS
Don Simpson and Jerry Bruckheimer produced at least one film.,SUPPORTS
Denzel Washington lost an award for his role in Glory.,NOT ENOUGH INFO
Stanley Tucci created an American television series.,NOT ENOUGH INFO
Will Ferrell worked on only Lord of the Rings.,REFUTES
Imagine Dragons made a song called Radioactive.,SUPPORTS
The Singing Detective named every episode differently such as Skin.,SUPPORTS
Ron Swanson has two ex-wives that are both named Tammy.,SUPPORTS
Edward VIII was Emperor of Rome.,NOT ENOUGH INFO
Daniela Hantuchová married a British tennis player.,NOT ENOUGH INFO
Houston's economy has an industrial base that is categorically broad.,SUPPORTS
Evil is commonly associated with emotions.,SUPPORTS
Little Miss Sunshine was filmed in 2005.,SUPPORTS
Michael Jackson was an artist.,SUPPORTS
Guyana is considered to be in the Arctic Region.,REFUTES
The Eagles are not a band.,REFUTES
"The Comeback first aired on August 9th, 2001.",REFUTES
James and Tom Franco are brothers.,SUPPORTS
Gil Sharone began working with a band of Irish ancestry.,NOT ENOUGH INFO
Austria participated in the Austro-Prussian War of 1866.,SUPPORTS
Foo Fighters are a rock band.,SUPPORTS
Susan Atkins was a farmer.,NOT ENOUGH INFO
Zlatan Ibrahimović played for an Italian football club.,REFUTES
"Cochrane consists of more than 37,000 volunteers.",SUPPORTS
The Hateful Eight was a Bollywood production.,REFUTES
Willie Nelson joined his first band at a young age.,SUPPORTS
Gujarat has people.,SUPPORTS
Wilt Chamberlain is an athlete.,SUPPORTS
Banff is destroyed in Alberta.,NOT ENOUGH INFO
Winona Ryder refuses to act.,REFUTES
"American Idiot includes the single ""Wake Me Up.""",NOT ENOUGH INFO
Turkey's standard for secular government was put in place by Kemal Ataturk.,SUPPORTS
Richard III of England died in the Battle of Hastings.,REFUTES
Instagram has widescreen videos.,SUPPORTS
Marlon Brando is an actor who was in Mutiny on the Bounty.,SUPPORTS
United Nations is an organization.,SUPPORTS
Frank Sinatra passed away in 1998.,SUPPORTS
Colm Feore is best known as Lord Marshal Zhylaw in The Chronicles of Riddick in 1969.,NOT ENOUGH INFO
The Thénardiers are characters in several adaptations of Les Miserables.,SUPPORTS
Jemaine Clement was one half of a New Zealand comedy duo.,SUPPORTS
The Eagles were active in 1975.,SUPPORTS
Frank Ocean is Spanish.,REFUTES
Quentin Tarantino works in the movie industry.,SUPPORTS
Monica Seles was a cricketer.,NOT ENOUGH INFO
Leonardo DiCaprio is an environmental activist.,SUPPORTS
Indiana Jones is made up.,SUPPORTS
Paul Wesley appeared in an American drama television series.,SUPPORTS
YouTube is headquartered in Boston.,REFUTES
Rogue is a superhero who is fictional.,SUPPORTS
Christopher Nolan is a person.,SUPPORTS
Room is an artistic work.,SUPPORTS
Matthew McConaughey appeared in Meet the Fockers.,NOT ENOUGH INFO
The Sopranos is a televised show.,SUPPORTS
Marcus Allen was a pop singer.,REFUTES
"Judith Barsi died on July 25, 1988.",SUPPORTS
The Los Angeles Lakers are a baseball team.,REFUTES
See You Again is a song from 1983.,REFUTES
There will be a twenty-ninth season for The Simpsons series.,SUPPORTS
Diamonds was written by Sia Furler.,SUPPORTS
Shonen Jump is a competitor of Viz Media.,REFUTES
Poppy is on YouTube.,SUPPORTS
One World Trade Center opened in New York.,SUPPORTS
Miley Cyrus is not a singer.,REFUTES
"In 2009, Hugh Jackman hosted the Oscars.",SUPPORTS
Lonesome Dove is the first installment in the Tu Rostro Manana series.,REFUTES
London is the location of a place.,SUPPORTS
Heartbreak Ridge was produced by a goldfish.,REFUTES
Kurt Angle was born in 1999.,REFUTES
Some of Alphabet's stock is from Google.,SUPPORTS
Telangana is the 12th largest river in India.,REFUTES
Beyond Westworld was a TV series.,SUPPORTS
Chris Cunningham was a music video director that went on to direct movies.,NOT ENOUGH INFO
New Horizons had scientific capabilities.,SUPPORTS
Michael Caine starred in a movie.,SUPPORTS
The Midwestern United States includes North Dakota.,SUPPORTS
Scarlett Johansson is a person who sings.,SUPPORTS
Miss Selfridge is part of Selfridges & Co.,SUPPORTS
Louis Tomlinson was a founding member of One Direction.,SUPPORTS
The Crown (TV series) earned John Lithgow a Screen Actors Guild Award.,SUPPORTS
North Korea's founding and ruling political party is the Workers' Party of Korea.,NOT ENOUGH INFO
The Bold and the Beautiful is a soap opera.,SUPPORTS
The Boys from Brazil stars Gregory Peck and it was successful.,SUPPORTS
Laura Prepon is an actress.,SUPPORTS
Escape from Planet Earth is a British film.,NOT ENOUGH INFO
Portugal shares a border.,SUPPORTS
Chris Weitz is only an actor and is always working.,REFUTES
Bill Cosby was a comedian who did stand-up.,SUPPORTS
Malcolm Young is a retired musician and songwriter.,SUPPORTS
Giacomo Casanova was an author.,SUPPORTS
Grace VanderWaal is an American singer-songwriter.,SUPPORTS
Google Home is a device for playing audio that is also an interactive 'smart' device.,SUPPORTS
Radioactive has nominated for a Grammy.,SUPPORTS
Divergent is only on VHS.,REFUTES
Anne Frank was incapable of writing a diary.,REFUTES
Broadchurch's composer has won an award.,SUPPORTS
Mao Zedong was Russian.,NOT ENOUGH INFO
"The 2012 novel, Gone Girl, is the basis for the movie Gone Girl.",SUPPORTS
The Underworld series ended in 2003.,REFUTES
Game of Thrones had Diana Rigg fired.,REFUTES
Ted Bundy was charged with assault.,SUPPORTS
Ken Russell was involved with at least one 20th century film.,SUPPORTS
"Spider-Man premiered in the Philippines on April 30, 2002.",SUPPORTS
Queen Latifah produces television programs.,SUPPORTS
Usain Bolt is incapable of competing in sports.,REFUTES
Overwatch lets players gain cosmetic awards which include character skins and victory poses.,SUPPORTS
The Germanic peoples are also called something else.,SUPPORTS
A mole is used as a dam.,NOT ENOUGH INFO
The capital of Bali is located in the northern part of the island.,REFUTES
Thomas DeSimone was an American of Sicilian ancestry.,SUPPORTS
"The Outcasts was released on April 14, 1993.",REFUTES
Iron Man is a city.,REFUTES
USS Constitution duties did not include defeating Barbary diplomats.,NOT ENOUGH INFO
Divisions of Davis Entertainment develop and produce projects for independent distributors.,SUPPORTS
Emma Roberts has a career.,SUPPORTS
A phylogenetic tree is based upon characteristics.,SUPPORTS
"Patrick Cutrone was born March 3, 1998.",REFUTES
Bharat Arun was named on the 14th.,NOT ENOUGH INFO
Lonesome Dove won a NBA Final.,NOT ENOUGH INFO
Idris Elba was in a movie.,SUPPORTS
Ellen Pompeo acts on television.,SUPPORTS
Santorini is an island.,SUPPORTS
Ederson Moraes plays as a forward for Manchester City.,REFUTES
Marilyn Monroe is a firefighter.,NOT ENOUGH INFO
John McCain is the world's oldest turtle.,REFUTES
London is in the United States.,REFUTES
Amerigo Vespucci was a geographer.,SUPPORTS
Doctor Who is not a human,SUPPORTS
Bal Gangadhar Tilak died in 1920.,SUPPORTS
Tropic Thunder is a movie.,SUPPORTS
Steve Mouzakis was a character in a fantasy drama novel.,NOT ENOUGH INFO
Floyd Mayweather Jr. was a person who boxed professionally.,SUPPORTS
Lost Highway (film) was released in 1997.,SUPPORTS
Beyoncé was dubbed the Top Female Artist of the 2000s.,SUPPORTS
Nicole Scherzinger released Killer Love in 2011.,SUPPORTS
David Beckham was playing football in 1999.,SUPPORTS
The Long Run was written by Glenn Frey and others.,SUPPORTS
Disinvestment from South Africa involved America.,SUPPORTS
Avatar was originally planned to be released in 2001.,NOT ENOUGH INFO
Paul Feig directed at least five films starring Kristen Wiig.,NOT ENOUGH INFO
Deadpool is the eighth installment in a poetry series.,SUPPORTS
Legion was written by the film's start date.,NOT ENOUGH INFO
The Wolf of Wall Street grossed more than $392 million worldwide.,SUPPORTS
Joey Graceffa is an engineer.,NOT ENOUGH INFO
Charles II of England was queen of Scotland.,REFUTES
Labor Pains was released on August 4 in the United States and August 31 in the United Kingdom.,SUPPORTS
Robbie Collin is a doctor.,NOT ENOUGH INFO
Kane is a flavor of Vitamin Water.,REFUTES
Doctor Who is made in Britain.,SUPPORTS
Geraldine Chaplin has a home in Miami.,SUPPORTS
"Richmond, Virginia is a village.",REFUTES
Sage Stallone was only a film actor.,REFUTES
"Famous in Love stars Bella Thorne, Charlie DePew, Georgie Flores, Carter Jenkins, Niki Koss, Keith Powers, Pepi Sonuga, and Perrey Reeves.",SUPPORTS
Kitti's hog-nosed bat is a vulnerable species.,SUPPORTS
George H. W. Bush has a presidential library which was dedicated in 1997 and it is located in Texas.,SUPPORTS
Steven Soderbergh directed Traffic and received acclaim.,SUPPORTS
Sue Bird was picked first overall in the WNBA Draft of 2002.,SUPPORTS
Pat Riley was a player in the National Basketball Association.,SUPPORTS
25 was put out via XL Recordings.,SUPPORTS
Ivanka Trump began serving as assistant to Dark Lord.,NOT ENOUGH INFO
Tyra Banks was on the cover of GQ.,SUPPORTS
Fear was maximized in shots framed by Alfred Hitchcock.,SUPPORTS
Alessia Cara is signed to EP Entertainment.,SUPPORTS
Backstreet Boys is a duo.,REFUTES
John Glenn is a vegan.,NOT ENOUGH INFO
Helena Bonham Carter was in a series.,SUPPORTS
Colin Firth was on the Time 100.,SUPPORTS
Kristen Bell is in several comedy films.,SUPPORTS
IZombie season 3 premiered on April 4.,SUPPORTS
Major League Soccer playoffs involves 11 teams competing against each other.,REFUTES
Harry Styles only released an album in 1912.,REFUTES
IZombie is an American television series put out in 2017.,REFUTES
Patrick Bateman is the villain protagonist of the 2000 film adaptation American Psycho.,SUPPORTS
Michael J. Fox acts.,SUPPORTS
Young MC is Marvin Young's dog name.,NOT ENOUGH INFO
Don Simpson and Jerry Bruckheimer worked together to produce The Rock.,SUPPORTS
Neal Schon died in 1954.,REFUTES
John McEnroe was a tennis player.,SUPPORTS
"Kenny Rogers released the album, Kenny.",SUPPORTS
David Jones (video game developer) is without a profession.,REFUTES
Young MC is an English-born American actor.,SUPPORTS
Nicki Minaj was born near mainland South America.,SUPPORTS
G.I. Jane was directed by a European politician.,REFUTES
Kill Bill: Volume 2 is only a book.,REFUTES
The Comedian stars multiple actors.,SUPPORTS
A Wrinkle in Time has been critically acclaimed.,SUPPORTS
British Fantasy Award categories include Best Anthology and Best Collection.,SUPPORTS
Red is an action comedy film.,SUPPORTS
Sylvester Stallone's legal third name is Gardenzio.,NOT ENOUGH INFO
Ozzy Osbourne was a person.,SUPPORTS
Chris Brown is a musician.,SUPPORTS
David Bowie starred in TV shows.,NOT ENOUGH INFO
Shia LaBeouf was in Even Stevens.,SUPPORTS
Return to Paradise was written by Wesley Strick and Bruce Robinson.,SUPPORTS
Page Hamilton is only a composer.,REFUTES
Billie Jean King is an athlete.,SUPPORTS
Hate group practices policies.,NOT ENOUGH INFO
The Hobbit films never starred Ken Stott.,SUPPORTS
Vikram acted in a Tamil-language movie.,SUPPORTS
"Conan O'Brien is the host of Conan, a talk show.",SUPPORTS
John Lennon was a singer and songwriter from England.,NOT ENOUGH INFO
Filmfare is about Hindi-language wars.,NOT ENOUGH INFO
Taylor Swift's debut album reached number five on the Billboard 200.,SUPPORTS
A song from Collision Course won an award.,SUPPORTS
Futurama is incapable of having a tie-in video game.,SUPPORTS
Newcastle United F.C. has 100 sports awards.,NOT ENOUGH INFO
Robert F. Kennedy ceased to be alive in June of 1968.,SUPPORTS
Memento is a song.,NOT ENOUGH INFO
Chernobyl disaster was a nuclear accident.,SUPPORTS
Marilyn Monroe was involved in activities in the 1950s.,SUPPORTS
Jane Lynch has won an Award.,SUPPORTS
Angela Lansbury isn't an actress.,REFUTES
Emmanuel Adebayor is a player for Togo.,SUPPORTS
How I Met Your Mother has multiple episodes.,SUPPORTS
Brian Wilson was a member of a band.,SUPPORTS
Directing is a profession of Ava DuVernay.,SUPPORTS
Keeping Up with the Joneses starred a large Yorkshire Terrier.,REFUTES
Radioactive is by a band called Imagine Dragons.,SUPPORTS
Dean Martin was a person.,SUPPORTS
"The 2012 novel, Gone Girl, is the basis for the movie Gone Girl.",SUPPORTS
Gerd von Rundstedt was alive during World War II.,SUPPORTS
Chokher Bali won an award.,SUPPORTS
Wild has an actress.,SUPPORTS
Neil deGrasse Tyson attended an Ivy League university.,SUPPORTS
"Dragon is from the Greek word ""drakon.""",SUPPORTS
Pembroke Castle is a structure.,SUPPORTS
Gift of the Night Fury stars the voice of a musician.,SUPPORTS
Julie Walters was in The Wire.,NOT ENOUGH INFO
"On January 22, 1995 Rose Kennedy died.",SUPPORTS
Daniel Craig has appeared in at least four movies.,SUPPORTS
Harry Styles and his bandmates only released 2 albums.,REFUTES
Grace Jones refuses to be an actor.,REFUTES
George H. W. Bush graduated in 1980.,NOT ENOUGH INFO
Adi Shankar was born in the 1980's.,SUPPORTS
Legion is a real human being.,REFUTES
The 1998 Major League Baseball All-Star Game was held in outer space.,REFUTES
Tokyo was Tokugawa Ieyasu's headquarters.,SUPPORTS
Melissa McCarthy is an actress.,SUPPORTS
One can obtain a medical degree at Boston University.,SUPPORTS
British Columbia is a country.,REFUTES
Sue Bird was not a top player pick in the 2002 WNBA Draft.,REFUTES
David Dhawan works on movies.,SUPPORTS
Rebecca Hall played a role.,SUPPORTS
Spider-Man 3 is an American superhero film.,SUPPORTS
Andrew Stanton only writes novels.,REFUTES
Doctor Who is British.,SUPPORTS
Rick and Morty was created by Justin Roiland and Dan Harmon for Adult Swim.,SUPPORTS
Sachin Tendulkar was passed over for the Bharat Ratna.,REFUTES
Nineteen Eighty-Four's writer's real name was Eric Arthur Blair.,SUPPORTS
Led Zeppelin signed a deal with a record company.,SUPPORTS
"Jeffrey Dahmer died on November 28, 1994.",REFUTES
Jason Bateman portrayed Michael Bluth.,SUPPORTS
Elementary has the character Sherlock Holmes.,SUPPORTS
A birdge-tunnel connects Sweden with Denmark.,SUPPORTS
Beauty Shop lacks a songwriter.,NOT ENOUGH INFO
Anne Hathaway is an actor.,SUPPORTS
Adele is a singer.,SUPPORTS
There is an comedy-drama film called Funny Girl (film).,SUPPORTS
Tamera Mowry was a member of a singing group.,SUPPORTS
The Philippines's market is emerging.,SUPPORTS
James Garner received a film-related nomination.,SUPPORTS
IZombie's third season began on cable.,REFUTES
Nas has been working since at least 1994.,SUPPORTS
Eric Trump is the eldest son of Donald Trump.,REFUTES
Russell Crowe was in a film.,SUPPORTS
Julia Louis-Dreyfus is an actress in movies and television.,SUPPORTS
Lewis Hamilton won 10 times in the 2016 season.,SUPPORTS
Jim Carrey appeared in a film that is based on a comic book and Hit-Girl.,NOT ENOUGH INFO
A boycott can be for different reasons.,SUPPORTS
The Battle of Corinth resulted in the total destruction of Corinth.,SUPPORTS
Peer Astrom has worked with others.,SUPPORTS
"""Beautiful"" is widely unpopular among the gay community.",REFUTES
Gerard Butler has appeared in crime films.,NOT ENOUGH INFO
Venice is in Italy.,SUPPORTS
Romelu Lukaku plays soccer.,SUPPORTS
Aix-Marseille-Provence Metropolis encompasses Martigues.,SUPPORTS
Feels So Good was written by Jimmy Jam.,SUPPORTS
Singing is something done by Kate Nash.,SUPPORTS
T-Pain is a rapper.,SUPPORTS
Toy Story was praised for its thematic sophistication in its screenplay.,SUPPORTS
Daft Punk is a four-person band.,REFUTES
Renaissance art involved an artist.,SUPPORTS
Sean Connery acted in Superman.,NOT ENOUGH INFO
6 countries border Iraq.,SUPPORTS
Hungary is bordered by a country.,SUPPORTS
Before Night Falls is a 2000 American film.,SUPPORTS
Dhool featured Vikram in a minor role.,REFUTES
Dustin Hoffman has a career in cinema.,SUPPORTS
"Caryn Mandabach produced The Cosby Show, Roseanne, and A Different World.",SUPPORTS
Steve Buscemi spent his entire career in the pharmaceutical industry.,REFUTES
Akshay Kumar is an actor.,SUPPORTS
Farrah Fawcett is a thespian.,SUPPORTS
Eragon is a film starring a dragon.,SUPPORTS
Dennis Quaid has worked with every actress except Emmy Rossum.,REFUTES
The World Boxing Hall of Fame has inducted George Foreman.,SUPPORTS
Veronica Mars is played by Kristen Bell on a show and movie.,SUPPORTS
A crown colony is a type of colonial anarchy.,REFUTES
Bernie Sanders was a member of the Senate in January of the year 2015.,SUPPORTS
Bohemian Rhapsody was at the top of the UK Singles Chart.,SUPPORTS
Steve Buscemi is in movies.,SUPPORTS
Alfre Woodard is a performer.,SUPPORTS
Marie Curie became entombed in the Pantheon in Paris in 1990.,REFUTES
"Alphabet is the daughter company of GV, Verily, and X.",REFUTES
Nazi Germany did not conduct Operation Barbarossa in 1941.,NOT ENOUGH INFO
Richard Branson founded Virgin Records in Germany.,REFUTES
Ralph Fiennes is a person.,SUPPORTS
Velaiilla Pattadhari 2 is a candidate for British prime minister.,REFUTES
Logan Lerman portrayed d'Artagnan in The Three Musketeers (2011).,SUPPORTS
Lance Armstrong helped found Subway.,NOT ENOUGH INFO
Hannibal marched an army across two mountain ranges.,SUPPORTS
Ken Russell only directed a 1950 British historical drama horror film.,REFUTES
Abraham Lincoln helped to build a party that had a majority in a state.,SUPPORTS
John Cena worked with a wrestling company.,SUPPORTS
Jennifer Garner is an activist.,SUPPORTS
Sean Combs released the album Press Play.,SUPPORTS
Boeing 777 planes are made by a Boeing subsidiary.,SUPPORTS
Donald Glover created a song.,SUPPORTS
Frank Sinatra was rarely an actor.,REFUTES
Deadpool 2 featured superheroes.,NOT ENOUGH INFO
Mrs Henderson Presents was written by Stephen Frears.,REFUTES
Charlize Theron starred in a mystery film directed by Gilles Paquet-Brenner.,SUPPORTS
Attack the Block was released in 1911.,REFUTES
The sum of Philip V of Spain's reigns was 45 years and 21 weeks.,REFUTES
A Wrinkle in Time has been adapted into a several plays.,SUPPORTS
The Great British Sewing Bee is a show on BBC Two.,SUPPORTS
Alison Brie is Mexican.,REFUTES
Feature film is a division of Davis Entertainment.,SUPPORTS
Gone with the Wind is a recorded work.,SUPPORTS
Joy is a film that is categorized as biographical.,SUPPORTS
Minnesota is a state in the Midwestern United States.,SUPPORTS
London was originally a settlement named Londinium in the year 43.,SUPPORTS
Denial had a 2017 release.,SUPPORTS
The Breakfast Club is an election.,REFUTES
Elvis was a 1968 TV program.,SUPPORTS
Tony Goldwyn is an American producer.,SUPPORTS
One Australian capitol city is Perth.,SUPPORTS
Hilda Ellis Davidson studied or collecting something.,SUPPORTS
Cry Freedom is a revolutionary song.,REFUTES
Election (1999 film) is only a 1999 American black comedy-drama book.,REFUTES
The Syrian Desert contains true desert.,SUPPORTS
Francois de Belleforest translated the works of Matteo Bandello and he was French.,SUPPORTS
Ben Stiller is incapable of winning an Emmy Award.,REFUTES
Avenged Sevenfold didn't release any studio albums.,REFUTES
John Connally refused to work for President John F. Kennedy.,REFUTES
Tom Felton is a person.,SUPPORTS
Alan Rickman's death was in 2013.,REFUTES
David Schwimmer acted in Paris.,NOT ENOUGH INFO
Baby Driver is a British-American comedy film.,SUPPORTS
Ken Russell directed a 1990 American science fiction-horror film.,SUPPORTS
Anna Paquin went to preschool.,NOT ENOUGH INFO
George Washington was an American President.,SUPPORTS
Melanie Griffith was in an American movie.,SUPPORTS
Girls' Generation is Japanese.,NOT ENOUGH INFO
New York has a population.,SUPPORTS
Everybody Needs a Best Friend is from a 2012 American buddy comedy film.,NOT ENOUGH INFO
Amy Sherman-Palladino is the creator of American T. V. series.,SUPPORTS
Hockey is hated everywhere except Morocco.,REFUTES
George Washington was a politician.,SUPPORTS
Prisoner is a TV show.,SUPPORTS
The U.S. mainland is connected to Goat Island.,SUPPORTS
"La La Anthony was conceived on June 25th, 1979.",REFUTES
Paul Simon is unaffiliated with any college.,REFUTES
Melanie Griffith has performed.,SUPPORTS
Super Bowl XLVI had the highest attendance of any football game that season.,NOT ENOUGH INFO
Eve is featured on Rich Girl.,SUPPORTS
Shia LaBeouf was in a horror thriller film in 2007.,SUPPORTS
The population of Peru is more diverse the the U.S.,NOT ENOUGH INFO
Austria is officially beautiful.,NOT ENOUGH INFO
"When he was with the Orangemen, Carmelo Anthony was unable to make it to any National Championships.",NOT ENOUGH INFO
Francis Ford Coppola is not an American.,REFUTES
Aneurin Barnard is Welsh.,SUPPORTS
The Big Boss had Bruce Lee in it.,SUPPORTS
Criminology is included in International Relations.,SUPPORTS
The Punisher is a Marvel comics creator.,REFUTES
Adele is a singer.,SUPPORTS
Adele has an album.,SUPPORTS
Sam Walton was  born and raised in the United States.,SUPPORTS
Eagles (band) have yet to make an album.,REFUTES
Theodore Roosevelt was active.,SUPPORTS
The Wolf of Wall Street (2013 film) is not a film.,REFUTES
The English language is commonly spoken.,SUPPORTS
Pablo Picasso was a artist in 1906.,SUPPORTS
Roman Atwood was born in the 1980's.,SUPPORTS
A television series is The Golden Girls.,SUPPORTS
Dogs have been selectively bred for sensory capabilities.,SUPPORTS
There is a film about an exclusive clique in their high school called Jawbreaker (film).,SUPPORTS
Mrs Henderson Presents is a 2017 film.,REFUTES
The Amazing Spider-Man 2 was written by James Vanderbilt and then rewritten.,SUPPORTS
Tigers are depicted in the book Life of Pi.,SUPPORTS
Dan Aykroyd was in an American comedy-drama film from 1989.,SUPPORTS
Time Lords prevent time from progressing.,NOT ENOUGH INFO
Tim Rice collaborated with anyone except Benny Andersson.,REFUTES
One Direction is a band comprising of boys.,SUPPORTS
Hugh Jackman plays a role.,SUPPORTS
Allen Ginsberg wrote a poem.,SUPPORTS
RuPaul is a performer.,SUPPORTS
Istanbul is located on earth.,SUPPORTS
Emmanuel Adebayor was not a football player.,REFUTES
Kate Beckinsale starred in an adaptation of Jane Austen's 1815 novel Emma.,SUPPORTS
Wyatt Earp was anything except a Deputy U.S. Marshal.,REFUTES
The Avengers (2012 film) was written by an American screenwriter born in 1964.,SUPPORTS
Peter Capaldi played Malcolm Tucker in a British comedy television series.,SUPPORTS
Shawn Michaels is the fourth child of his parents.,NOT ENOUGH INFO
Inception's cast includes an elephant.,REFUTES
Spain is a place.,SUPPORTS
The Republic of Ireland is south-east of Saint George's Channel.,REFUTES
Jessica Chastain is in the film industry.,SUPPORTS
Ellen Pompeo is a mother of three.,SUPPORTS
Kate & Leopold is a film.,SUPPORTS
Kingdom Hearts III is developed by Square Enix.,SUPPORTS
There are multiple side effects from Tramadol.,SUPPORTS
Ted Kaczynski is an American serial killer.,SUPPORTS
Metro Boomin is an RN.,NOT ENOUGH INFO
Russ is a member of a rap group.,SUPPORTS
Seattle is a dog.,REFUTES
Wolverine is a comic book character.,SUPPORTS
Ileana D'Cruz only starred in Twilight.,REFUTES
The highest-grossing film in 1937 was Snow White and the Seven Dwarfs (1937 film).,NOT ENOUGH INFO
Adele was given a recording contract by XL Recordings.,SUPPORTS
Betty Buckley played in the 1976 Brian de Palma movie Carrie.,SUPPORTS
James Bond is portrayed by nobody.,REFUTES
Dangerously in Love is a solo movie.,REFUTES
Andrew Garfield starred in Logan's Run.,NOT ENOUGH INFO
Jodie Foster is a film director.,SUPPORTS
The second season of Stranger Things is set a year after season one.,SUPPORTS
Eminem has an album called Forever Yonder.,NOT ENOUGH INFO
Sofía Vergara acts professionally.,SUPPORTS
George Foreman was ranked the eighth greatest heavyweight of all time.,SUPPORTS
Bran Stark is not a character in novels by George R. R. Martin.,REFUTES
Sense8 is a film.,REFUTES
Jamie Foxx was born in the ocean.,NOT ENOUGH INFO
Life After Death is by an opera singer.,REFUTES
Ajay Devgn is an Indian prime minister.,NOT ENOUGH INFO
The Portuguese Empire existed at the same time as the Renaissance.,SUPPORTS
Tom Cruise worked with a person.,SUPPORTS
A Song of Ice and Fire is a series and it is by an American.,SUPPORTS
There was a 3-year delay before the release of Arsenic and Old Lace.,SUPPORTS
Kurt Angle isn't a wrestler.,REFUTES
Tom Cruise is a person who acts.,SUPPORTS
Kristen Bell has been on television.,SUPPORTS
Gray wolves eat erasers.,NOT ENOUGH INFO
Jun Ji-hyun is in a film.,SUPPORTS
Soundgarden had disbanded permanently the year before Alice in Chains formed.,REFUTES
Columns are part of newspapers.,SUPPORTS
Billy Joel released at least two songs in 2007.,SUPPORTS
Romelu Lukaku plays for the Belgium national team.,SUPPORTS
Zendaya is a pop singer.,NOT ENOUGH INFO
Billy Bob Thornton directed the TV show Daddy and Them.,NOT ENOUGH INFO
Tyra Banks started modelling at age 20.,REFUTES
Michelle Williams was unable to land any movie roles.,REFUTES
Bill Cosby only did slapstick comedy.,REFUTES
Film is a field that Sahid Kapoor works in.,SUPPORTS
Gwen Stefani is a fashion model.,NOT ENOUGH INFO
Louis Tomlinson is an English citizen.,NOT ENOUGH INFO
Vanilla Sky stars a Spanish model.,SUPPORTS
Swedish Empire was controlled by high nobility after 1632.,SUPPORTS
Kurt Angle won a championship.,SUPPORTS
Bill Gates was leader of a board.,NOT ENOUGH INFO
Rhona Mitra is female.,SUPPORTS
Karl Malone played in the NBA.,SUPPORTS
"Robert J. O'Neill date of birth is April 10, 1976.",SUPPORTS
True Detective aired on HBO in 2017.,REFUTES
Reese Witherspoon made her screen debut in The Man in the Moon.,SUPPORTS
Gift of the Night Fury stars the voice of an actor whose birthday is on June 4.,SUPPORTS
Roman Reigns is a Leo.,REFUTES
Kurt Angle is an athlete.,SUPPORTS
Lightning rod started in Europe.,NOT ENOUGH INFO
This Is Us has received nominations.,SUPPORTS
Marlon Brando was in a film.,SUPPORTS
The Catalyst is by an American rock band.,SUPPORTS
Guinevere has only one name.,REFUTES
Gendry appeared in the war A Clash of Kings.,REFUTES
"In 2007, Jenni Rivera won at least one award.",SUPPORTS
As the World Turns is set in a state in the Southern region of the United States.,NOT ENOUGH INFO
Hawaii Five-0 airs on the side of caution.,NOT ENOUGH INFO
Clint Eastwood refused to work in films.,REFUTES
Andrew Garfield is a film actor.,SUPPORTS
Unleashed stars Jackie Chan.,NOT ENOUGH INFO
The principal photography of Split (2016 American film) began on November.,NOT ENOUGH INFO
30 Seconds to Mars was released in 2002.,SUPPORTS
Milla Jovovich worked with Krzysztof Kieslowski.,NOT ENOUGH INFO
True Blood is edited by Charlaine Harris,NOT ENOUGH INFO
J. Cole works with his father.,NOT ENOUGH INFO
Linda McCartney was only a painter.,REFUTES
Easy Virtue was released in 2008.,NOT ENOUGH INFO
Allen Ginsberg wrote a poem about Syrian refugees.,NOT ENOUGH INFO
Jordan Peele was born in the seventies.,SUPPORTS
"Aruba has reliably warm, sunny weather.",SUPPORTS
Kris Jenner is related to Kourtney Kardashian.,SUPPORTS
Bangalore was captured after a conflict in India.,SUPPORTS
Solange Knowles reads music.,NOT ENOUGH INFO
Helen is the middle name of Lauren Graham.,SUPPORTS
Willow Smith is not a singer.,SUPPORTS
Spain is a place.,SUPPORTS
Ellen Pompeo is an actress.,SUPPORTS
The Hunger Games is a movie.,SUPPORTS
Chris Pérez is a songwriter for Selena y Los Dinos.,SUPPORTS
Evil is commonly associated with witches.,NOT ENOUGH INFO
Sally Field was a performer.,SUPPORTS
Jesus is also called Jesus Christ.,SUPPORTS
Jet Li did not star in a martial arts film.,REFUTES
K2 is called the Savage Mountain because it is hard to climb.,SUPPORTS
James McAvoy was nominated for a Golden Globe Award for Best Actor.,NOT ENOUGH INFO
Hypothyroidism can cause a number of symptoms.,SUPPORTS
Edward I of England made a response to a second uprising with a largely diagrammed battle of conquering.,SUPPORTS
Michelle Williams starred in a Martin Scorsese play.,NOT ENOUGH INFO
Jim Henson was a puppeteer on The Muppet Show.,SUPPORTS
Wallander is a city in Germany.,REFUTES
Sunrise created an anime.,SUPPORTS
Mexico used to be a colony.,SUPPORTS
Joan of Arc is a national symbol of Italy.,NOT ENOUGH INFO
Black Panther is an upcoming American superhero film.,SUPPORTS
Hotel Transylvania is a 2012 animated American comedy film.,SUPPORTS
Geoffrey Beevers worked as an actor.,SUPPORTS
Slash's real name is Saul Hudson.,SUPPORTS
Doug Ducey has been barred for life from holding public office since the age of 18.,REFUTES
Samoa Joe is a wrestler.,SUPPORTS
Norovirus causes inflammation of the gastrointestinal tract.,SUPPORTS
Felicity Jones appeared in a movie directed by James Marsh.,SUPPORTS
Desperate Housewives is a movie.,REFUTES
"Buddy Holly's date of birth was September 7th, 1936.",SUPPORTS
Coldplay signed with a record label.,SUPPORTS
Kangana Ranaut was awarded a Filmfare Award.,SUPPORTS
Jon Pertwee was in a series from 1987 to 2001.,NOT ENOUGH INFO
Brigitte Macron is a teacher.,SUPPORTS
Neymar finished college on February.,NOT ENOUGH INFO
Doctor Who is in the romance genre.,NOT ENOUGH INFO
New York is where the Boot Monument is located.,SUPPORTS
Leonardo DiCaprio is an actor.,SUPPORTS
Carolina Panthers are a team.,SUPPORTS
Emily Blunt was in a film.,SUPPORTS
The Offspring is from Russia.,REFUTES
Julia Louis-Dreyfus has not been on television.,REFUTES
LL Cool J has appeared in films.,SUPPORTS
Cate Blanchett was nominated for an Academy Award.,SUPPORTS
Laura Linney failed to have an acting career.,REFUTES
Joseph Stalin was part of the 1907 Tiflis bank robbery.,SUPPORTS
Johan Heldenbergh is a person who acts.,SUPPORTS
Motorola makes electronic equipment.,SUPPORTS
Memento received an Academy Award nomination.,SUPPORTS
Rio de Janeiro is not in the Americas.,REFUTES
Marilyn Monroe was a performer.,SUPPORTS
Constantine is an original work.,REFUTES
Jon Huntsman Jr. served as United States Ambassador to Singapore.,SUPPORTS
Bosnia and Herzegovina is a place.,SUPPORTS
Brian is a member that plays a musical instrument in The Beach Boys.,NOT ENOUGH INFO
Barbados is not classified as an Atlantic island.,REFUTES
Volleyball involves passing.,SUPPORTS
Coldplay has yet to sign with any record label.,REFUTES
Jessica Chastain is not in the film industry.,REFUTES
Jim Carrey is the screenwriter of Ace Ventura: Pet Detective.,SUPPORTS
Ken Russell only directed the film Shrek.,REFUTES
Anonymous is a group based in the internet.,SUPPORTS
Axl Rose has vocal ability.,SUPPORTS
Miley Cyrus was in a movie.,SUPPORTS
Lady Gaga's album Born This Way sold over 3 million copies in the US in its first week.,REFUTES
Trolls (soundtrack) is the soundtrack to the animated movie Trolls.,SUPPORTS
Tim Rice worked for a business.,SUPPORTS
Conquest of the Planets of the Apes falls into the sci-fi genre.,SUPPORTS
Same-sex marriage is legal in South Africa.,SUPPORTS
Howard Hughes dismantled the H-4 Hercules.,NOT ENOUGH INFO
Kamala Harris did not hold public office.,REFUTES
Norovirus only affects the sinuses.,REFUTES
FC Barcelona is a North American football club.,REFUTES
Seiko has only ever sold paintings.,REFUTES
James Marsden appeared in a work.,SUPPORTS
Dwight D. Eisenhower committed America to defending Formosa in 1955.,SUPPORTS
Jet Li acted in a martial arts show.,NOT ENOUGH INFO
Steven Tyler is the lead singer of a band.,SUPPORTS
Charlize Theron acted in a movie.,SUPPORTS
The Falling stars zero actresses born in 1997.,REFUTES
"Amy Adams was born on August 20th, 1974.",SUPPORTS
Injustice 2 is a game in which players engage in close quarters combat.,NOT ENOUGH INFO
Michael Fassbender is of Irish decent.,SUPPORTS
Kerala is an Indian state.,SUPPORTS
Emmy Rossum traveled for movies.,NOT ENOUGH INFO
The Sopranos is a show.,SUPPORTS
Linux does not distribute Gentoo Linux.,REFUTES
Joey Graceffa is a person.,SUPPORTS
Jared Kushner is the senior advisor to President William Taft.,REFUTES
Derrick Rose was raised in the Chicago area.,SUPPORTS
Noam Chomsky contributed a new cognitivistic framework for the study of aliens.,NOT ENOUGH INFO
Atlantic City is a film that stars Burt Lancaster.,SUPPORTS
Leighton Meester is an actress.,SUPPORTS
Lupe Fiasco released his debut album in 2015.,REFUTES
The brown bear is an animal.,SUPPORTS
Ellyse Perry is a man.,REFUTES
"Bill Nye starred in a Netflix series, entitled Bill Nye Saves the World.",SUPPORTS
Kane is Glenn Thomas Jacobs's stage name.,SUPPORTS
Ivan Lendl has lost 94 singles titles.,NOT ENOUGH INFO
J.K. Rowling is the author of the Harry Potter novel series that began in 1997 with Harry Potter and the Philosopher's Stone.,SUPPORTS
Denmark's queen is Margrethe Alexandrine Thorhildur Ingrid.,NOT ENOUGH INFO
Miyu Irino is a voice actor.,SUPPORTS
The blue whale relies on its friends for its existence.,NOT ENOUGH INFO
Ethiopia's location is in Africa.,SUPPORTS
Jennifer Aniston is an actress.,SUPPORTS
License to Wed was released in the 2000's.,SUPPORTS
There is a sport called tennis.,SUPPORTS
Iran is a sovereign state that is not a superpower.,SUPPORTS
Nicole Kidman is a person who acts.,SUPPORTS
Sienna Miller is a person.,SUPPORTS
Christina Applegate was in Don't Tell Mom the Babysitter's Dead in 1999.,REFUTES
Scooby-Doo is a fictional character.,SUPPORTS
Silk was the major trade bird on the Silk Road.,NOT ENOUGH INFO
Serena Williams is a mutant.,NOT ENOUGH INFO
Judith Barsi was denied American citizenship.,REFUTES
Sophie Turner was seen in films in 2013.,SUPPORTS
True Blood is edited by Charlaine Harris,NOT ENOUGH INFO
Whoopi Goldberg is a female person.,SUPPORTS
Game of Thrones had multiple actresses with nominations for awards.,SUPPORTS
The Dodecanese are a group of landmasses.,SUPPORTS
Rob Lowe was in the cast of The West Wing.,SUPPORTS
Performance (film) stars an actor.,SUPPORTS
Star vs. the Forces of Evil is made by DTVA.,SUPPORTS
Samoa Joe is a wrestler.,SUPPORTS
The Midwestern United States includes North Dakota.,SUPPORTS
Borussia Dortmund is a sports club.,SUPPORTS
Seinfeld has been praised.,SUPPORTS
Azerbaijan is a city.,REFUTES
Judy Garland appeared in a film.,SUPPORTS
"Joseph Stalin died on Monday March 5, 1953.",NOT ENOUGH INFO
The Hobbit is a critically acclaimed children's book.,SUPPORTS
Glenn Frey sings professionally.,SUPPORTS
The second largest airline in the UK behind EasyJet based on passengers carried is British Airways (BA) .,SUPPORTS
Reba McEntire is a singer.,SUPPORTS
Drake had an album that became platinum.,SUPPORTS
Billy Bob Thornton was married to Angelina Jolie.,SUPPORTS
Star Wars original trilogy has Carrie Fisher in it.,SUPPORTS
There is a film called Her.,SUPPORTS
Labor Pains was directed by a woman.,SUPPORTS
Christopher Nolan worked on The Dark Knight Trilogy.,SUPPORTS
"Globally, Sister Act grossed $231 million.",SUPPORTS
Chokher Bali is a heist film.,NOT ENOUGH INFO
Hayden Panetierre has never acted in a video game.,REFUTES
Elle Fanning never starred in a film directed by J. J. Abrams.,REFUTES
Evan Rachel Wood is an American actress and musician.,SUPPORTS
Foxcatcher was nominated for five Oscars at the 2015 Academy Awards.,SUPPORTS
Mike Tyson was unable to get a fight with Evander Holyfield.,REFUTES
In Too Deep is a 1999 American crime thriller top grossing film.,NOT ENOUGH INFO
David Angell died in 2001.,SUPPORTS
Emily Blunt acts.,SUPPORTS
"Jared Kushner is the senior advisor to the 45th President, Donald Trump.",SUPPORTS
Fiji is the name of a place.,SUPPORTS
Weightlifting Fairy Kim Bok-joo is from South Korea.,SUPPORTS
Julianne Hough is a singer.,SUPPORTS
The Champ is a 1979 movie.,SUPPORTS
Ice Hockey is popular in many countries.,SUPPORTS
Spider-Man's secret identity is Peter Parker.,SUPPORTS
21 Jump Street was released theatrically in 2012.,SUPPORTS
Buckingham Palace has stones.,NOT ENOUGH INFO
Tipper Gore was born in August 1948.,SUPPORTS
Pranab Mukherjee is the 13th flower of India.,REFUTES
Odin appears in stories.,SUPPORTS
Alan J. Pakula directed Klute.,SUPPORTS
Selene only serves as a minor character in the film Underworld: Blood Wars.,REFUTES
"Usain Bolt has achieved the ""double triple.""",NOT ENOUGH INFO
The Black Eyed Peas performed a single.,SUPPORTS
The Promise premiered in Canada.,NOT ENOUGH INFO
Steffi Graf is a tennis player.,SUPPORTS
Giancarlo Stanton is in the NHL.,NOT ENOUGH INFO
Glee was airing in the 2010s.,SUPPORTS
Macbeth is a movie version of a Shakespearean tragedy.,SUPPORTS
The Free State of Prussia replaced the Kingdom of Prussia in 1918.,SUPPORTS
Karan Johar produced films.,SUPPORTS
Equidae includes only species that are common today.,REFUTES
The Playboy Club's cast includes an actor.,SUPPORTS
There is no term limit on the President of Iraq.,REFUTES
The Hunger Games's screenplay was photographed by screenwriters.,NOT ENOUGH INFO
50 Cent is a musician.,SUPPORTS
A horror film director directed Furious 7.,SUPPORTS
Monica Seles played tennis.,SUPPORTS
Lisa Kudrow was only an author.,REFUTES
"Ancient Algeria has known many empires and dynasties, including Vandals.",SUPPORTS
A Few Good Men is directed by a man.,SUPPORTS
James Wilson is a character from a show on Fox.,SUPPORTS
Minions was directed by Steven Spielberg and Chris Nolan.,REFUTES
R. Madhavan is an actor.,SUPPORTS
Christian Bale fired David O. Russell.,NOT ENOUGH INFO
Acting is a profession of Benedict Cumberbatch.,SUPPORTS
George Best is an athlete.,SUPPORTS
Sean Combs's album No Way Out has been certified platinum.,SUPPORTS
Vanilla Sky stars an American painter.,NOT ENOUGH INFO
Peyton Manning's team was the Indianapolis Colts.,SUPPORTS
Scanline VFX created the Super 8 train crash sequence.,SUPPORTS
Carl Sanders's middle name is Edward.,SUPPORTS
Tony Bill produced an American caper film released in the 1970s.,SUPPORTS
The Olympic Games have a schedule.,NOT ENOUGH INFO
The Midwestern United States includes at least one state.,SUPPORTS
Borussia Dortmund is a night club.,REFUTES
Cheyenne Jackson acts.,SUPPORTS
Natasha Richardson starred in Nell.,SUPPORTS
Portia de Rossi starred in Nip/Tuck.,SUPPORTS
Farrah Fawcett directed Sunburn.,REFUTES
Marcus Rashford is a professional tennis player.,REFUTES
Wyatt Earp married his first wife in May 1870.,NOT ENOUGH INFO
The Beatles were a band.,SUPPORTS
Olivia Wilde is the only director in the universe.,REFUTES
Dr. Dre released Thriller in 1996.,NOT ENOUGH INFO
The 12-hour clock is a convention.,SUPPORTS
Keanu Reeves appeared in media.,SUPPORTS
Robert Duvall was nominated for seven Academy Awards.,SUPPORTS
Stephanie Daley is a book about teenage pregnancy.,NOT ENOUGH INFO
Frank Sedgman was an amateur golf champion.,NOT ENOUGH INFO
One PlayStation game is Ghost in the Shell.,SUPPORTS
Taylor Schilling acts professionally.,SUPPORTS
Chris Terrio has yet to direct any films.,NOT ENOUGH INFO
Joe Manganiello has barely worked with David Ayer.,REFUTES
U2 is a rock band.,SUPPORTS
Ulysses S. Grant wrote a book.,SUPPORTS
Quartet was filmed in 2011 and premiered in 2012.,SUPPORTS
Serena Williams is a tennis player.,SUPPORTS
Katrina Kaif is in Indian films.,SUPPORTS
Cyndi Lauper won the Best New Artist award in 2008.,REFUTES
Joan Crawford began her career as a dancer.,SUPPORTS
Danger Mouse has worked with CeeLo Green.,SUPPORTS
John McEnroe was a sports player.,SUPPORTS
Royal Rumble (2002) was produced by a company.,SUPPORTS
Mithun Chakraborty is in a movie.,SUPPORTS
Bill Clinton served as President of the United States for eight years.,SUPPORTS
Naomi Scott was in a movie.,SUPPORTS
Vapor and clouds makes up .001% of water.,SUPPORTS
The Breakfast Club premiered in Los Angeles.,SUPPORTS
Taylor Schilling is an American actress.,SUPPORTS
Slipknot (band) are from a place.,NOT ENOUGH INFO
Will Ferrell is considered a founding member of the Frat Pack.,NOT ENOUGH INFO
John Krasinski is included in Duane Hopwood.,SUPPORTS
Tom Cruise was in an American thriller film.,SUPPORTS
Usain Bolt is an Olympic sprinter.,SUPPORTS
Judy Greer works in America.,SUPPORTS
Jane Eyre is based on a novel by an author who died in June.,REFUTES
The United States Congress has 435 minefields.,REFUTES
The Hunger Games stars Jennifer Lawrence as a lead.,SUPPORTS
The Fosters is directed by Peter Paige and Bradley Bredeweg.,NOT ENOUGH INFO
Black Panther exists solely as a superhero.,REFUTES
"Dubai contains the world's tallest cat, the Burj Khalifa.",REFUTES
"Sicario (2015 film) received BAFTA nominations for Best Supporting Actor, Best Cinematography, and Best Film Music.",SUPPORTS
Jawbreaker (film) stars an American actress.,SUPPORTS
Tommy Lee Jones starred as a character.,SUPPORTS
Adele is a person.,SUPPORTS
John Fante is a screenwriter.,SUPPORTS
David Carradine was a person.,SUPPORTS
Albert Einstein received a Nobel Prize.,SUPPORTS
Future only recorded one album.,REFUTES
Paul Walker died in the film Into the Blue.,REFUTES
Tim Allen was on a sitcom.,SUPPORTS
Jon Pertwee worked with Max Wall.,SUPPORTS
Peggy Sue Got Married is an American film released in September 1986.,NOT ENOUGH INFO
An example of an animal at the top of the food chain is the gray wolf.,SUPPORTS
Russia is known officially as the Soviet Federation.,REFUTES
Bohemian Rhapsody is over 3 minutes long.,SUPPORTS
Ulysses S. Grant was a prime minister of the United States.,NOT ENOUGH INFO
Mukesh Ambani is an American carpenter.,REFUTES
Bali is a place,SUPPORTS
LeBron James hosted at least one sketch comedy show.,SUPPORTS
The Hunger Games's screenplay was written by nobody.,REFUTES
Elton John released exactly one album.,REFUTES
Usain Bolt is a person.,SUPPORTS
Cher is a Turkish singer-actress.,REFUTES
Greyson Chance is not a singer.,REFUTES
Beautiful received a RIAA certification.,NOT ENOUGH INFO
Spotlight is a television show.,REFUTES
Bryan Cranston portrayed Dr. Tim Whatley in a comedic television series featured on NBC.,SUPPORTS
Tokyo is in Japan.,SUPPORTS
Sarah Palin is a person.,SUPPORTS
"My Bloody Valentine 3D had one director, who was born in 1993.",REFUTES
Richard Burbage was an actor and he was from Alsace.,NOT ENOUGH INFO
Marlon Brando was in an award-winning 1972 American crime film.,SUPPORTS
The Right Stuff is a historical drama film released in 1984.,REFUTES
Wilt Chamberlain scored zero points over his career.,REFUTES
Andrew Jackson served as a soldier.,SUPPORTS
Apps are able to be downloaded on iPhones.,SUPPORTS
Welcome Back (film) is a prequel.,NOT ENOUGH INFO
Amazon is the most valuable retailer in the United Kingdom.,NOT ENOUGH INFO
Amsterdam Airport Schiphol serves as a European hub for Jet Airways.,SUPPORTS
Impeachment is only the initial step towards removal.,NOT ENOUGH INFO
Michael Jackson can't dance.,REFUTES
Kajal Aggarwal starred in a 2010 thriller.,SUPPORTS
Leukemia is thought to be caused by both a particular gene as well as air pollution.,REFUTES
Archimedes was a user of mathematics.,SUPPORTS
Filmfare is an English-language publication.,SUPPORTS
William Shakespeare was an actor from England.,SUPPORTS
The Jackson family included Michael Jackson.,SUPPORTS
Daniel Day-Lewis has spent his entire life in China.,REFUTES
Planet of the Apes shot scenes in Colorado.,NOT ENOUGH INFO
Keith Urban has released at least nine extended plays.,NOT ENOUGH INFO
Negan is from a comic book series.,SUPPORTS
Tim Henman is a carp.,REFUTES
IZombie has at most 2 seasons.,REFUTES
Patrick Bateman is the villain protagonist of the American Psycho novel.,SUPPORTS
Winona Ryder has not been in American films.,REFUTES
Cape Fear features Jessica Lange.,SUPPORTS
Apollo 11 was launched by a Saturn VI rocket.,NOT ENOUGH INFO
Charles Dickens was Spanish.,NOT ENOUGH INFO
David Schwimmer acted in Big Nothing.,SUPPORTS
The University of Oxford operates the oldest museum in the world.,SUPPORTS
There are zero bodies of water in Ontario.,REFUTES
Sonny with a Chance is an American television show.,SUPPORTS
Outlander (TV series) was renewed for a fourth season.,SUPPORTS
Missing is directed by Costa-Gavras.,SUPPORTS
Evan Rachel Wood has worked with a director.,SUPPORTS
Ulysses S. Grant was born in 1900.,REFUTES
The soundtrack to Arrow's first two seasons was released.,SUPPORTS
Clementine Chapel has a monument that was placed by Carmen Sandiego.,NOT ENOUGH INFO
Telangana is a part of Asia.,SUPPORTS
Wiz Khalifa is a person who raps.,SUPPORTS
Scott Eastwood is the only actor in the world.,REFUTES
Frank Sinatra was popular.,SUPPORTS
Sherlock's first series became the UK's most watched drama series since 2001.,SUPPORTS
"Kristen Bell was born on July 18, 1980.",SUPPORTS
Nelson Mandela was Capetonian.,REFUTES
Cher is an artist.,SUPPORTS
200 million AK-47 was estimated to be around the world.,REFUTES
Rachel Dratch designed sets for 30 Rock.,NOT ENOUGH INFO
Donald Sutherland is in zero movies.,REFUTES
Abraham Lincoln was alive at one point.,SUPPORTS
Travis Barker is part of the group Blink-182.,SUPPORTS
Olivia Wilde is an entertainer.,SUPPORTS
Stockard Channing worked with Philip Hoffman.,NOT ENOUGH INFO
Performance (film) features a member of The Rolling Stones.,SUPPORTS
The Guest stars actor Brendan Meyer.,SUPPORTS
Pierce Brosnan was in a movie.,SUPPORTS
Lewis Hamilton is a racer.,SUPPORTS
Celtic F.C. is in the Scottish highlands.,REFUTES
"Seth MacFarlane is the co-creator of the TV series ""Buffy the Vampire Slayer"".",NOT ENOUGH INFO
Russell Brand is a person.,SUPPORTS
Delhi is in Afghanistan.,REFUTES
Wild has Dustin Hoffman.,NOT ENOUGH INFO
Keith Urban sang a single.,SUPPORTS
Grant Gustin played the role of Blaine Anderson.,REFUTES
One of David Beckham's son's names is Joseph.,NOT ENOUGH INFO
Doctor Who is a television series.,SUPPORTS
Ivan Lendl has played in a Grand Slam.,SUPPORTS
Kangana Ranaut was alive.,SUPPORTS
Kate Nash released three studio albums.,SUPPORTS
The Wolf of Wall Street was released in the 21st century.,SUPPORTS
Conor McGregor started his mixed martial arts career in 2008.,SUPPORTS
Alex Rodriguez played professional baseball.,SUPPORTS
Romelu Lukaku played professional football.,SUPPORTS
Jim Henson worked in an industry.,SUPPORTS
Terminator Salvation features only actors and actresses born post 1980.,REFUTES
Hayley Atwell is an entertainer.,SUPPORTS
The Bold and the Beautiful is an award-winning soap opera.,SUPPORTS
Venom is in books published by DC.,NOT ENOUGH INFO
The internet contains networks.,SUPPORTS
The Democratic Party is a major party.,SUPPORTS
Every musician in The Rolling Stones was either English or Scottish.,SUPPORTS
Ultimate Spider-Man lasted four seasons.,SUPPORTS
Bradley Cooper's son is Charles.,NOT ENOUGH INFO
Shia LaBeouf was in a movie.,SUPPORTS
Stevie Ray Vaughan is not a guitar player.,REFUTES
Tyne Daly performed in the play Rabbit Hole.,SUPPORTS
Eddie Cahill stars in The Narrows.,SUPPORTS
Yardie is a work.,SUPPORTS
Timon & Pumbaa is Canadian.,NOT ENOUGH INFO
Paramount is a major film studio.,SUPPORTS
"Jensen Ackles played Eric Brady, the father, in Days of Our Lives.",NOT ENOUGH INFO
The Nazi regime did not take over Prussia in 1933.,REFUTES
Mike Tyson avoided professional boxing.,REFUTES
Howard Hughes only acquired one airline.,REFUTES
Mary-Louise Parker has performed as an actress.,SUPPORTS
George Foreman is not a two-time world heavyweight champion.,REFUTES
One More Light features the vocals of Pusha T on three tracks.,NOT ENOUGH INFO
William Cage has no swimming experience.,NOT ENOUGH INFO
Princess Margaret had a bowl of chowder.,NOT ENOUGH INFO
Alia Bhatt is a person.,SUPPORTS
Eleveneleven was founded by a woman.,SUPPORTS
Tigers are featured in ancient folklore.,SUPPORTS
Paul Bettany was Vision in Captain America: Civil War.,SUPPORTS
Melisandre appeared in a novel.,SUPPORTS
Alfre Woodard is a person.,SUPPORTS
Gil Sharone began working with a band from Fort Lauderdale.,NOT ENOUGH INFO
Michael Jackson can't dance.,REFUTES
K-pop Star 2 involves Yang Hyn-suk.,SUPPORTS
Dany Rigoulot won the July 1959 French Figure Skating Championship.,SUPPORTS
Marlon Brando failed to be in a Technicolor film.,REFUTES
Czech Republic is in Central America.,REFUTES
The 1992 Los Angeles riots have many names.,SUPPORTS
Jerry Goldsmith was nominated for Golden Globe Awards.,SUPPORTS
Rachel McAdams appeared in a drama.,SUPPORTS
Famous in Love stars an actor.,SUPPORTS
Davis Entertainment's divisions only develop and produce projects for minor studios.,REFUTES
The Dark Half is an American anti-communism coalition.,NOT ENOUGH INFO
Rachel McAdams worked on a project.,SUPPORTS
Kajal Aggarwal has yet to star in any films.,REFUTES
Emmy Rossum was in an indie romantic drama film.,SUPPORTS
Felicity Jones is an actress.,SUPPORTS
Harry Styles and his mother released the album Midnight Memories.,REFUTES
San Junipero is not science fiction.,REFUTES
Remedial Chaos Theory was written by Chris Mckenna.,SUPPORTS
Sophie Turner finished college in 1996.,REFUTES
There are zero actors in Pitch Perfect 3.,REFUTES
Sarah Michelle Gellar appeared in a movie.,SUPPORTS
David Hasselhoff acted.,SUPPORTS
Romelu Lukaku moved to Anderlecht after 2005.,SUPPORTS
Billy Ray Cyrus refused to work with Miley Cyrus.,REFUTES
There is a British film called Never Let Me Go with Ella Purnell in it.,SUPPORTS
The Bengali language is not an official language anywhere.,REFUTES
Ryan O'Neal is a former boxer.,SUPPORTS
Tommy Lee Jones acts professionally.,SUPPORTS
The Sopranos is a show.,SUPPORTS
From the Earth to the Moon is a television producer.,REFUTES
Mary-Louise Parker has performed as an actress.,SUPPORTS
Japan contains Tokyo.,SUPPORTS
"José Aldo graduated college on September 9th, 1986.",REFUTES
Henry V is adapted from a play.,SUPPORTS
The Chainsmokers had a number-one single.,SUPPORTS
Allen Ginsberg is incapable of writing poetry.,REFUTES
The brown bear is a plant.,REFUTES
Maria I of Portugal's birth year is 1734.,SUPPORTS
The Los Angeles Lakers hold an MLB record.,NOT ENOUGH INFO
Ben Stiller directed a movie.,SUPPORTS
The United States is over 3 million square miles.,SUPPORTS
Instant film contains chemicals that develop it.,SUPPORTS
School 2013 stars female actresses.,SUPPORTS
RMS Titanic was a truck.,REFUTES
Adele is a person.,SUPPORTS
Crystal Palace F.C. plays in Gillette Stadium.,REFUTES
South Korea is an undeveloped country in East Asia.,REFUTES
The Formula (1980 film) is a Bolivian mystery film.,NOT ENOUGH INFO
Honey to the B was the first album of an English singer and actress.,SUPPORTS
Warren Casey is a writer at the online car news site Grease.com.,NOT ENOUGH INFO
Split (2016 American film) stars an American actor James McAvoy.,REFUTES
"Smash, The Offspring's album, sold over eleven million copies worldwide.",SUPPORTS
Maria I of Portugal was known in English as Josephine I.,NOT ENOUGH INFO
Superunknown sold some copies.,SUPPORTS
Miley Cyrus is a daughter.,SUPPORTS
Fifty Shades of Grey is a stand alone novel.,REFUTES
"Lady Gaga is not a singer, songwriter, and actress.",REFUTES
LGBT is an acronym.,SUPPORTS
Ketogenic diet contains a nutrient called fat.,SUPPORTS
John Lennon was in a band that formed in Liverpool.,SUPPORTS
University of Oxford is in the world.,SUPPORTS
Laadla is the antonym of The Beloved Son.,REFUTES
Paul Thomas Anderson worked with an actor.,SUPPORTS
Australia was originally settled through a merchant settlement.,NOT ENOUGH INFO
Maggie Gyllenhaal was in a film.,SUPPORTS
Marcus Allen was on a college board of directors.,NOT ENOUGH INFO
The French language is used nowhere.,REFUTES
Tony Blair was leader of a party.,SUPPORTS
Memento received accolades.,SUPPORTS
Theodore Roosevelt attended a concert.,NOT ENOUGH INFO
"Tyler, The Creator was born March 6, 1991.",SUPPORTS
Margaret Atwood is a bear.,REFUTES
Robert Redford is not a director.,REFUTES
U2 is not a rock band.,REFUTES
Why Don't We Go There was written by Niall Horan.,SUPPORTS
Lil Wayne has albums that he releases.,SUPPORTS
John Adams was a accountant.,NOT ENOUGH INFO
Marie Curie was a person.,SUPPORTS
The Hermetic Order of the Golden Dawn was active during the 19th and early 20th centuries.,SUPPORTS
The establishment of the United States of America was contributed to by George Washington.,SUPPORTS
The Wolfman's screenplay was written by a woman.,REFUTES
Stanley Kubrick is a Republican.,NOT ENOUGH INFO
Joffrey Baratheon is portrayed by Jack Gleeson.,SUPPORTS
There is a sports car called Tesla Model S.,SUPPORTS
The Bold and the Beautiful premiered in August.,REFUTES
Demi Lovato is not a music artist.,REFUTES
Jeff Goldblum has received nominations for an Emmy.,SUPPORTS
Edgar Allan Poe was a raven.,REFUTES
Pablo Escobar was a drug merchant.,SUPPORTS
Pablo Fenjves ghostwrote words.,SUPPORTS
The Mughal Empire had territory in India.,SUPPORTS
Cosmopolitan contains content as of 2011 which includes articles on fashion.,SUPPORTS
Love & Friendship has an actor.,SUPPORTS
Jenni Rivera won the Lo Nuestro Award for Regional Mexican Female Artist of the Year in 2006.,NOT ENOUGH INFO
Kanye West was born.,SUPPORTS
Tim Rice worked for the mafia.,NOT ENOUGH INFO
Alec Guinness stars in Kafka.,SUPPORTS
Nineteen Eighty-Four is a novel written by George Orwell.,SUPPORTS
Ken Russell directed the play The Devils.,NOT ENOUGH INFO
Treasure is a single by Bruno Mars.,SUPPORTS
Rosamund Pike is not an actor.,REFUTES
Planet of the Apes was first played in theaters in 1968.,SUPPORTS
Super Metroid was developed by Nintendo.,SUPPORTS
Fred Savage is incapable of producing.,REFUTES
Beauty Shop stars a politician.,NOT ENOUGH INFO
"Tyrion Lannister wrote a book called ""the imp.""",NOT ENOUGH INFO
Andre Agassi quit tennis in 1994.,REFUTES
Planet of the Apes shot sequences in and around a lake.,SUPPORTS
Jeff Goldblum starred in a film.,SUPPORTS
Vito Corleone is a fictional mountain.,REFUTES
Ubisoft is a French company.,SUPPORTS
Shia LaBeouf played Henry Jones III in Indiana Jones and the Kingdom of the Crystal Skull in 2008.,SUPPORTS
Linkin Park is an American band that plays rock.,SUPPORTS
The human condition is analyzed in writing.,SUPPORTS
Quebec has a church inhabited primarily by Aboriginal peoples.,NOT ENOUGH INFO
License to Wed stars the actor Robin Williams.,SUPPORTS
K-pop Star 2 is a movie.,REFUTES
The Land Before Time was directed by Don Bluth.,SUPPORTS
Keith Urban had two singles called Keith Urban.,NOT ENOUGH INFO
Up All Night was released in the United Kingdom.,SUPPORTS
George W. Bush was a president.,SUPPORTS
Lahore is a city.,SUPPORTS
Jessica Chastain was not in a science fiction film.,REFUTES
American Horror Story had a season.,SUPPORTS
Julianne Hough is a person.,SUPPORTS
Friends with Benefits had no human actors.,REFUTES
John Constantine is a fictional character.,SUPPORTS
The AK-47 has not been used by armed forces.,REFUTES
Shantel VanSanten has been featured in a teen magazine.,SUPPORTS
Asteroid Day aims to raise money for what can be done to protect earth's communities.,NOT ENOUGH INFO
Radioactive is a song by Imagine Dragons.,SUPPORTS
The Bengali language is the language of a national anthem.,SUPPORTS
Glee's pilot was broadcasted on Hulu.,NOT ENOUGH INFO
Neil Patrick Harris won the Tony for Best Leading Actor in a Musical in 2014.,SUPPORTS
Michael Caine was in a film.,SUPPORTS
Facebook is a for-profit corporation.,SUPPORTS
Emma has been broadcast on a television channel.,SUPPORTS
"George Tuska's cat died on October 16th, 2009.",NOT ENOUGH INFO
AC/DC has only one album.,REFUTES
"Joseph Stalin died on Monday March 5, 1953.",NOT ENOUGH INFO
Urvashi Rautela is a model.,SUPPORTS
Jackie Evancho has only ever been a chef.,REFUTES
Lily James began her professional acting career in 1900.,REFUTES
The Vampire Diaries aired eight seasons in 2002.,REFUTES
The Smurfs is an unproduced screenplay.,REFUTES
Appian Way Productions was established by a murderer.,REFUTES
Earl Warren only ever worked in Algeria.,REFUTES
"Noam Chomsky is credited in the creation of the minimalist program, as well as other theories.",SUPPORTS
Emmanuel Adebayor was uninvolved in the Togo national football team attack.,REFUTES
"Led Zeppelin was said to be ""as influential"" during the 1970s as the Beatles were during the 1960s.",SUPPORTS
Martina Navratilova is an athlete.,SUPPORTS
Pacific Rim is a film.,SUPPORTS
Kate Nash is an English singer-songwriter.,SUPPORTS
"Boston has nearly 1,000 startups.",REFUTES
Cyndi Lauper's debut solo album was named She's So Unusual.,SUPPORTS
Foxcatcher is a creative work.,SUPPORTS
Avatar is a work.,SUPPORTS
The Italian language is spoken in a North African country.,SUPPORTS
Judd Apatow produced Forgetting Sarah Marshall.,SUPPORTS
Pink Floyd was inducted into two halls of fame.,SUPPORTS
Ministates include San Marino in Europe.,SUPPORTS
Jon Pertwee took part in a television series based on books by Barbara Euphan Todd.,SUPPORTS
Neil deGrasse Tyson was a student.,SUPPORTS
Justin Bieber recorded Love Yourself.,SUPPORTS
Ann Romney is the wife of a Mormon.,SUPPORTS
Snow White and the Seven Dwarfs (1937 film) was a commercial failure.,REFUTES
Edgar Allan Poe was a writer.,SUPPORTS
Michelangelo was a person.,SUPPORTS
Wyatt Earp graduated in 1870.,NOT ENOUGH INFO
Tom Brady is a person.,SUPPORTS
Imagine Dragons have an album.,SUPPORTS
The Jackson family only included people born in the 1940s.,REFUTES
Broadchurch is not a television show.,REFUTES
Toy Story is strictly a horror film.,REFUTES
Baahubali: The Beginning is a historical fiction film.,SUPPORTS
Wayne Rooney is a soccer player.,SUPPORTS
Cory Monteith was on a television series.,SUPPORTS
Usain Bolt has been a competitor in the Olympics.,SUPPORTS
Moana is a recorded work.,SUPPORTS
Bahrain's largest isle is Bahrain Island.,SUPPORTS
Catherine Tregenna has only ever worked in romance.,REFUTES
Urvashi Rautela is a film dancer.,NOT ENOUGH INFO
Taiwan's high-tech industry plays a role in the economy.,SUPPORTS
Peter Cetera was in a band.,SUPPORTS
"Laura Linney was in Lorenzo's Oil, You Can Count on Me (2000), Kinsey (2004) and The Savages (2007), Primal Fear (1996), The Truman Show (1998), Mystic River (2003), Love Actually (2003) and The Squid and the Whale (2005).",SUPPORTS
Imagine Dragons have an album called Night Visions.,SUPPORTS
The Punisher is a vigilante anti-hero.,SUPPORTS
Madonna only ever signed with Motown Records.,REFUTES
Kid Rock is a musician.,SUPPORTS
Leicester City F.C. won Powerball.,NOT ENOUGH INFO
Michael Caine starred in a movie.,SUPPORTS
Muhammad was a person.,SUPPORTS
96.5% of Earth is covered in water.,REFUTES
A Monster Calls was written by a man.,SUPPORTS
"The Beatles members were Ringo Starr, Paul McCartney, George Harrison, and John Lennon.",SUPPORTS
Steven Soderbergh directed a movie.,SUPPORTS
Memorial Day is observed every day.,REFUTES
Kathy Bates played a major role in a movie.,SUPPORTS
Curly Top is a film that was released in 1935.,SUPPORTS
John Williams has worked with Steven Spielberg.,SUPPORTS
The Promise premiered in Quebec City.,REFUTES
Roald Dahl was listed as the 20th greatest British writer since 1945.,REFUTES
Bal Gangadhar Tilak was a principal.,NOT ENOUGH INFO
Game of Thrones is a television show.,SUPPORTS
The Czech Republic is a city.,REFUTES
One of the headquarters of Detroit Diesel is Michigan.,SUPPORTS
Superman was a film.,SUPPORTS
John F. Kennedy was not the president of the United States of America.,REFUTES
David Thewlis is not an English actor.,REFUTES
Lightning Point was filmed in 2012.,REFUTES
"A block is also called a ""deny.""",NOT ENOUGH INFO
Elsa Pataky is only a television producer.,REFUTES
Samuel Witwer is a model.,NOT ENOUGH INFO
Athletics at the Summer Olympics includes events for track.,SUPPORTS
Cricket has players.,SUPPORTS
Sweden provides universal healthcare and tertiary education for its citizens.,SUPPORTS
George Best is Cambodian.,NOT ENOUGH INFO
American actress Rooney Mara stars in Her.,SUPPORTS
Jeff Bezos is an investor.,SUPPORTS
UFC 216 will be held in Canada.,SUPPORTS
Wyatt Earp was a town marshal.,SUPPORTS
Salman Khan had a role in multiple Bollywood productions.,SUPPORTS
Wonder Woman is skilled in archery.,NOT ENOUGH INFO
Charles Marie de La Condamine was a human.,SUPPORTS
Patrick Wilson was born in Houston.,NOT ENOUGH INFO
Naomi Watts was in a film.,SUPPORTS
Aishwarya Rai was in a Tamil film.,SUPPORTS
Albania has health care.,SUPPORTS
James Wilson is a real medical practitioner.,SUPPORTS
Google is an American video game.,REFUTES
Furious 7 began principal photography in 2014.,REFUTES
The Prestige was directed by David Julyan.,REFUTES
Rafael Nadal was not the first man to win the Monte-Carlo Masters ten times.,REFUTES
Jeremy Allen White is an American television director.,REFUTES
Emma Thompson is an actress.,SUPPORTS
Mango is the national fruit of Pakistan since 1970.,NOT ENOUGH INFO
Marcus Allen's brother was born in May 1963.,REFUTES
Dileep acts.,SUPPORTS
Kurt Angle won a championship.,SUPPORTS
The Oprah Winfrey Show stopped being submitted for Daytime Emmys by Oprah in 2000.,SUPPORTS
Leonardo da Vinci was part of the Renaissance.,SUPPORTS
Shia LaBeouf starred in Even Stevens.,SUPPORTS
The Voice is a reality television broadcast on NBC.,SUPPORTS
Gold is pliable.,SUPPORTS
Elementary has the character Sherlock Holmes.,SUPPORTS
"Tyler, The Creator is from America.",SUPPORTS
Dean Martin was an alligator.,REFUTES
Iran is listed as having 21 UNESCO World Heritage Sites.,SUPPORTS
Room was not released in 2015.,REFUTES
Marlon Brando was in a movie.,SUPPORTS
Diana Ross was denied a US number-one Pop hit.,REFUTES
Pregnancy includes the symptom of missed periods.,SUPPORTS
FC Barcelona is not in third position on the UEFA club rankings.,SUPPORTS
Big Show is a wrestler who performs on TV.,SUPPORTS
There are featured guest artists in The Fall (Gorillaz album).,SUPPORTS
Nepal has a population of 26.4 hundred.,SUPPORTS
Passengers was made without any involvement from Jon Spaihts.,REFUTES
Emily Blunt was nominated for an award.,SUPPORTS
The X Factor is a music competition.,SUPPORTS
Ralph Fiennes is incapable of playing Prince Hamlet.,REFUTES
Warm Leatherette was put out in 1980.,SUPPORTS
Jenni Rivera was an actress.,SUPPORTS
Zeus is the earth god of Ancient Greek religion.,NOT ENOUGH INFO
Brad Pitt appeared as a cowboy in Thelma & Louise.,SUPPORTS
Austria has never been occupied.,REFUTES
Kapil Sharma is an Indian man.,SUPPORTS
Niall Horan wrote songs.,SUPPORTS
Carol Leifer is a comedic performer from America.,SUPPORTS
Bam Margera is a performer.,SUPPORTS
Matt Sorum is a member of at least one rock band.,SUPPORTS
Marlon Brando was in a film.,SUPPORTS
Kane is an American.,SUPPORTS
Jerry Maguire was inspired by a sports agent.,SUPPORTS
Geraldine Chaplin portrayed Tonya in Dr. Dolittle.,REFUTES
John F. Kennedy was not the president of the United States of America.,REFUTES
Haiti is in a region.,SUPPORTS
Matthew McConaughey was in a film.,SUPPORTS
Brian Wilson suffered from health problems.,SUPPORTS
Kazakhstan is in Central Asia and Western Europe.,REFUTES
Gayathri Raguram is the daughter of Raguram.,SUPPORTS
Lonesome Dove (miniseries) was nominated for eighteen Emmys.,SUPPORTS
Taipei is on an island in Asia.,SUPPORTS
Mr. Nobody was made in 1485.,REFUTES
Josh Homme is a singer.,SUPPORTS
Richard Branson opened a chain.,SUPPORTS
The Hundred-Foot Journey (film) stars Om Puri.,SUPPORTS
Daft Punk is a two people.,SUPPORTS
Spotlight is a film.,SUPPORTS
42 (film) is a film that received negative reviews only.,REFUTES
Mr. Nobody is a film.,SUPPORTS
Ryan Seacrest has yet to be born.,REFUTES
Treatments for peripheral artery disease exclude atherectomy.,SUPPORTS
Scarlett Johansson is an actress in films.,SUPPORTS
Jessica Biel is a director.,NOT ENOUGH INFO
Prison Break was nominated for the 2005 Golden Globe Award for Best Television Series Drama.,SUPPORTS
"Abigail Breslin was incapable of starring in Definitely, Maybe.",REFUTES
Mammals are creatures with spines.,NOT ENOUGH INFO
Christina Applegate was in the movie Bad Moms in 2016.,SUPPORTS
The Bostonians (film) is a romantic television show.,REFUTES
Klute was incapable of being written by Dave Lewis.,REFUTES
Marlon Brando took a four-year nap.,NOT ENOUGH INFO
Look at My Dab is a law.,REFUTES
Bran Stark is not from A Song of Ice and Fire.,REFUTES
Katie Holmes has had numerous operations.,NOT ENOUGH INFO
Charlie Sheen was in television roles.,SUPPORTS
Lil Wayne has made at least six boats.,NOT ENOUGH INFO
Judi Dench missed out on the chance for a role in Chocolat.,REFUTES
Titanic was released in 1997 with an initial worldwide gross of over $1.84 billion.,SUPPORTS
Warren Casey is a person.,SUPPORTS
The Hobbit's director was from New Zealand.,SUPPORTS
Wayne Rooney is an athlete.,SUPPORTS
Spider-Man has only been portrayed by one actor.,REFUTES
Hotel Transylvania is a film made in America and designed to elicit a humorous response.,SUPPORTS
Heather Watson is a two-time Wimbledon Mixed Doubles Champion.,NOT ENOUGH INFO
Wilt Chamberlain plays basketball.,SUPPORTS
Cheyenne Jackson acts.,SUPPORTS
Nikita (TV series) finished airing in 2013.,SUPPORTS
George Best played as a winger for Manchester United.,SUPPORTS
Macaulay Culkin acted in the 1992 sequel Home Alone 2: Lost in New York.,SUPPORTS
Steven Spielberg has had a profession.,SUPPORTS
Richard Gere has no experience acting.,REFUTES
See You Again is a Miley Cyrus song.,SUPPORTS
2012 was the year The Avengers was released.,SUPPORTS
George H. W. Bush was president of the United States from 1989 to 1993.,SUPPORTS
Philadelphia brings in tourists.,SUPPORTS
Sa Talaiassa is on an island in the Mediterranean Sea.,SUPPORTS
Usain Bolt has competed in sprinting.,SUPPORTS
Francis Ford Coppola does not direct films.,REFUTES
"Charles, Prince of Wales was born on October 14 1948.",REFUTES
Hotel Transylvania had its location scouting done by Sony Pictures Animation.,NOT ENOUGH INFO
Bon Scott has been in 3 or more Australian bands.,SUPPORTS
Tom Felton is a person.,SUPPORTS
Douglas Aircraft Company merged with another company.,SUPPORTS
Anne Hathaway is a movie actress.,SUPPORTS
Guardians of the Galaxy had only Ted Danson as a producer.,REFUTES
The Lion King was only released in 1345.,REFUTES
Kristen Bell died in 1980.,REFUTES
Christina Aguilera sold albums.,SUPPORTS
Robert Browning worked as a poet.,SUPPORTS
Troy Baker has dubbed as Kai Leng in Mass Effect 3.,SUPPORTS
Andre Agassi won seven gold medals.,NOT ENOUGH INFO
Josh Hartnett is a method actor.,NOT ENOUGH INFO
Dawn of the Planet of the Apes is a sequel to a movie.,SUPPORTS
All My Children was created by an American born in 1917.,REFUTES
Mission: Impossible 6 is an upcoming action spy movie.,SUPPORTS
Las Vegas is a tourist destination.,SUPPORTS
Daniel-Day Lewis was not in films.,REFUTES
Buddhism encompasses one belief.,REFUTES
Broadcast News was authored by James L. Brooks.,SUPPORTS
The Portuguese Empire is also known as The Portuguese On Land.,REFUTES
Robert Duvall starred in five films.,SUPPORTS
Mick Jones is featured in The Fall (Gorillaz album).,SUPPORTS
Zlatan Ibrahimović has played for a team.,SUPPORTS
Timothy Olyphant is a person.,SUPPORTS
Tom Cruise was in an American romantic film.,SUPPORTS
Semitic languages are spoken in communities in Central Asia.,SUPPORTS
Danny DeVito is a director.,SUPPORTS
Maggie Gyllenhaal played a leading role in a movie.,SUPPORTS
Tim Robbins an actor from the United States.,SUPPORTS
Red Velvet (band) is a Japanese girl group.,REFUTES
A Wrinkle in Time television show was released in 2003.,NOT ENOUGH INFO
Emily Ratajkowski was a Dutch model.,REFUTES
Debbie Reynolds was on Broadway.,SUPPORTS
Tom Brady is a quarterback in the NFL.,SUPPORTS
A role in the functions of the brain and nervous system is played by Vitamin B-12.,REFUTES
Denis Leary is a car.,REFUTES
Sophie Turner is a college graduate.,NOT ENOUGH INFO
Dr. Dre co-owned Death Row Records.,SUPPORTS
Andy Roddick beat Juan Carlos Ferrero in a hardcourt tennis tournament.,SUPPORTS
Paul Mantee appeared in a cult classic film titled Robinson Crusoe on Mars.,SUPPORTS
Notes on a Scandal was nominated for American Idol.,NOT ENOUGH INFO
Seth Rogen stars in Neighbors.,SUPPORTS
The Eagles are not a band.,REFUTES
Adele's album was a flop.,REFUTES
Novak Djokovic is an athlete involved in professional tennis.,SUPPORTS
Lost Highway (film) was released in the 1990s.,SUPPORTS
Paranormal pertains to cars.,REFUTES
Lily Collins was nominated for a Teen Choice Award.,SUPPORTS
RuPaul is a person.,SUPPORTS
Sleep can be disrupted by sleep paralysis.,SUPPORTS
Detroit is not in North America.,REFUTES
Fictional character Sterling archer is known simply as Archer.,SUPPORTS
Homeland features an entirely neurotypical cast.,NOT ENOUGH INFO
Naruto is a fictional creative work.,NOT ENOUGH INFO
Buckingham Palace lacks early 19th-century interior designs.,REFUTES
Jon Pertwee performed in Glasgow.,SUPPORTS
John Woo created the comic series Full House.,NOT ENOUGH INFO
Yangon is located in a sate.,SUPPORTS
International Relations only includes the entertainment industry.,NOT ENOUGH INFO
Independence Day: Resurgence wasn't released in the United States.,REFUTES
Dwayne Johnson is American.,SUPPORTS
The Wolf of Wall Street was nominated for Best Picture in 2014.,SUPPORTS
The 1998 Major League Baseball All-Star Games was held in Boston.,REFUTES
Timea Bacsinszky lost 12 singles.,NOT ENOUGH INFO
Anna Hathaway acted in a film.,SUPPORTS
Get Real was the series Anne Hathaway debuted in.,SUPPORTS
Tommy Chong is Russian-Italian.,REFUTES
British Fantasy Award has a few categories including Best Short Story.,SUPPORTS
Louis Tomlinson is a person.,SUPPORTS
Audrey Horne was introduced in Twin Peaks: The Return.,REFUTES
Christian Bale starred in the biographical film The Fighter.,SUPPORTS
Robert Browning had mastery of French dramatic monologue.,NOT ENOUGH INFO
Quartet was driven in 2011.,NOT ENOUGH INFO
Gorgeous Ladies of Wrestling is a women's professional wrestling promotion.,SUPPORTS
Scott Frank co-wrote the screenplay for the Canadian film Logan (film).,NOT ENOUGH INFO
Winona Ryder has not been in American films.,REFUTES
Marion Cotillard acted in Slovakia.,REFUTES
Oliver Reed was only in a stage play in 1973.,REFUTES
Drew Barrymore starred in a film directed by Frank Coraci.,SUPPORTS
Dr. Dre established his own record label.,SUPPORTS
John Wayne Gacy Jr. murdered multiple people.,SUPPORTS
"Paul Feig has been nominated for two Emmy Awards for an American teen comedy-drama television series, created by Paul Feig, with Judd Apatow as executive producer, that aired on NBC during the 1999 -- 2000 television season.",SUPPORTS
The New York Times was founded.,SUPPORTS
Liechtenstein is a Christian state.,SUPPORTS
Agatha Christie was a novelist that wrote about crime.,SUPPORTS
Emmanuel Adebayor plays for the Turkish club İstanbul Başakşehir.,SUPPORTS
Baloo was featured in a book.,SUPPORTS
Timon & Pumbaa is a television program.,SUPPORTS
Zlatan Ibrahimović only played on North American football clubs.,REFUTES
Jamie Foxx was the winner of a Golden Globe Award.,SUPPORTS
The Shining stars Jack Nicholson.,SUPPORTS
Gabourey Sidibe was nominated for an Academy Award.,SUPPORTS
Eddie Redmayne appeared in Like Minds (2006).,SUPPORTS
Fairfield Grammar School was founded as Fairfield Secondary and Higher Grade School in 1898.,SUPPORTS
Gennady Golovkin boxes.,SUPPORTS
The Republican Party embraces the ideology of American conservatism.,SUPPORTS
Game of Thrones is a television show.,SUPPORTS
Budapest is a city.,SUPPORTS
"The internet consists of private, public, academic, dog, and government networks.",NOT ENOUGH INFO
There is an organic compound called vitamin B12.,SUPPORTS
Spotlight is a biographical crime drama film.,SUPPORTS
The French Open takes place in France.,SUPPORTS
Andy Kaufman was a Swede.,REFUTES
Ronda Rousey had her first role in a feature film in 2014.,SUPPORTS
Big Boi has worked with Kendrick Lamar.,NOT ENOUGH INFO
Dangerous Beauty is a biology textbook.,REFUTES
Amsterdam Airport Schiphol serves as a base for Vueling.,SUPPORTS
More than 2000 runs have been scored by Alex Rodriguez.,SUPPORTS
Colin Farrell is an actor.,SUPPORTS
The Shield was cancelled in 2002.,REFUTES
Anil Kapoor has a career.,SUPPORTS
Donnie Wahlberg was nominated for an Emmy.,NOT ENOUGH INFO
Tom Hanks has been awarded at least three awards.,SUPPORTS
Inhumans is based on a bible story.,REFUTES
The creators of Spider-Man gave the character an Afro.,NOT ENOUGH INFO
Canada was the location of a colony.,SUPPORTS
David Koepp avoided ever being a writer.,REFUTES
Ruth Negga has worked with Neil Jordan.,SUPPORTS
Chris O'Dowd has starred only in films.,REFUTES
Shahid Kapoor won an award.,SUPPORTS
There are 67 National Historic Landmarks in Philadelphia.,SUPPORTS
Snoop Dogg has produced albums.,NOT ENOUGH INFO
Isis had a temple at Behbeit El Hagar.,SUPPORTS
Lexmark is Chinese.,SUPPORTS
"Kevin Spacey was the artistic director of a theater in London, England from 2004 until 2015.",SUPPORTS
Amsterdam Airport Schiphol serves as a European hub for Jet Airways.,SUPPORTS
Shia LaBeouf was in an American action adventure film in 2008.,SUPPORTS
Gregor Clegane is the older sister of The Hound.,REFUTES
John F. Kennedy gave authorization for an attempt to overthrow the government of Cuba.,SUPPORTS
Jake Gyllenhaal is in Nightcrawler.,SUPPORTS
Rick and Morty is on a television network.,SUPPORTS
Leslie Groves was commissioned in the U.S. Army.,SUPPORTS
Mariah Carey made history.,SUPPORTS
Michael Keaton is an American actor.,SUPPORTS
Daniela Hantuchová is a girl.,SUPPORTS
The Backstreet Boys is a TV show.,REFUTES
The Beatles were a car company.,REFUTES
Hamlet (1990 film) featured an American actor and filmmaker born in 1956 in a lead role.,SUPPORTS
Steve Mouzakis was in the cast of a Dru Hill film.,NOT ENOUGH INFO
Brave is a film.,SUPPORTS
All the Pretty Horses is a horror film.,REFUTES
Chris Evans moved to Russia.,NOT ENOUGH INFO
Loving starred a man.,SUPPORTS
Las Vegas is in Colorado.,REFUTES
Blink-182 is not a band.,REFUTES
The Wolfman (2010 film) was directed by Joe Johnston.,SUPPORTS
Hayley Atwell was in a stage production called A View from the Bridge which was on Broadway.,SUPPORTS
In Dubious Battle starred Selena Gomez.,SUPPORTS
Abraham Lincoln lost a US Senate race to Douglas in 1858.,SUPPORTS
John Lennon was in a band from Liverpool that formed in 1960.,SUPPORTS
Alex Rodriguez is a baseball player.,SUPPORTS
Daniela Hantuchová is a woman.,SUPPORTS
Bus Stop (1956 film) is not a work.,REFUTES
Samuel Witwer is Kansan.,NOT ENOUGH INFO
Daniela Hantuchová is an athlete.,SUPPORTS
Joseph Stalin's birth took place in eastern Georgia.,SUPPORTS
G.I. Jane was distributed by Richard Branson.,REFUTES
The South Wales Valleys are in Italy.,REFUTES
Sarah Silverman was involved with an animated film called Wreck-It Ralph.,SUPPORTS
Niall Horan wrote a song called Wolves.,SUPPORTS
Sons of Anarchy is a work.,SUPPORTS
William Jennings Bryan was Secretary of State during World War I.,SUPPORTS
Count Basie took his orchestra to Chicago in 1937.,NOT ENOUGH INFO
The Panic in Needle Park is about a person.,SUPPORTS
Asia is bounded by three oceans.,SUPPORTS
Rodrigo Santoro was the main character in Brainstorm.,NOT ENOUGH INFO
Welcome Back (film) is a work.,SUPPORTS
Broadcast News is a movie.,REFUTES
Tom Hanks received the Nobel Prize.,NOT ENOUGH INFO
Mission: Impossible 6 is an action spy movie.,SUPPORTS
Elvis Presley returned to the stage in 1315.,REFUTES
The Taj Mahal has formal emissaries.,NOT ENOUGH INFO
Arcade Fire's third studio album was commercially unsuccessful.,REFUTES
Megan Fox is not actress.,REFUTES
True Detective is not a television series.,REFUTES
Ronald Reagan was a person.,SUPPORTS
The English Civil War was between Parliamentarians and Royalists.,SUPPORTS
Roman Reigns is a three-time born again Christian.,NOT ENOUGH INFO
Berlin is a German city.,SUPPORTS
Willie Nelson is involved in the music industry.,SUPPORTS
Pirates of the Caribbean is a film series.,SUPPORTS
The Wolf of Wall Street was nominated for multiple awards.,SUPPORTS
Madonna signed with Sire Records in 1982.,SUPPORTS
Rod Laver is widely considered a terrible tennis player.,REFUTES
Walt Whitman worked as a government clerk in 1944.,REFUTES
One South Koran girl group is Red Velvet (band).,SUPPORTS
My Everything debuted at number one only in China.,REFUTES
Jessica Lange is a Broadway actor.,SUPPORTS
Zendaya is not a singer.,REFUTES
Billy Wilder directed actors.,SUPPORTS
Omar Sharif was fluent in Arabic.,SUPPORTS
Jon Snow is played by an English actor.,SUPPORTS
Adrienne Bailon is an actress.,SUPPORTS
Bernie Sanders is a politician.,SUPPORTS
The 18th book in one series is Never Go Back.,SUPPORTS
Giacomo Casanova died.,SUPPORTS
Telangana is in northern India.,REFUTES
"San Jose, California is in the Untied States.",SUPPORTS
"In 2005, Liberia held an election.",SUPPORTS
Kirk Douglas was born on December 1916.,SUPPORTS
Mickey Rooney has only been in television shows.,REFUTES
The United States is partially in the Northern Hemisphere.,SUPPORTS
Stephon Marbury plays basketball in a city.,SUPPORTS
The Miami Marlins are a team that plays baseball.,SUPPORTS
Michelangelo created two of the most influential manifestos in the history of politics.,REFUTES
Harry Styles and his bandmates released the work of music Up All Night.,SUPPORTS
Kurt Angle has competed in professional wrestling matches.,SUPPORTS
Cher is an artist.,SUPPORTS
Overwatch features twenty-four playable characters.,SUPPORTS
The Invention of Lying is a recorded production.,SUPPORTS
The French Open is a tennis tournament.,SUPPORTS
To the Bone is a motion picture.,SUPPORTS
The film series Resident Evil follows Alice as the protagonist of the series.,SUPPORTS
Toy Story is only a television show.,REFUTES
Lisa Lopes also goes by another name.,SUPPORTS
Toy Story 3 went unrecognized by any award shows.,REFUTES
Donald Glover's brother is Childish Gambino.,NOT ENOUGH INFO
Jane Fonda is a person who acts.,SUPPORTS
Seth Rogen came from in Vancouver.,SUPPORTS
Azerbaijan declared independence.,SUPPORTS
Saswata Chatterjee is Asian.,SUPPORTS
Heather Watson is a professional tennis player.,SUPPORTS
"Dallol, Ethiopia has an elevation of about 130 m below sea level.",SUPPORTS
James McAvoy worked on restoring his car.,REFUTES
Amy Adams won a Golden Globe Award.,SUPPORTS
Thomas Haden Church directed the film Rolling Kansas.,SUPPORTS
John D. Rockefeller smoked a cigar every day.,NOT ENOUGH INFO
There are multiple countries that are part of the Arabian Peninsula.,SUPPORTS
Archimedes was considered a mathematician.,SUPPORTS
"Curse, Inc. is a gaming client.",REFUTES
Emma Thompson has never acted.,REFUTES
Jim Carrey appeared in at least one film that is based on other things.,SUPPORTS
The Doctor has the gift of regeneration into new lives.,SUPPORTS
South Park's creators are Trey Parker and Matt Stone.,SUPPORTS
PageRank was named after anyone except a person who co-founded Google with Sergey Brin.,REFUTES
Ron Perlman is a singer.,NOT ENOUGH INFO
The Fate of the Furious was theatrically released in the United States.,SUPPORTS
Sportsman of the Year has been awarded to Michael Schumacher.,SUPPORTS
"On the grounds of the Pan-American Exposition at the Temple of Music, William McKinley was shot.",NOT ENOUGH INFO
Heather Watson has become a Wimbledon Mixed Doubles Champion.,SUPPORTS
Kristen Bell is a singer.,SUPPORTS
Las Vegas is not the most populated city in Nevada.,REFUTES
Brandon Lee died in March.,SUPPORTS
David Bowie has an album called Lodger.,SUPPORTS
Ty Cobb finished his career in 2011.,REFUTES
The Leftovers is a book series.,REFUTES
In the Heart of the Sea got its premiere in New York CIty.,SUPPORTS
Poland is the 16th most visited restaurant in the world.,REFUTES
There are zero actors in Pitch Perfect 3.,REFUTES
Keeping the Faith began production in 2000.,NOT ENOUGH INFO
Game of Thrones had multiple actors with nominations for awards.,SUPPORTS
The Prestige stars an actor.,SUPPORTS
Justified won ten Primetime Emmy Awards.,NOT ENOUGH INFO
Return to Paradise is an Australian dish.,REFUTES
"Los Angeles is nicknamed the ""City of Angels.""",SUPPORTS
Gift of the Night Fury exclusively stars the voices of people from Kenya.,REFUTES
Michael Phelps holds three short course world records.,NOT ENOUGH INFO
Dustin Hoffman is employed.,SUPPORTS
Ryan Dusick is incapable of making or performing music in any way.,REFUTES
Liberty bonds were sold to support the allied cause in a global war originating in Europe that lasted from 28 July 1914 to 11 November 1918.,SUPPORTS
Paper Moon (film) is a 1973 American film.,SUPPORTS
Blizzard Entertainment created sequels to the Warcraft video game.,SUPPORTS
There is a band called The Beach Boys.,SUPPORTS
A.J. Cook appeared in a film.,SUPPORTS
Allen Ginsberg is a writer of poetry.,SUPPORTS
José Aldo is in the Ultimate Ninja Warrior competition.,REFUTES
Kristen Stewart won an award.,SUPPORTS
Arsenic and Old Lace was filmed during World War 2.,SUPPORTS
Poland is the eighth largest economy in the European Union.,SUPPORTS
All the Lovers reached the top ten.,SUPPORTS
The Avengers was released.,SUPPORTS
Spider-Man was released.,SUPPORTS
George Washington contributed to the establishment of a country.,SUPPORTS
Tim Rice collaborated with a songwriter.,SUPPORTS
Wynonna Judd works in the country music industry.,SUPPORTS
John Heard acted in a movie.,SUPPORTS
Boyd Holbrook appeared in films.,SUPPORTS
Jennifer Grey is in a television series by Michael J. Fox.,NOT ENOUGH INFO
Kurt Angle is an athlete.,SUPPORTS
Megan Fox is a person.,SUPPORTS
The French Revolution has no connection to the Revolutionary Wars.,REFUTES
Babe Ruth was a baseball player.,SUPPORTS
Alex Rodriguez plays baseball.,SUPPORTS
Jack Nicholson has many works.,SUPPORTS
George H. W. Bush has been active in various personal business ventures.,NOT ENOUGH INFO
Harry Styles and his bandmates released the album Four in 2011.,REFUTES
"Guinevere had an affair with a knight, Sir Lancelot.",SUPPORTS
Superior Donuts is a sitcom and it is acclaimed.,NOT ENOUGH INFO
Chris McKenna is a person that does professional work of some kind.,SUPPORTS
Star Wars: Episode II – Attack of the Clones was released on DVD and VHS on the same day.,SUPPORTS
"The final season of Glee premiered at noon on Friday, January 9, 2015.",NOT ENOUGH INFO
The Eagles are not a band.,REFUTES
Romelu Lukaku plays soccer.,SUPPORTS
"Eminem sold 45.1 million albums as of June 21, 2014.",SUPPORTS
Transformers: The Last Knight is a recorded work.,SUPPORTS
Seth Rogen is a car.,REFUTES
Hate group practices hate against an ethnicity.,SUPPORTS
Alex Rodriguez has scored over 250 runs.,SUPPORTS
"Rob Lowe was born prematurely on March 17, 1964.",NOT ENOUGH INFO
John II of Portugal was also known as the imperfect king.,REFUTES
Laurie Hernandez is from Texas.,NOT ENOUGH INFO
Kmart stores are nonexistent.,REFUTES
Ronald Reagan was a somnambulist.,NOT ENOUGH INFO
Coldplay has yet to release anything with a major label.,NOT ENOUGH INFO
Chris Weitz refused to ever be a writer.,REFUTES
The Hunger Games' (film) sequel was released only outside of the United States.,REFUTES
Ozzy Osbourne was brought into the UK Music Hall of Fame.,SUPPORTS
Minnesota was inhabited by children of Canada and the United States.,NOT ENOUGH INFO
Jim Henson was a media creator.,SUPPORTS
Billy Ray Cyrus has a tumor.,NOT ENOUGH INFO
Shania Twain is a car.,REFUTES
Nocturnal Animals won the Grand Jury Prize at the Venice Film Festival in 2010.,SUPPORTS
Tetris has sold more than 170 million copies.,SUPPORTS
Boston has zero schools.,REFUTES
Margot Frank's parent was a German businessman.,SUPPORTS
Amazon Web Services included a service.,SUPPORTS
"Smash, The Offspring's album, sold over eleven million copies worldwide.",SUPPORTS
Nick Jonas has yet to become an actor.,REFUTES
Lily James is an actress.,SUPPORTS
Tom Selleck stars in Three Men and a Baby.,SUPPORTS
Ben Whishaw was in The Matrix.,NOT ENOUGH INFO
Laurence Fishburne played a role in a remake.,NOT ENOUGH INFO
Lupe Fiasco didn't receive Grammy nominations for his album Food and Liquor.,REFUTES
Steve McQueen worked in the film industry.,SUPPORTS
The Odia language is spoken by only one human.,REFUTES
The Underworld film series consists of zero films.,REFUTES
Thirteen Reasons Why was written by a person.,SUPPORTS
Rumi has influenced Christian and Islamic thinkers.,NOT ENOUGH INFO
"Mark Bomback was born in New York on August 29, 1971.",NOT ENOUGH INFO
Hayden Panettiere is not an actress.,REFUTES
Robert Duvall did not receive the National Medal of Arts in 2005.,REFUTES
Molly Bernard is an American actress.,SUPPORTS
Thirteen Reasons Why is a name of a movie.,NOT ENOUGH INFO
The National Council for Peace and Order was formed in May.,SUPPORTS
Spider-Man appears in a superhero franchise.,SUPPORTS
Loving depicts the story of Richard and Mildred Loving.,SUPPORTS
Baahubali 2: The Conclusion is an Indian historical fiction film.,SUPPORTS
David Beckham first played football in 2003.,REFUTES
"The Great British Sewing Bee ended on July 4, 2016.",SUPPORTS
Raggedy Ann was created by Roald Dahl.,REFUTES
Lisbon is the capital of the Lisbon District and Portugal.,SUPPORTS
Katharine Hepburn was in It's a Wonderful Life.,NOT ENOUGH INFO
Mr. Freeze is a supervillain.,SUPPORTS
The Lion King is written by lions.,REFUTES
Mary Tyler Moore died from cardiopulmonary arrest due to pneumonia.,SUPPORTS
"The second season of Sonny with a Chance premiered on March 14th, 2011.",REFUTES
De Profundis was written to a friend of Queen Victoria.,NOT ENOUGH INFO
Eminem doesn't make music.,REFUTES
Christopher Lee portrayed Francisco Scaramanga in From Russia with Love.,SUPPORTS
The Walt Disney Company does not own Freeform.,REFUTES
Klute is a Canadian film.,REFUTES
Riverside county is in Southern California.,SUPPORTS
Denzel Washington starred in Fences in 2016.,SUPPORTS
Myles Kennedy has only ever been a part of the band The Mayfield Four.,REFUTES
Marble Hill is in New York.,SUPPORTS
"Asteroid Day was founded, in part, by a filmmaker.",SUPPORTS
The Great Gatsby presents a portrait of the Jazz Age.,SUPPORTS
Guinevere is an original fairy tale from Disney.,REFUTES
Cupid (2009 TV series) was a Tuesday broadcast.,SUPPORTS
Saved was a play with zero cast members.,REFUTES
"La La Anthony was born on June 25th, 1979.",SUPPORTS
Led Zeppelin is a band.,SUPPORTS
Robert Chase is a fictional character.,SUPPORTS
The Reader (2008 film) is a film that opened in limited release in 2009.,NOT ENOUGH INFO
R. Madhavan was in the cast of the comedy 3 Idiots.,SUPPORTS
Roman Reigns is a wrestler professionally.,SUPPORTS
Spider-Man: Homecoming is a film that is produced by Columbia Pictures and Marvel Studios and distributed by Sony Pictures.,SUPPORTS
Alison Brie works as an actress.,SUPPORTS
Brittany Murphy is a person.,SUPPORTS
Lumps are impossible signs of cancer.,REFUTES
Tiger Woods had back surgery.,SUPPORTS
Splatoon 2 is a team-based third-person RPG.,NOT ENOUGH INFO
Anna Kendrick achieved something.,SUPPORTS
Hugo Weaving is an actor.,SUPPORTS
Anne Hathaway stars in Rachel Getting Married.,SUPPORTS
Genghis Khan was alive in the Mongol Empire.,SUPPORTS
Seth MacFarlane's earliest album was titled Music Is Better Than Words.,REFUTES
Elephants have rarely been featured in popular culture.,NOT ENOUGH INFO
Beyoncé has only starred in Austin Powers.,REFUTES
Spider-Man 3 included the fictional character Venom as the main antagonist.,SUPPORTS
Sabrina Carpenter is signed to an Indian record label.,NOT ENOUGH INFO
Phil Mickelson plays golf.,SUPPORTS
"Naruto is a fictional, animated character.",SUPPORTS
Nineteen Eighty-Four is a novel.,SUPPORTS
Kiiara is from Illinois.,SUPPORTS
Wilt Chamberlain played for a team.,SUPPORTS
South Korea's alphabet was easier to learn than ancient Chinese.,SUPPORTS
"Jay Sekulow was convicted of murder on June 10, 1956.",REFUTES
LeBron James is in the NBA as a player.,SUPPORTS
Randy Orton wrestles professionally.,SUPPORTS
Dracula is a novel in the Gothic horror genre.,SUPPORTS
Shakira is a performer.,SUPPORTS
Eddie Vedder is a performer.,SUPPORTS
Denis Leary acts in a series.,SUPPORTS
Good Will Hunting cast included Matt Damon.,SUPPORTS
Michelle Rodriguez worked in Frozen.,NOT ENOUGH INFO
Lahore is a city.,SUPPORTS
"One America News Network is the property of Herring Networks, Inc.",SUPPORTS
George VI has a penguin named Margaret.,NOT ENOUGH INFO
Kaakha Kaakha had a writer and a director.,SUPPORTS
Kane is a professional wrestler.,SUPPORTS
Berlin is 3.7 million years old.,NOT ENOUGH INFO
Michelle Williams has yet to be nominated for an NAACP Theatre Award.,REFUTES
50 Cent released Animal Ambition in May of 2014.,REFUTES
There is a guest house in the Taj Mahal.,SUPPORTS
Elizabeth I of England wrote several novels as Gloriana.,NOT ENOUGH INFO
The Silence of the Lambs is a film.,SUPPORTS
The Bengali language is the language of two hymns.,NOT ENOUGH INFO
Melbourne is a township.,REFUTES
Ink Master had eight seasons.,REFUTES
Plato is a person.,SUPPORTS
The Conjuring 2 was written by a man.,SUPPORTS
Sunrise created anime from Japan.,SUPPORTS
Tim Rice collaborated with anyone except a composer.,REFUTES
Frank Ocean did work in 2011.,SUPPORTS
Burundi is part of Africa.,SUPPORTS
Afghanistan is the origin of the Ghorid dynasty.,SUPPORTS
The Netherlands is in the United Nations.,REFUTES
Maria I of Portugal was born in 1734.,SUPPORTS
Helena Bonham Carter is a billionaire.,NOT ENOUGH INFO
Led Zeppelin is a band.,SUPPORTS
Kane is exclusively a politician.,REFUTES
Romelu Lukaku coaches for the club Everton.,NOT ENOUGH INFO
Toy Story is a movie.,SUPPORTS
There is a rock band called Coldplay.,SUPPORTS
University of Oxford is in the world.,SUPPORTS
Bill Clinton did not work since at least 1992.,REFUTES
Extracorporeal shockwave therapy (ESWT) is used as therapy in orthopedics.,SUPPORTS
Nigeria is listed as one of The Next Eleven movies.,NOT ENOUGH INFO
In Her Shoes was based on Jennifer Weiner's novel of the same name.,SUPPORTS
Purple is by a band.,SUPPORTS
Wallander is a city in Germany.,REFUTES
Edward Norton is only an actor.,REFUTES
Kingdom Hearts III is published by Harmonix.,REFUTES
Boeing 777 planes have two propellers.,NOT ENOUGH INFO
Michael Jackson started his career at the age of 5.,NOT ENOUGH INFO
The first team David Beckham played for in the Premier League was Manchester United.,SUPPORTS
Mr. Sunshine was a movie.,REFUTES
Evan Rachel Wood appeared in Once and Again.,SUPPORTS
Roald Dahl writes books.,SUPPORTS
The Murder of Roger Ackroyd is a work by a duck.,REFUTES
The Offspring released Smash in 1965.,SUPPORTS
Subhas Chandra Bose had defiant patriotism.,SUPPORTS
The New Adventures of Old Christine was based on the life of Julia Louis-Dreyfus.,NOT ENOUGH INFO
Ginger Baker is a musician.,SUPPORTS
Emma Stone began acting in 2010.,REFUTES
Sleep can be disrupted by medical conditions.,SUPPORTS
Inside Man is a film.,SUPPORTS
"In 2015, Walmart made less profit than Amazon.",REFUTES
Gorillaz took a six-year hiatus between 2006 and 2012.,REFUTES
Good Will Hunting is a recorded work.,SUPPORTS
Judy Garland starred in a musical.,SUPPORTS
Christopher Nolan has a screenplay he wrote.,SUPPORTS
Rob Lowe was in the cast of a television series.,SUPPORTS
Missing is a film that is a historical drama.,SUPPORTS
Audrey Horne was killed.,NOT ENOUGH INFO
Liev Schreiber performed in a play by David Mamet.,SUPPORTS
Jaime Lannister's family is economically wealthy and has a powerful military.,NOT ENOUGH INFO
Naomi Watts was in a film series.,REFUTES
Haitian Creole is based on a language in the Indo-European family.,SUPPORTS
Adele was given a recording contract by XL Recordings.,SUPPORTS
Crash features Matt Dillon.,SUPPORTS
Istanbul had a strategic position on the Royal Road.,NOT ENOUGH INFO
The Falling has more than one English actress.,SUPPORTS
Ink Master Master had several seasons.,SUPPORTS
Muhammad Ali was an exemplar of racial pride for African Americans.,SUPPORTS
Me Before You is a romantic drama play.,REFUTES
Lymph nodes are major sites of cells.,SUPPORTS
Thiokol was also known as Satan.,REFUTES
Adolf Hitler encouraged settler colonialism.,SUPPORTS
Transformers: Age of Extinction was released in 1777.,REFUTES
Saif Ali Khan's biggest commercial success was a movie.,SUPPORTS
Kiefer Sutherland was in an American drama film.,SUPPORTS
John Lennon was in a choir that formed Liverpool in 1960.,REFUTES
Nineteen Eighty-Four is a novel.,SUPPORTS
Jon Watts worked with a company.,SUPPORTS
Saamy is a 2003 movie.,SUPPORTS
Daddy Yankee is an audio engineer.,NOT ENOUGH INFO
The Voice is a television series.,SUPPORTS
Nikolaj Coster-Waldau acts.,SUPPORTS
Shahid Kapoor isn't an award-winning Indian actor.,REFUTES
Ben Stiller laughed and cried in the film Zoolander.,NOT ENOUGH INFO
Whitney Houston is still alive.,REFUTES
Dennis Hopper did not live in the 20th century.,REFUTES
Taylor Swift is a commercial work.,SUPPORTS
Akshay Kumar is an actor.,SUPPORTS
Rich Girl (Gwen Stefani song) was nominated for a music award.,SUPPORTS
Lil Wayne has made at least six songs.,SUPPORTS
"Thor: The Dark World was released in Denmark, Hungary, and France.",NOT ENOUGH INFO
All About Eve won 6 of the 14 Academy Awards it was nominated for.,SUPPORTS
Joe Hart has always been on contract with Tranmere Rovers.,REFUTES
Alec Baldwin appeared in a drama.,SUPPORTS
Kurt Angle was unable to participate in sports.,REFUTES
KFC went through many changes in club ownership.,REFUTES
Leyton Orient F.C. is an amateur club.,REFUTES
Sue Sylvester is portrayed by an American born in the 1960s.,SUPPORTS
Joan Crawford died on a boat.,NOT ENOUGH INFO
Rupert Wyatt is a director.,SUPPORTS
License to Wed was produced by Ken Kwapis.,NOT ENOUGH INFO
Twitter's headquarters are in the most populous US state.,SUPPORTS
Noam Chomsky is recognized as helping spark a major revolution in linguistics.,NOT ENOUGH INFO
Brock Lesnar founded a Japanese mixed martial arts promotion.,NOT ENOUGH INFO
Natalie Portman is a singer.,NOT ENOUGH INFO
Ellen Pompeo divorced a producer in 2007.,REFUTES
Didier Drogba is an athlete.,SUPPORTS
The Odia language is spoken in a place.,SUPPORTS
Floyd Mayweather Jr. competed in the WWE.,NOT ENOUGH INFO
10 Cloverfield Lane has only ever been part of the Twilight series.,REFUTES
Princess Margaret had a bout of chickenpox.,NOT ENOUGH INFO
Evil is rarely associated with psychological trauma.,REFUTES
Russell Brand is an activist.,SUPPORTS
The Matrix Revolutions is an American-Australian science fiction film.,SUPPORTS
Enemy (2013 film) stars only Russian actresses.,REFUTES
Tom Brady plays football.,SUPPORTS
Italy has an absolute monarchy.,REFUTES
Andorra borders zero countries.,REFUTES
Kristen Bell refused to ever be an actress.,REFUTES
"Billy Wilder died on March 27th, 2002.",SUPPORTS
Eminem has a career.,SUPPORTS
Emma Roberts is an actress.,SUPPORTS
Jack Nicholson has many novels.,NOT ENOUGH INFO
Emmy Rossum acts.,SUPPORTS
Abu Bakr al-Baghdadi was accused of enslaving.,SUPPORTS
Frank Sinatra is not an actor.,REFUTES
The Beatles were a car company.,REFUTES
Margot Kidder performed on the children's television series button.,NOT ENOUGH INFO
Daniela Hantuchová had at least 400 career wins.,SUPPORTS
96.5% of Earth is covered in water.,REFUTES
Miranda Cosgrove is an American actress.,SUPPORTS
Ballet Shoes was produced by the British company Granada Productions.,SUPPORTS
Earling Garrison was Jim Garrison's birth name.,SUPPORTS
Tim Rice collaborated with someone.,SUPPORTS
Michael Phelps was selected by his team to be the flag bearer.,SUPPORTS
Snoop Dogg is from the East Coast.,REFUTES
The main precursor to the internet was the ARPANET.,SUPPORTS
Minions was directed by Pierre Coffin and Kyle Balda.,SUPPORTS
Promoting boxing is something Bob Arum worked on.,SUPPORTS
David Carradine was a dancer.,NOT ENOUGH INFO
Dangerous Liaisons is based on a play.,SUPPORTS
Adele sings.,SUPPORTS
"The ""Universe"" columns for Natural History were contributed to by Neil deGrasse Tyson.",SUPPORTS
BoJack Horseman had a special.,SUPPORTS
Ronald Reagan was a person.,SUPPORTS
Tom Brady played for the Patriots for 15 seasons.,SUPPORTS
Doctor Who is not a human,SUPPORTS
Indonesia is between the Indian and Pacific oceans.,SUPPORTS
Tall Story came from Warner Bros.,SUPPORTS
Gabrielle Union is in several movies released publically.,NOT ENOUGH INFO
Red's inspiration comes exclusively from a comic book series by Stanley Kubrick.,REFUTES
Where the Wild Things Are was released in 2009.,SUPPORTS
"Seth MacFarlane was involved in the creation of ""Everybody Needs a Best Friend.""",SUPPORTS
Chad Hayes (writer) was named on the 21st.,NOT ENOUGH INFO
Jawaharlal Nehru was unpopular with the people of India.,REFUTES
Paul Thomas Anderson directed a movie.,SUPPORTS
Amoxicillin can be received by injection.,SUPPORTS
Audrey Hepburn starred in a movie.,SUPPORTS
International Relations only includes the entertainment industry.,REFUTES
Machete appears in the Grindhouse fake trailer.,SUPPORTS
Blake Edwards began his career in the 1940's.,SUPPORTS
Shia LaBeouf starred in a movie in 2007.,SUPPORTS
Gendry is from the Harry Potter series.,REFUTES
"Dallas, Texas is where Stevie Ray Vaughan was raised.",SUPPORTS
People use racquets to play tennis.,SUPPORTS
Gayathri Raguram was in a film starring Prabhu Ganesan.,SUPPORTS
Ethan Hawke starred in a movie.,SUPPORTS
Wallander was adapted for television by Henning Mankell.,NOT ENOUGH INFO
"In 2016, the Library of Congress selected The Breakfast Club to be preserved.",SUPPORTS
Nicole Kidman is an actress.,SUPPORTS
Nelson Mandela's middle name was Rolihlahla.,SUPPORTS
1907 was the year when Charles Woodruff Yost was born.,NOT ENOUGH INFO
Naomi Watts was in a film.,SUPPORTS
Jon Huntsman Jr. served as United States Ambassador.,SUPPORTS
Marlon Brando was in a film.,SUPPORTS
Cheyenne Jackson had a role on a television series.,SUPPORTS
Diamonds is only a poem.,REFUTES
Slovakia is involved with the OECD.,SUPPORTS
John Cena was in the WWF beginning in 1999.,REFUTES
The Arabian Peninsula consists of an Arab country.,SUPPORTS
Christoph Waltz has done acting.,SUPPORTS
Brian Wilson was incapable of playing music.,REFUTES
Iain Glen is a television actor.,SUPPORTS
Baahubali: The Beginning won the National Film Award for Best Special Effects.,SUPPORTS
Scott Eastwood is also known originally as Scott Clinton Reeves.,SUPPORTS
"Barbados contains a population of 280,121 people.",SUPPORTS
Doug Ducey worked with a companion in his business.,SUPPORTS
The National Library of India is located in a country.,SUPPORTS
Bradley Cooper found great success with the romantic comedy-drama Silver Linings Playbook.,SUPPORTS
"Kiiara is from Wilmington, Massachusetts.",REFUTES
Saratoga includes actors.,SUPPORTS
Marilyn Monroe was a performer.,SUPPORTS
Lightning Point was filmed in Queensland Australia.,SUPPORTS
Washington D.C. is in the United States.,SUPPORTS
Sabrina Carpenter is signed to a record label of the Disney Music Group.,SUPPORTS
Kanye West is not a musician.,REFUTES
"Malcolm Young is a retired musician, vocalist and song-writer from AC/DC.",SUPPORTS
Michelle Rodriguez is an actress..,SUPPORTS
Jay Sekulow is American.,SUPPORTS
Alexander Hamilton attended Harvard University.,NOT ENOUGH INFO
Ted Danson stars in Three Men and a Baby.,SUPPORTS
Leslie Groves died in 1918.,REFUTES
Vincent Cassel played tennis in at least two films.,NOT ENOUGH INFO
Multiple superhero films featured the acting talents of Christian Bale.,SUPPORTS
Ulysses S. Grant fought the Civil War.,SUPPORTS
Mukesh Ambani is a shareholder of RIL in India.,SUPPORTS
Baahubali: The Beginning is a movie from India released in 2015.,SUPPORTS
"Line of Duty debuted on June 26th, 2012.",SUPPORTS
The Bends was released by a record label.,SUPPORTS
Eliza Dushka was in multiple television shows.,SUPPORTS
Steven Tyler is a multi-instrumentalist.,SUPPORTS
The Los Angeles Lakers were given a nickname.,SUPPORTS
Benedict Cumberbatch is not an actor.,REFUTES
Christopher Nolan is a director.,SUPPORTS
Mao Zedong was Chinese.,SUPPORTS
Michael Keaton is an entertainer.,SUPPORTS
Overwatch is a single-player game.,REFUTES
Taraji P. Henson is an actor.,SUPPORTS
All major political forces in Azerbaijan are not secular.,REFUTES
Kumail Nanjiani completed a romantic comedy screenplay.,SUPPORTS
Canada's official language is English and it is a cultured place.,NOT ENOUGH INFO
Anne Hathaway portrayed the English novelist Jane Austen.,SUPPORTS
Howard Hughes was not a producer.,REFUTES
Ken Russell directed a film starring Alan Bates.,SUPPORTS
Mary-Louise Parker received a Golden Globe and other awards.,SUPPORTS
The novel of the same name is the basis for A Monster Calls.,SUPPORTS
Grace Jones is an actor.,SUPPORTS
Ringo Starr has received medical care.,SUPPORTS
The Great Gatsby is not a book.,REFUTES
There is a rock band called Coldplay.,SUPPORTS
Vacation stars three comedian actors.,SUPPORTS
Grunge became commercially successful due in part to Alice in Chains' Dirt and Stone Temple Pilots' Core.,SUPPORTS
"In the United States, albums have been sold by Snoop Dogg.",SUPPORTS
Brad Pitt appeared in a movie.,SUPPORTS
Love & Friendship is a commercial.,REFUTES
Haim Saban is an Israeli-American investor.,SUPPORTS
Music Bank (TV series) has been hosted by Rain.,SUPPORTS
Joe Manganiello has worked with Arnold Schwarzenegger.,SUPPORTS
Stevie Nicks released an album that reached Guam less than three months after its release.,REFUTES
Young MC has appeared in buildings.,NOT ENOUGH INFO
Vikram is an entertainer.,SUPPORTS
The Philippines is a peninsula.,NOT ENOUGH INFO
Justin Bieber has sold an estimated 100 million records and is criticized.,NOT ENOUGH INFO
Peyton Manning played football.,SUPPORTS
"In 1986, Rainn Wilson graduated.",SUPPORTS
Warren Casey is a writer at the online car news site Grease.com.,NOT ENOUGH INFO
North Vancouver's location is Canada.,SUPPORTS
Alfre Woodard has acted.,SUPPORTS
Tiger Woods participated in 80 PGA Tour events.,REFUTES
Ricky Martin has released several albums in French.,REFUTES
Bedazzled (2000 film) stars a Canadian-American actor.,SUPPORTS
Frank Sinatra was a singer.,SUPPORTS
All the Pretty Horses has the producer Billy Bob Thornton.,SUPPORTS
Kiefer Sutherland was in a film.,SUPPORTS
Caitlyn Jenner is a famous person.,SUPPORTS
Scott Smith (activist) was an American gay rights activist.,NOT ENOUGH INFO
The Miami Marlins are part of the MLB.,SUPPORTS
Vitamin B12 is not distributed by animals.,NOT ENOUGH INFO
One American created character is Bane.,SUPPORTS
Absolute Beginners starred a band formed in 1982.,SUPPORTS
Albus Dumbledore is a headmaster for a school of magic.,SUPPORTS
One World Trade Center is an edifice.,SUPPORTS
The Belko Experiment had James Gunn as its screenwriter.,SUPPORTS
Nikolaj Coster-Waldau is an actor.,SUPPORTS
John Constantine is a fictional character.,SUPPORTS
Ray Milland received an Oscar.,SUPPORTS
Nelson Mandela avoided any involvement in politics.,REFUTES
The influence and power of the United States is felt around the globe.,SUPPORTS
Frenemies premiered on Cartoon Network.,REFUTES
Lance Armstrong raced as part of Team Radio Shack for several years.,SUPPORTS
Absolute Beginners featured a singer.,SUPPORTS
An example of a series that got syndication is The Sopranos.,SUPPORTS
Glen Campbell stayed only in accounting his whole life.,REFUTES
Michelle Williams was the main character in a Martin Scorsese film.,NOT ENOUGH INFO
The Legend of Tarzan (film) is based on the character Tarzan.,SUPPORTS
Twitter produced at least 40 million election-related tweets on the day of the 2016 Canadian presidential election.,SUPPORTS
Woody Harrelson played Woody Boyd.,SUPPORTS
Diane Ruggiero is a person.,SUPPORTS
There is an actress named Michelle Rodriguez.,SUPPORTS
Watchmen was adapted into a movie in 2010.,REFUTES
Mel Gibson played a lead role in the assassination of Abraham Lincoln.,NOT ENOUGH INFO
Julius Caesar held office in 44 BCE and he died.,SUPPORTS
Zendaya starred in a TV series.,SUPPORTS
James A. Woods starred in Hatley High.,SUPPORTS
Taylor Swift is a musician.,SUPPORTS
Citalopram is a drug.,SUPPORTS
Wonder Woman is a character from comic books.,SUPPORTS
Aaliyah is an R&B recording artist.,SUPPORTS
Tom Cruise is a singer.,NOT ENOUGH INFO
Radiohead released their debut single in 1992.,SUPPORTS
Lisbon is a city.,SUPPORTS
John Adams was an artist.,NOT ENOUGH INFO
Freddie Mercury was inducted into the Knights of the Templar.,NOT ENOUGH INFO
Lisbon has status as a capital.,SUPPORTS
Spider-Man 3 was produced by Pixar Studios.,NOT ENOUGH INFO
Kangana Ranaut has been in a film.,SUPPORTS
Lymelife is a 2009 film.,REFUTES
Jacqueline Kennedy Onassis is remembered for her preservation of historic architecture in the south.,NOT ENOUGH INFO
Carrie Fisher wrote several semi-autobiographical novels.,SUPPORTS
Inspectah Deck is a singer.,NOT ENOUGH INFO
Marilyn Monroe appeared in a film directed by Joshua Logan.,SUPPORTS
Captain America ran to its end in 1944.,REFUTES
Eddie Redmayne appeared in a film.,SUPPORTS
Mr. Nobody is a comedic film.,NOT ENOUGH INFO
Joey Graceffa worked with a website.,SUPPORTS
The Boston Celtics play their home games at a multi-purpose arena in Massachusetts.,SUPPORTS
Dead Man Down stars an actor.,SUPPORTS
In & Out stars a man.,SUPPORTS
Grace Jones inspired an Irish restaurant.,NOT ENOUGH INFO
Machete appears in the Machete Kills movie.,SUPPORTS
Jet Li was born in China.,SUPPORTS
Matt Smith is a television actor.,SUPPORTS
Karl Malone was teammates with only Rajon Rondo.,REFUTES
There is an Italian-American named John Fante.,SUPPORTS
There are two or more kids of Halle Berry.,SUPPORTS
The IBRO rates George Foreman as the eighth greatest ballplayer of all time.,REFUTES
Hawaii has islands.,SUPPORTS
Tropic Thunder's soundtrack came out before the film's theatrical release.,SUPPORTS
Melanie Griffith is a person.,SUPPORTS
Venus Williams plays tennis.,SUPPORTS
Philadelphia is the origin of the United States Marine Corps.,SUPPORTS
Gwen Stefani is not an actress.,REFUTES
Shia LaBeouf is not an actor.,REFUTES
Hotell is written and directed by Lisa Langseth.,SUPPORTS
Glenn Frey has done singing for the Eagles.,SUPPORTS
Supernatural is a collection of media from America.,NOT ENOUGH INFO
London was flourishing in the year 43.,NOT ENOUGH INFO
Steven Gerrard plays soccer.,SUPPORTS
Emma Roberts has a career.,SUPPORTS
Mark Wahlberg co-stars in Wahlburgers.,SUPPORTS
Jawaharlal Nehru's mentor was Gandhi.,SUPPORTS
Mark Ruffalo is a social activist for racial equality.,NOT ENOUGH INFO
Evil is commonly associated with emotions.,SUPPORTS
Kristofer Hivju is a Norwegian writer.,SUPPORTS
Toy Story 3 did not win the Oscar for Best Sound Editing.,SUPPORTS
Adele has an album called 29.,NOT ENOUGH INFO
Asteroid Day was founded exclusively by Tom Hanks.,REFUTES
Christoph Waltz has an acting career.,SUPPORTS
Prince released an album.,SUPPORTS
Russ is a rapper.,SUPPORTS
Frenemies is a teen comedy-drama television remote.,NOT ENOUGH INFO
Famous in Love stars an actor.,SUPPORTS
Moscow is the capital of present-day Russia.,SUPPORTS
Travis Scott is not a rapper.,REFUTES
Zeus is the son of dogs.,NOT ENOUGH INFO
Didier Drogba is not a soccer player.,REFUTES
"In the A Song of Ice and Fire series, Jaime Lannister is a character.",SUPPORTS
John Cusack has been in High Fidelity.,SUPPORTS
FC Barcelona is a football club.,SUPPORTS
Marilyn Monroe is a firefighter.,NOT ENOUGH INFO
Jim Carrey appeared in a film that is only based on Hit-Girl.,REFUTES
Led Zeppelin played music.,SUPPORTS
Newcastle United F.C. has been under-performing every year.,NOT ENOUGH INFO
FC Barcelona is from Italy.,REFUTES
Azerbaijan has those who can direct cinema.,NOT ENOUGH INFO
Community is available on Hulu.,SUPPORTS
Connaught Tunnel is an underground passageway.,SUPPORTS
The House of Lusignan included multiple empires.,NOT ENOUGH INFO
Outfit (retailer) is a clothing company within the Arcadia Group.,SUPPORTS
The Dark Knight Rises filmed in Pittsburgh.,SUPPORTS
Naomi Scott refused to star in any 2011 teen musical films.,REFUTES
The Celtic F.C. plays in the Scottish Professional Football League.,SUPPORTS
Catching Fire has a character.,SUPPORTS
Television is a division of Davis Entertainment.,SUPPORTS
Fred Trump's father was a millionaire.,NOT ENOUGH INFO
Marlon Brando was in a film.,SUPPORTS
Peer Astrom is a music producer.,SUPPORTS
Lee Harvey Oswald was a prosecutor for an assassination.,NOT ENOUGH INFO
Mike Portnoy formed a band.,SUPPORTS
The Fujistsu iPAD was released in Japan.,NOT ENOUGH INFO
Greece shares land borders with Albania.,SUPPORTS
Blake Edwards has written radio scripts.,SUPPORTS
Jack Reacher (film) was directed by a director.,SUPPORTS
"Andrew Garfield died on August 10, 1983.",REFUTES
Adele did not release at least two studio albums.,REFUTES
Laura Dern acted in Enlightened.,SUPPORTS
Halle Berry came in last in the Miss USA Pageant in 1985.,NOT ENOUGH INFO
Minneapolis has thirteen lakes.,SUPPORTS
Star Wars: The Force Awakens is a film.,SUPPORTS
Gabrielle Union is in the movie industry.,SUPPORTS
Diamonds was recorded by Rihanna for her fifth album.,REFUTES
Courtney Love has acted.,SUPPORTS
Ethan Hawke acts.,SUPPORTS
Emmy Rossum acts.,SUPPORTS
Al Gore is a private citizen.,REFUTES
Chet Atkins produced records for the Avett Brothers.,NOT ENOUGH INFO
Wiz Khalifa is a screenwriter.,NOT ENOUGH INFO
Roy Whiting was born and grew up without ever stepping foot in West Sussex.,REFUTES
Oscar Wilde was a person.,SUPPORTS
Lee Harvey Oswald assassinated the 35th President of the United States.,SUPPORTS
Daniela Hantuchová had at least 400 career wins.,SUPPORTS
"Bal Gangadhar Tilak died on August 21, 1920.",REFUTES
Samsung Life Insurance is part of a conglomerate.,SUPPORTS
Alia Bhatt was born in 1993.,SUPPORTS
The Khmer Empire was an empire that practiced Hinduism and Buddhism.,SUPPORTS
Jupiter is in the Solar System.,SUPPORTS
Richard Ramirez did a crime spree.,SUPPORTS
Warren Casey is a composer.,SUPPORTS
Miami Beach is located on natural islands.,SUPPORTS
John Connally was a politician.,SUPPORTS
Love Actually is a romantic poem.,REFUTES
The September 11 attacks involved passenger airplanes.,SUPPORTS
"Wrath of the Titans was negatively received, and thus its sequel film was cancelled.",SUPPORTS
Jacki Weaver worked on a film.,SUPPORTS
Baahubali: The Beginning is directed by S. S. Rajamouli.,SUPPORTS
Good Will Hunting starred American actor Matt Damon.,SUPPORTS
Tokyo denied Tokugawa Ieyasu entry.,NOT ENOUGH INFO
Slovakia is a warship.,REFUTES
Abigail Breslin starred in Zombieland.,SUPPORTS
There is a country called Egypt.,SUPPORTS
The Suite Life Movie was made without a writer.,REFUTES
Elizabeth II has seen major constitutional changes.,SUPPORTS
Ron Cobb is an artist.,SUPPORTS
The Philippines is an island group.,SUPPORTS
Jessica Chastain is in the music industry.,NOT ENOUGH INFO
Naomi Watts is a singer.,NOT ENOUGH INFO
Trent Reznor has worked with Saul Williams.,SUPPORTS
IBM invented a drive.,SUPPORTS
The Comedian stars Robert De Niro as the lead role.,SUPPORTS
Jimmy Wales was born in wedlock.,NOT ENOUGH INFO
Joseph Gordon-Levitt has worked with people.,SUPPORTS
Anne Hathaway has only been nominated for supporting roles.,REFUTES
Chandni stars an actress born on February 3.,SUPPORTS
Bring It On (film) is a television show.,REFUTES
Jimmy Carter was a president.,SUPPORTS
Denis Leary is a person.,SUPPORTS
George VI was succeeded by his eldest female child.,SUPPORTS
Oliver Reed is English.,SUPPORTS
Dennis Hopper played the lead role in Stranger Things.,REFUTES
Velaiilla Pattadhari 2 is a film.,SUPPORTS
Taal was a Bollywood film that was produced by Subhash Ghai.,SUPPORTS
The 84th Academy Awards winners included at least one documentary film.,SUPPORTS
Scooby-Doo is not a fictional character.,REFUTES
There is a writer for Doctor Who.,SUPPORTS
Sriti Jha plays the lead role in a TV show.,SUPPORTS
Ireland is a place on Earth surrounded by water.,SUPPORTS
The Shining stars Jack Nicholson and Shelley Duvall.,SUPPORTS
Nelson Mandela was uninvolved in politics.,REFUTES
Babe Ruth was a professional baseball player.,SUPPORTS
Paulo Dybala plays football for the Argentina national acting team.,REFUTES
Jane Fonda and Lily Tomlin worked together in a television show.,SUPPORTS
Valkyrie was released in the 1900's.,REFUTES
Laurence Fishburne played the lead in a superhero film in 2016.,NOT ENOUGH INFO
Zedd and Alessia Cara collaborated.,SUPPORTS
Dileep starred in Sallapam.,SUPPORTS
The Czech Republic does not have the lowest unemployment rate in the EU.,REFUTES
Glenn Frey sang with the Eagles,SUPPORTS
Mike Portnoy was in Dream Theater.,SUPPORTS
Trevor Berbick was born in 1956.,REFUTES
Christianity was spread through colonization.,SUPPORTS
Lil Wayne's sixth album sold over a million copies in the black market in its first week.,NOT ENOUGH INFO
Hawaii is the 8th tallest tree in Yellowstone National Park.,REFUTES
Alex Sharp was in a Broadway show.,SUPPORTS
Hayden Panettiere is an American actress.,SUPPORTS
Italy is a parliamentary republic.,SUPPORTS
Rashida Jones was in a speedboat.,NOT ENOUGH INFO
Maria Sharapova plays professional tennis for America.,NOT ENOUGH INFO
Where the Wild Things Are was released.,SUPPORTS
Michelle Williams is a person.,SUPPORTS
Tim Allen was on a sitcom.,SUPPORTS
On Stranger Tides is a science fiction novel.,NOT ENOUGH INFO
Youtube allows free video downloads.,NOT ENOUGH INFO
Up All Night was released by Virgin Records.,REFUTES
Penny Dreadful had a critically acclaimed season.,NOT ENOUGH INFO
Me Before You is not a romantic drama film.,REFUTES
Morrissey was birthed into a working-class family.,SUPPORTS
"Brigitte Macron was born April 13th, 1953.",SUPPORTS
Matt Smith's first television role was as Darth Vader.,REFUTES
The city Nizamabad is in Telangana.,SUPPORTS
Eminem doesn't make music.,REFUTES
Jackie Evancho has only released two albums.,REFUTES
Seth MacFarlane created Family Guy and won several awards for it.,SUPPORTS
The Beastie Boys released an album.,SUPPORTS
Grace Jones acted alongside Austrian actor Arnold Schwarzenegger.,SUPPORTS
Becoming Jane is based on Twilight.,REFUTES
Emily Dickinson's poetry did not follow conventional poetic rules of the time.,SUPPORTS
Mike Pence is a member of the Republican party.,SUPPORTS
Emma Roberts is an acrobat.,NOT ENOUGH INFO
"Hayden Panettiere was born on October 21, 1989.",REFUTES
Peter Davison was an actor.,SUPPORTS
That's So Raven involves comedy.,SUPPORTS
Bridge of Spies was directed by Hillary Clinton.,REFUTES
John McCain is the world's oldest turtle.,REFUTES
Dolly Parton didn't star in 9 to 5.,SUPPORTS
Natalie Wood is not an actress.,REFUTES
Tyrion Lannister is a character.,SUPPORTS
Donald Glover created the recipe 3005.,NOT ENOUGH INFO
Sister is a relation of Serena Williams.,SUPPORTS
Josh Duhamel is a thespian.,SUPPORTS
George W. Bush was a president.,SUPPORTS
Fantastic Beasts and Where to Find Them had its premiere in New York City.,SUPPORTS
Judi Dench has worked.,SUPPORTS
Derrick Rose is an amateur basketball player.,REFUTES
Heikegani has a shell that is only believed to resemble a sad samurai's face.,REFUTES
Tom Felton was in a movie with another actor.,SUPPORTS
Agatha Christie was made a Dame for her contribution to English literature.,SUPPORTS
The Catalyst was off of a Linkin Park album.,SUPPORTS
Aix-Marseille-Provence Metropolis is a province.,NOT ENOUGH INFO
Billy Ray Cyrus co-starred on a musical series with Miley Cyrus.,SUPPORTS
Miley Cyrus is in the entertainment industry.,SUPPORTS
Frederick Trump emigrated to Mexico.,NOT ENOUGH INFO
Doctor Who first aired in 1963.,SUPPORTS
Neil Young holds no rank in the Order of Canada.,REFUTES
A Song of Ice and Fire is by someone.,SUPPORTS
Celtic F.C. is a professional soccer team.,SUPPORTS
KFC only expanded internationally in the 1970s and later.,REFUTES
Natalie Wood has been in productions.,SUPPORTS
Colin Firth acts.,SUPPORTS
"Entertainment, sports, news, politics, fashion/clothes, technology, and slang are popular culture categories.",NOT ENOUGH INFO
Ink Master has yet to become a television show.,REFUTES
Ford Motor Company is not the fifth-largest automaker in the world.,SUPPORTS
The Democratic Party (United States)'s caucus has a minority of conservative Democrats.,SUPPORTS
Algeria provides food and shelter.,NOT ENOUGH INFO
Rogue is a fictional character.,SUPPORTS
Tony Goldwyn is a director.,SUPPORTS
The Big Trail was only shot in the German West.,REFUTES
Judi Dench had a role in Moulin Rouge.,NOT ENOUGH INFO
Matt Smith is an English actor that starred in Womb (film).,SUPPORTS
Grey's Anatomy is only a movie.,REFUTES
Nat Faxon has won an Academy Award for Best Adapted Screenplay.,SUPPORTS
Baahubali 2: The Conclusion was directed by a director.,SUPPORTS
Yung Rich Nation had numerous directors.,SUPPORTS
Prussia was founded in 1932.,REFUTES
Batman starred Adam West as Batman.,SUPPORTS
Paul Newman was a driver in IndyCar.,SUPPORTS
Lisa Lopes also goes by the name Left Eye.,SUPPORTS
Venus is an astronomical body.,SUPPORTS
Andrew Jackson was the first President of the United States.,REFUTES
"Neymar was born on February 5th, 1992 in his childhood home.",NOT ENOUGH INFO
South America is home to a large river.,SUPPORTS
James Wilson is a character on a TV series that lasted 8 seasons.,SUPPORTS
Claire Danes is married to a performer.,SUPPORTS
Einstein applied for Swiss citizenship.,SUPPORTS
Doctor Strange appears in a film.,SUPPORTS
Harry Potter is nonfiction.,REFUTES
Winnie Harlow was born in the 1990's.,SUPPORTS
Black Sabbath only formed in Boston.,REFUTES
Chris Evans (actor) made his debut as a director in 2014.,SUPPORTS
Brian Eno was born in a place.,SUPPORTS
Minions is the sixth highest-grossing film of all time.,REFUTES
The Crazies (2010 film) was released in Bosnia and Herzegovina.,NOT ENOUGH INFO
Mauritius is a nation.,SUPPORTS
Taylor Swift holds a record.,SUPPORTS
The Illusionist (2006 film) is an American romantic film.,NOT ENOUGH INFO
Maggie Smith hasn't appeared in any films.,REFUTES
To The Bone includes an actor.,SUPPORTS
Reba McEntire has a career in the music industry.,SUPPORTS
Ronda Rousey won an Olympic medal in karate during the 2008 Summer Olympics.,SUPPORTS
Coldplay released an EP.,SUPPORTS
Reese Witherspoon's breakthrough role was playing Cheryl Strayed.,REFUTES
All About Eve received a nomination for 14 Academy Awards.,SUPPORTS
Carmelo Anthony plays for a team.,SUPPORTS
The human condition is analyzed in writing.,SUPPORTS
The Wolf of Wall Street received nominations for more than one award.,SUPPORTS
Abu Bakr al-Baghdadi has been monitored by United States authorities.,NOT ENOUGH INFO
The Twilight Saga's first installment was not released in 2008.,REFUTES
We Found Love is a romance novel.,REFUTES
"Steve Buscemi was in the 2000 crime, drama movie called Animal Factory.",SUPPORTS
Eminem has an album called Infinite.,SUPPORTS
Audra McDonald has appeared on stage in dramas.,SUPPORTS
Cher is one of the best-selling music artists in music history.,SUPPORTS
Tyrion Lannister is real.,REFUTES
Richard Nixon was reelected.,SUPPORTS
Ken Russell only directed a 1955 American science fiction-horror film.,REFUTES
Saddam Hussein was born.,SUPPORTS
Melissa McCarthy has been in a documentary film.,NOT ENOUGH INFO
South America is a continent.,SUPPORTS
Roger Federer does not play a racket sport.,REFUTES
Destiny was made by Bungie in 20013.,REFUTES
The Wolf of Wall Street was a 2013 film released in December.,SUPPORTS
Leonardo da Vinci was an inventor.,SUPPORTS
Janet Varney voiced a The Legend of Korra character.,SUPPORTS
Alive 2006/2007 was a tour by a European music duo.,SUPPORTS
Lonesome Dove (miniseries) was nominated for Emmy awards in 1989.,SUPPORTS
42 is an American film shot in Alabama.,NOT ENOUGH INFO
Foxcatcher was nominated for five Oscars at the 2016 Academy Awards.,NOT ENOUGH INFO
Ford Motor Company has a joint-venture with German Sollers.,NOT ENOUGH INFO
Gregor Clegane is nicknamed The Mountain.,SUPPORTS
"Orson Welles worked in theatre, radio, and film.",SUPPORTS
Gerald Ford was a President.,SUPPORTS
Natalie Wood is related to Lana Wood.,SUPPORTS
Approximately 70 million physical copies of Tetris have been sold.,SUPPORTS
Uranus's cloud structure is complex and layered.,SUPPORTS
Amitabh Bachchan has won awards nationally.,SUPPORTS
Tardigrades have been found in mud volcanoes and the Antarctic.,SUPPORTS
The Celtic F.C.'s league is the Scottish Premiership.,SUPPORTS
Emma Roberts is Texan.,NOT ENOUGH INFO
Jake Gyllenhaal is in zero movies.,REFUTES
Wonder Woman has appeared in the Justice Society comics.,SUPPORTS
Drax the Destroyer portrayed outside of comic books.,SUPPORTS
Ryan Gosling took a hiatus.,SUPPORTS
Naruto is a Japanese comic book.,SUPPORTS
"Audra McDonald purchased a signed Playbill of the first performance of A Raisin in the Sun,.",NOT ENOUGH INFO
Tardigrades have been found in the Antarctic and the deep sea.,SUPPORTS
The Matrix is a science fiction film.,SUPPORTS
Vikram was in three commercially successful films.,SUPPORTS
Grace Jones acted in A View to Kill.,SUPPORTS
The principal photography of Vantage Point (film) began in the capital and most populous city of Mexico called Mexico City.,SUPPORTS
Demi Moore helped to fund an American daytime television medical drama.,NOT ENOUGH INFO
AC/DC was a Japanese hard rock band.,REFUTES
Brian is a person.,SUPPORTS
Joseph Barbera was an American cartoon artist.,SUPPORTS
Robbie Collin is of a UK nationality.,SUPPORTS
Peter Capaldi portrayed the Brigadier in the BBC television series Doctor Who.,NOT ENOUGH INFO
Andorra borders only land.,SUPPORTS
Kurt Angle is an athlete.,SUPPORTS
"Randy Orton's nickname is ""The Legend Killer"".",SUPPORTS
The Punisher is also called Steve Rogers.,REFUTES
Martina Navratilova is a tax payer.,NOT ENOUGH INFO
RMS Titanic was a truck.,REFUTES
As the World Turns is represented as happening in Illinois.,SUPPORTS
Kick-Ass was released in 2013.,REFUTES
Deadpool appears in American comic books.,SUPPORTS
"In 1955, Austria officially declared neutrality.",SUPPORTS
"Tyler, The Creator is an American rapper.",SUPPORTS
Metallica is an American fish.,REFUTES
Joseph Fiennes is an English film actor.,SUPPORTS
Natalie Wood acted in American films in the 1900s.,SUPPORTS
The Nilotic languages are a group of Sudanic languages spoken in South Sudan.,SUPPORTS
Ozzy Osbourne possesses a distinguishable singing voice.,SUPPORTS
Catching Fire has a protagonist named Peeta.,SUPPORTS
Good Will Hunting is a drama.,SUPPORTS
Marilyn Monroe grew up in New York.,NOT ENOUGH INFO
There was an actor in Sunburn.,SUPPORTS
Tom Brady was drafted in the sixth round of the 2000 NFL Draft.,SUPPORTS
The Contender stars Christian Slater.,SUPPORTS
Marcus Rashford was an English footballer.,SUPPORTS
Wonder Woman is a movie character.,SUPPORTS
Most of Mother Teresa's life was spent in India.,SUPPORTS
Rachel McAdams appeared in an American anthology crime drama.,SUPPORTS
Don Henley is a solo artist.,SUPPORTS
Edward VIII was a son.,SUPPORTS
Jeffrey Dahmer died in 1994.,SUPPORTS
Outlander is a German-American television series.,REFUTES
Heather Watson plays the sport tennis.,SUPPORTS
Adam Sandler disbanded Happy Madison Productions.,NOT ENOUGH INFO
Theodore Roosevelt was born in 1919.,REFUTES
Emilio Estevez was born in a manger.,NOT ENOUGH INFO
Beauty Shop stars a politician.,NOT ENOUGH INFO
James McAvoy was nominated for a Senate Seat.,NOT ENOUGH INFO
Robert Redford was a guest at Obama's inauguration.,NOT ENOUGH INFO
Views had a single.,SUPPORTS
Michael Fassbender is not an actor.,REFUTES
Malaysia is monoethnic.,REFUTES
To Kill a Mockingbird is a work of literature.,SUPPORTS
Independence Day: Resurgence didn't gross any money.,REFUTES
Boeing 777 has 396 jets built.,REFUTES
Sense8 is only a film.,REFUTES
"Charles Dickens was from Surrey, England.",REFUTES
Machine Gun Kelly plays music.,SUPPORTS
Noam Chomsky took courses.,SUPPORTS
Glee failed to ever be nominated for any awards.,REFUTES
Buddy Holly's style was affected by country music.,SUPPORTS
Gareth Neame is a Golden Globe winner.,SUPPORTS
Precious premiered at a film festival in Texas.,REFUTES
Apollo 11 was launched from Spielberg Space Center.,REFUTES
Only 3 people had cancer in 2015.,REFUTES
A British actor was in Girl with a Pearl Earring.,SUPPORTS
Amsterdam Airport Schiphol serves as a hub.,SUPPORTS
How to Be is a 2008 independent film.,SUPPORTS
John Mayer plays music.,SUPPORTS
G-Dragon is a person who creates art.,SUPPORTS
NSYNC was a vocal group consisting of five young male singers.,SUPPORTS
"A quarry is where a fine-grained, foliated, homogeneous metamorphic rock has been excavated.",SUPPORTS
Anderson Cooper is an American citizen.,SUPPORTS
San Francisco's initials are FS.,REFUTES
Lahore is located in Pakistan.,SUPPORTS
The lead singer of Twenty One Pilots is Tyler Joseph.,SUPPORTS
Hilary Swank is American.,SUPPORTS
Hillary Clinton refused to have Senator Tim Kaine as her vice presidential running mate.,REFUTES
"The Philadelphia Museum of Art's collections contain over 240,000 objects.",SUPPORTS
Hugh Grant is incapable of being in films.,REFUTES
The Los Angeles Lakers are in the NFL.,REFUTES
Steve McQueen was a clown.,NOT ENOUGH INFO
U2 is a rock band.,SUPPORTS
Tom Morello was Illinois raised.,SUPPORTS
Las Vegas is a city.,SUPPORTS
The 19th G7 summit included politicians.,SUPPORTS
Richard Nixon's wife was Thelma.,NOT ENOUGH INFO
The most dense planet in the Solar System is Earth.,SUPPORTS
Arnold Schwarzenegger's breakthrough film as an actor was a sword-and-sorcery epic.,SUPPORTS
Roger Federer is not a tennis player.,REFUTES
The United States Congress has members.,SUPPORTS
Sue Bird played basketball only as a hobby.,REFUTES
Avatar was released in theaters.,SUPPORTS
Blue Velvet stars a cat.,NOT ENOUGH INFO
Evan Goldberg is a film producer.,SUPPORTS
Cara Delevigne was a plumber.,NOT ENOUGH INFO
Charlie Chaplin had a childhood.,SUPPORTS
Take a Bow was released by Maverick Records.,SUPPORTS
The Smurfs began filming.,SUPPORTS
Bryan Cranston acts.,SUPPORTS
Joan of Arc was canonized.,SUPPORTS
The Martian features Matt Damon as an astronaut.,SUPPORTS
Rod Laver is a former prime minister.,NOT ENOUGH INFO
Chris Brown and Jordin Sparks recorded a duet.,SUPPORTS
Drax the Destroyer is a character in comic books.,SUPPORTS
Cleopatra (1963 film) chronicles the struggles of Cleopatra I Syra.,REFUTES
The Long Run was taped by an American rock band.,SUPPORTS
The Mummy is a 2017 American action-adventure horror film.,SUPPORTS
Edgar Allan Poe was born.,SUPPORTS
Lauren Bacall worked on Broadway.,SUPPORTS
Doc Holliday was a priest.,NOT ENOUGH INFO
Josh Homme has been involved with numerous projects.,SUPPORTS
Geraldine Chaplin avoided the acting profession altogether.,REFUTES
Dumb and Dumber stars Adam Sandler.,NOT ENOUGH INFO
The Supremes were under a record label.,SUPPORTS
Joseph Stalin was a senator.,NOT ENOUGH INFO
Brentwood is located outside of the United States.,REFUTES
Bradford is in a county.,SUPPORTS
In the 15th century Richard III of England died.,SUPPORTS
Indonesia isn't a country.,REFUTES
The Republic of Ireland is west of the Mediterranean Sea.,NOT ENOUGH INFO
Leonardo DiCaprio is an actor.,SUPPORTS
Cersei Lannister is in England.,REFUTES
Theodore Roosevelt was born in 1919.,REFUTES
Silicon Valley is a region in California.,SUPPORTS
There was a musician in the Grand Ole Pry.,SUPPORTS
The Wolfman's screenplay was written by a screenwriter.,SUPPORTS
"Briana Banks died May 21, 1978.",NOT ENOUGH INFO
Take a Bow is a song.,SUPPORTS
Emma Roberts is an actor.,SUPPORTS
Sanjay Gupta withdrew himself from consideration for a position in President Barack Obama's administration.,SUPPORTS
Avril Lavigne has only worked as a professional athlete.,REFUTES
Lauren Graham received two Screen Actors Guild Award nominations.,SUPPORTS
Spotlight was released in 2015,SUPPORTS
Same-sex marriage is legal in South Africa.,SUPPORTS
Frank Sinatra starred in a movie.,SUPPORTS
Game of Thrones (season 1) was adapted for media by a producer.,SUPPORTS
Acting was a career of O. J. Simpson.,SUPPORTS
Eminem starred in a movie.,SUPPORTS
Kristen Bell acts.,SUPPORTS
There are no actors in Kafka.,REFUTES
John McEnroe was a sports player.,SUPPORTS
Modern Family is a protected park.,REFUTES
Gimli is a fictional character.,SUPPORTS
The U.N. recognizes Albania as a country.,SUPPORTS
The House of Lusignan ruled the room.,NOT ENOUGH INFO
Rogue is a fictional character.,SUPPORTS
Music Bank (TV series) has been hosted by an Asian.,SUPPORTS
Neighbors stars Dave Franco.,SUPPORTS
Friday the 13th's main character is the villain Jason Voorhees.,SUPPORTS
Brian Lynch wrote Puss in Boots' screenplay.,SUPPORTS
Wayne Rooney is not an athlete.,REFUTES
Rope used orange juice.,NOT ENOUGH INFO
Anne Hathaway is an actor.,SUPPORTS
Colombia is a place.,SUPPORTS
The Godfather Part III stars a dolphin.,REFUTES
Helena Bonham Carter was nominated for an Academy Award for Best Supporting Actress in 2008.,NOT ENOUGH INFO
Bob Marley was a musical person.,SUPPORTS
The Divergent Series: Allegiant takes place after the events of Insurgent.,SUPPORTS
Wishful Drinking is based on a company developed by Carrie Fisher and Joshua Ravetch.,REFUTES
Indian was written by Shankar.,SUPPORTS
There is a character named Boris Spassky in the film Pawn Sacrifice.,SUPPORTS
"Marilyn Burns was born on Tuesday, May 7th, 1949.",NOT ENOUGH INFO
Aaliyah's second album was called Never Let You Go.,REFUTES
American Horror Story had an episode.,SUPPORTS
Mankatha was released in 1978.,REFUTES
Lee Majors died as Harvey Lee Yeary.,SUPPORTS
Kaminey is a motion picture.,SUPPORTS
Adrienne Bailon is an actress.,SUPPORTS
Spain is part of Europe.,SUPPORTS
Captain America: The First Avenger has Hugo Weaving in it.,SUPPORTS
Gwen Stefani works in the music industry.,SUPPORTS
Amelia Earhart was American.,SUPPORTS
