label,claim
half-true,Large parts of Florida have experienced years of below average rainfall.
false,A study of private bail bond systems showed that Wisconsin has a higher no-show rate than other states of defendants skipping court appearances.
half-true,"Hillary Clinton was against setting a deadline for withdrawal, but now she wants a ""precipitous withdrawal"" regardless of ""conditions on the ground"" or ""consequences of a defeat for the United States,"" an RNC radio ad."
mostly-true,Ted Cruz is mathematically out of winning the race.
true,More black babies are aborted in NYC than born.
mostly-true,Says Mitt Romney flip-flopped on gun control.
half-true,"In the fall of 2009, only 21 percent of Texas high school graduates enrolled in a four-year public university."
true,Health care premiums for consumers have doubled since 2001.
mostly-true,Says more than eight countries lead the United States in the percentage of college graduates.
true,"The cost to implement Florida's class size amendment so far has been ""$16 billion."""
barely-true,"(Big banks) have invested over $300,000 in (Joe Heck), and Heck has sponsored $44 million dollars in tax breaks for banks."
barely-true,We were promised. The president said we would keep unemployment under 8.5 percent (if the stimulus passed).
pants-fire,Says Kurt Schrader supports Obamas sequester but wont cut $1.6 million to fund new video games.
half-true,The GOP budget plan would cut nearly a million jobs.
mostly-true,Providence graduation rates are up.
pants-fire,"Mercury is used in vaccines, and there is no safe level of mercury."
barely-true,"In Rhode Island, 9 percent of workers use the states temporary disability insurance program each year while in New Jersey, the rate is only 3 percent."
half-true,There is no precedent for what the Democrats are doing with this deception. ... We have never written a reconciliation bill to amend a law that does not exist.
mostly-true,We will not ask for a tax increase to run city government.
barely-true,"Now, in the House of Representatives, we have 40 different jobs bills that have passed and almost all of them have been bipartisan."
mostly-true,"Says David Rivera received a $5,000 campaign contribution from Congressman Spencer Bachus, who is currently under House Ethics investigation for insider trading."
half-true,"As a state rep, I was considered the fourth-most conservative in the Legislature.	states	rick-green			republican	0	1	1	0	0	a speech
2552.json	mostly-true	Rand Paul wants us to pay $2,000 just to get Medicare.	health-care,medicare,message-machine	jack-conway	Kentucky Attorney General	Kentucky	democrat	0	1	0	2	0	a campaign commercial
9353.json	mostly-true	Says Hillary Clinton opposed an individual mandate and favored an employer mandate back in 1993.	health-care,public-health	bobby-jindal	Governor of Louisiana	Louisiana	republican	0	1	4	4	0	an op-ed for Politico Magazine
9577.json	mostly-true	There are more than 46 million Americans living in poverty today -- the largest number in 54 years.	medicaid,poverty	kirk-cox	House majority leader	Virginia	republican	0	0	0	1	0	a speech.
4318.json	half-true	Since I introduced my budget -- first budget -- in March of 2010, weve created 50,000 new private-sector jobs for the people of this state.	jobs,state-budget	chris-christie	Governor of New Jersey	New Jersey	republican	10	17	27	19	8	a news conference in Belmar 
9864.json	mostly-true	Scott Walker cut school funding more per student than any governor in America.	children,education,message-machine-2014,state-budget,states,taxes	greater-wisconsin-political-fund		Wisconsin	none	3	3	3	1	1	a TV ad
8243.json	true	Says he would be first CPA to serve as Texas comptroller.	state-finances	raul-torres	Accountant, politician	Texas	republican	0	0	0	0	0	a campaign video
13500.json	mostly-true	On Donald Trumps plan to cut federal funding to sanctuary cities, because of a decision by the Supreme Court, no presidents in a position to cut off funding across the board. It has to be very specific to the matter at hand.	city-budget,county-budget,federal-budget,homeland-security,immigration,state-budget	bill-de-blasio	New York City Mayor	New York	democrat	1	0	0	1	0	a WNYC interview
9854.json	false	Thomas Jefferson said, That government is best which governs the least, because its people discipline themselves.	elections	jody-hice			republican	0	1	0	0	0	a Facebook post
7737.json	barely-true	Proposed gun control legislation will outlaw practically every firearm, make you pay $100 per firearm, put you into a police database and make it nearly impossible to get a permit to carry a concealed weapon.	crime,criminal-justice,government-regulation,guns,market-regulation	ed-doyle	administrator, Rhode Island chapter, Gun Rights Across America.	Rhode Island	activist	1	0	0	0	0	a news release and Facebook post
12293.json	barely-true	Says Donald Trump thinks a grown man pretending to be a woman (should) be allowed to use the womens restroom.	candidates-biography,corrections-and-updates,gays-and-lesbians,campaign-advertising	ted-cruz	Senator	Texas	republican	36	33	15	19	8	an attack ad
457.json	half-true	McCain has voted repeatedly at least six times against funding for global HIV/AIDS, malaria and TB fund, once as one of only 14 senators."""
false,Says Virginia economic development officials decided they didnt want to bid on his companys electric automobile plant.
true,"Since 2009, Georgias public schools have lost nearly 9,000 classroom teachers while the number of students has gone up."
pants-fire,The fact is voter fraud is rampant.
barely-true,"In June, jobless ranks were higher in nearly 90 percent of U.S. cities."
barely-true,Rhode Island is one of the worst states for income equality.
mostly-true,Congress will begin its recess without having allocated one penny to fight Zika.
mostly-true,Says Milwaukee County Parks director Sue Black has not received a pay raise in five years.
barely-true,"Says Tammy Baldwin introduced a bill that would require doctors and other health care workers to ask patients, including young children, whether they are gay, lesbian, bisexual, or if they know their gender identity."
half-true,"Under my predecessor, they cut funding for education, but they didnt give them anything in return to make up for that, leading to less money for school districts"
false,The health bill's plan for comparative effectiveness research would be used by the government to ration care.
half-true,Weve had a dramatic drop in violent crime since this law (stand your ground) has been in effect.
half-true,We caught (the Texas Commission on Environmental Quality) lying to us about the results of air quality studies in the Barnett Shale.
false,We will be the first party to elect a bald guy to governor.
half-true,"Says his office has already recovered over $2 billion from Wall Street for the workers, retirees, and investors who were harmed."
half-true,We have SAT scores lower than that of Alabama.
barely-true,Gene Green is the NRAs favorite Democrat in Congress. ... Its no wonder the congressman has a lifetime A rating from the NRA.
true,Governor Carcieri has not been campaigning with me.
false,A defense bill includes language that would require military hospitals to provide abortions on demand.
mostly-true,President Barack Obama has deported more people in his first year in office than George W. Bush in his last year in office.
half-true,One state even spent a million bucks to put up signs that advertise that they were spending on the federal stimulus projects.
false,"The Obama administration ""was successful in rushing a massive spending bill through Congress in just two days after which it sat on the president's desk for three days, while he was away on vacation."""
barely-true,Senate Democrats who left the state for weeks to delay a vote on union bargaining power exercised a Wisconsin filibuster provided by the states constitution.
mostly-true,"The average fast food worker is 29, and most fast food workers are on some form of public assistance."
mostly-true,Oil money from federal leases can only be used to clean up the mess and damages from drilling.
mostly-true,Large phone companies and their trade association have hired 35 registered lobbyists to influence and pass SB 271 (deregulation legislation).
pants-fire,Our numbers are going up at the airport.
pants-fire,I asked (then-Secretary of State Condoleezza Rice) how many people had died and she did not know the answer to that question.
barely-true,Says Barack Obamas favorability rating in Israel once clocked in at 4 percent.
half-true,The Affordable Care Act is bringing the cost of health care in our country down.
mostly-true,"In America, we pay, by far, the highest prices in the world for prescription drugs."
mostly-true,There are 4.7 percent of Virginians who are minimum wage earners who are over 25 years of age working full-time and trying to raise a family.
mostly-true,"Barack Obama is ""the only candidate who doesn't take a dime from oil company PACs or lobbyists."""
barely-true,"We have a goal of 10 percent of [City of Providence] contracts going to women and minority businesses. In reality, less than 1 percent of contracts go to women and minority businesses."
pants-fire,"Says Reps. Rush Holt, Frank Pallone and Bill Pascrell are willing to jeopardize seniors access to coverage by gutting $741 billion from Medicare to pay for a big-government healthcare takeover."
barely-true,I have always been focused on reining in the deficit.
half-true,The poverty rates in America today arent much better than when we started the War on Poverty.
barely-true,The projected $1.8 billion state budget shortfall for 2015-17 actually comes from an assumption based on zero growth. That just doesnt happen.
false,Do you know that we have pipes carrying natural gas in this country that are made of wood? Im not joking.
mostly-true,Eighty percent of the antibiotics in this country are fed to livestock.
pants-fire,"Although the governor doubled the beach fees . . . all the money, as we found out, is all going to an out-of-state company. The state isnt even getting the money for that."
false,We import more oil today than ever before.
true,"Right now, here in Texas, wind power is already cheaper than dirty fossil fuels."
mostly-true,Says Mitt Romney has flip-flopped on his support for President Reagans policies.
half-true,Says Romney said we should ask Pakistan for permission to take a shot at Osama bin Laden.
true,The Dallas Cowboys cant put a sticker on their helmets for the 5 police officers who were killed.
false,Says Bruce Starr broke the law by letting lobbyists wine and dine him in Maui.
barely-true,Tampa Bay isleading the state in jobs creation.
half-true,Al Franken said almost exactly what Trump said about John McCains military record.
half-true,Says Marshawn Lynch is second all-time in terms of average yards per rush only to Terrell Davis.
half-true,We went from a $5.6 trillion surplus that George Bush inherited to over ... $11-plus trillion debt when George Bush left office.
pants-fire,President Barack Obama met with Iranian president Hassan Rouhani.
half-true,Says restoring Georgia pre-k to a 180-day program was a real result of his leadership.
true,Virginia is the only state that has a tradition of attorneys general resigning if they run for governor.
true,Georgias unemployment rate has exceeded the national rate for 50 consecutive months.
true,Seventy percent of Americans dont have a college degree.
barely-true,The Social Security trust fund is already facing imminent bankruptcy.
barely-true,There is no Plan B if the transportation referendum is not passed by voters.
true,Webster sponsored a bill to create a form of marriage that would trap women in abusive relationships.
false,Says a Sanders campaign ad never said ... a newspaper endorsed us that did not.
false,Says Austin is the largest city in the U.S. without nonstop flights to Europe.
half-true,"By 12th grade, more than 3 out of 10 girls have been pregnant at least once."
pants-fire,"Says President Barack Obama told a room of students, Children, every time I clap my hands together, a child in America dies from gun violence, and then a child told him he could solve the problem by not clapping any more."
false,Not a single segment of the proposed Beltline intersects the MARTA system at MARTA stations.
pants-fire,Says Wendys founder Dave Thomas left the state literally on his deathbed to avoid the estate tax.
true,The minimum number of infrastructure (needs) in Atlanta is $900 million.
false,"He was offered medical care for his injuries if he would give up military information in return. John McCain said, 'No.' "
false,"The U.S. gives foreign aid to Cuba and Venezuela, even though those countries are our enemies."
barely-true,Says an EPA permit languished under Strickland but his new EPA director got it done in two days.
false,Says Kay Hagan supports waivers for friends of Obama and special treatment for Congress and their staffs.
barely-true,Says Donald Trump is against minimum wage.
mostly-true,Says Rick Scott gave a deposition in which he invoked the Fifth Amendment 75 times about his dealings as head of Columbia/HCA hospital chain
mostly-true,"Theres at least 7,500 addicted gamblers in Rhode Island, at least, it could be as high as 22,000."
pants-fire,Says President Obama has waived the work requirement for welfare.
barely-true,Says Rep. Ken Legler voted against installing fire sprinklers and emergency power generators in nursing homes.
false,"Says Clackamas County Measure 3-401 will hurt our county, cripple economic growth, and increase our taxes with excessive special elections."
mostly-true,Twenty-six men named William have been elected to statewide office and only seven women have had the honor.
true,Most Texans aren't millionaires.
half-true,Says Barack Obama and Hillary Clinton are responsible for leading America into a deal that will arm Iran.
half-true,Says Hillary Clinton isunder investigation with the FBI right now.
mostly-true,Were 49th in the United States in new businesses created.
barely-true,Says the Department of Defense changed its definitions of al-Qaeda and the Taliban making it so almost anybody can be loosely associated with the groups.
false,My husband and I have never gotten a penny of money from the farm.
pants-fire,Says the hospital listed on Barack Obamas just-publicized long-form birth certificate denies the president was born there.
false,Says Every legislative district in the state has at least one craft brewery and countless home brewers.
false,Says President Barack Obama is the first president weve ever had who thinks he can choose which laws to enforce and which laws to ignore.
false,Non-defense discretionary spending has increased by over 80 percent in the last two years.
barely-true,"Wisconsins criminal threshold for drunken-driving is way out of line with states surrounding us, which have the second offense as a felony."
true,"If you take the population growth here in Virginia, we are net zero on job creation since (Bob McDonnell) became governor."
mostly-true,Dave Brat worked on Democrat Gov. Tim Kaines Council of Economic Advisors while Kaine tried to raise our taxes by over $1 billion.
half-true,"Says a gun bill before the Senate would make it a federal felony to leave town for more than seven days, and leave someone else at home with your firearms."
false,On raising taxes.
pants-fire,The health care reform bill -- on Page 16 -- outlaws private insurance.
half-true,Says she will work to raise the federal minimum wage back to the highest level its ever been $12 an hour in todays dollars.
true,"Florida unemployment has dropped more than 2 percentage points, down from 12 percent to 9.9 percent, the second-largest drop in the nation."
false,Four members of the Rhode Island General Assembly went to vote in 2010 and were told they had already voted.
half-true,"The new beverage tax will increase the cost of sodas, juice drinks, sports drinks, iced teas, and flavored water up to 50%."
false,Says 70 percent of Virginias Medicaid cost is for seniors in nursing homes.
mostly-true,We have the highest corporate income tax in the world right now.
false,Says Bernie Sanders opposes requiring all children to have a K-12 education.
mostly-true,Congressman Phil Roe hands out $1.3M government check from a federal program that he voted against.
half-true,95 percent of teachers and principals are not implicated in the [Atlanta Public Schools cheating scandal] report at all.
true,"Some Republicans who voted against the stimulus ""have been all too happy to claim credit for Recovery Act projects and the jobs those projects have produced. They come to the ribbon cuttings."""
barely-true,"There are not, nor have there ever been, any boycotts encouraged by our organizations."
false,"If we went back to the obesity rates that existed back in the 1980s, the Medicare system over several years could save as much as a trillion dollars."
half-true,"As the CEO of eBay, ""Whitman started a separate division that only sells porn."""
false,"Welcome to Wisconsin road signs have always been made in Wisconsin,but Scott Walker is outsourcing themto an out-of-state company and paying more money for them."
half-true,George LeMieux voted against the majority of Republicans and joined with Democrats to create a Task Force For Responsible Fiscal Action that looks strikingly similar to the Super Committee now being set up in Washington to justify massive tax hikes.
false,"Says as we sit right now, Medicare, if we do nothing, will be gone in eight years, if we do nothing to it."
mostly-true,"Twenty-three million Americans suffer from addiction, but only 1 in 10 get treatment."
mostly-true,Says Rob Portman said the auto rescue was a lousy deal for Ohio.
barely-true,A proposed U.S. Labor Department rule for children working on farms would even ban youth from operating a battery-powered screwdriver or a pressurized garden hose.
half-true,Says under U.S. Sen. Robert Menendezs watch the nations unemployment rate and debt doubled and the federal budget deficit quadrupled.
true,Obamacare was patterned after (Mitt Romneys) plan in Massachusetts.
false,Says Gov. Rick Scott is spending a quarter of a million of our tax dollars to robocall people.
barely-true,Says he signed legislation leading to 12 Texas abortion clinics being closed.
pants-fire,"A report in Navy Times said that 7.3 percent of Army, Navy and Marines have thought about attempting suicide."
mostly-true,"This is the first time a party has picked up multiple seats during a regular election since the mid 1980s, making this the largest majority of any party in more than 25 years."
mostly-true,Health insurance is more expensive in Massachusetts than anywhere else in the country.
false,"Responding to a major snow event in Atlanta would be like Kansas City, Mo., responding to a major earthquake."
false,ISIS is making millions of dollars a week selling Libyan oil.
mostly-true,State agencies have not identified one single instance where groundwater has been damaged due to hydraulic fracking.
half-true,Says Mitt Romneys plan calls for a $5 trillion tax cut.
true,It is legal in Ohio to fire an employee or evict a tenant just for being gay.
half-true,Deepwaters own testimony . . . is they said theyll create six jobs.
mostly-true,No family earns too much to qualify for Oregon Healthy Kids program.
half-true,We [the city of Atlanta] are overbuilt on housing.
false,A judges order means theres a Constitution exemption zone if you live within 100 miles of the United States border.
false,On repealing the 17th Amendment
mostly-true,Weve outdrawn the Super Bowl for a little while now in the arenas and stadiums that weve followed them in for the Super Bowl. Weve gone in after [the NFL] and surpassed their ticket sales.
mostly-true,"Rhode Island has the second highest per enrollee (Medicaid) cost of any state in the country, which is 60 percent higher than the national average."
barely-true,Says his free public university tuition program is paid for by a tax on Wall Streets speculation.
barely-true,"Gov. McAuliffes budget would raid school, other $$ 4 Obamacare in VA."
half-true,I have now put out all of my emails.
mostly-true,"He received ""A"" ratings from ""every conservative organization that gives ratings."""
mostly-true,"Just about everyone everywhere is spending more hours on the job, less time with their families, bringing home smaller and smaller paychecks, while theyre paying more and more at the gas pump and the grocery stores."
pants-fire,Says Wisconsin Gov. Scott Walker eliminated cancer screenings for uninsured women and offered no alternatives.
true,"Nearly half of Hispanic voters in Arizona's last election supported four measures that were ""very tough on illegal immigration."""
true,"Brazil built a $300 million stadium in the Amazon rainforest that is only going to be used for four World Cup games, and theres no team that can fill it afterwards."
pants-fire,Portland Schools spend $500K to deem PBJ sandwiches racist.
true,"At least Obama didn't marry his cousin, as Giuliani did."
true,Then-Sen. Barack Obama refused to raise the debt ceiling because he said President Bush had failed in leadership.
mostly-true,Georgia had the worst job losses in state history under GOP watch.
true,A white family is likely to have about six times as much wealth than a black or Hispanic family coming out of the recession.
false,The health care law adds around $800 billion of taxes on the American people. It does not discriminate between rich and poor.
false,"Says that with President Obamas re-election, state and federal income tax rates for some taxpayers will rise to roughly 65 percent."
half-true,Greg Abbott was charged with overseeing the state cancer research fund. But he let his wealthiest donors take tens of millions of taxpayer dollars without proper oversight. They showered Abbott with gifts and free vacations.
mostly-true,"For NATO exercises, we dont have enough of our own hardware and equipment even for training purposes. So the Britsare spotting us choppers."
pants-fire,"Under Obama's budget plan, families making over $250,000 are going to lose their mortgage deduction, their charitable deductions."
mostly-true,Says a university survey concluded his Massachusetts administration had more women in senior leadership positions than any other state in America.
barely-true,About 30 percent of those released from Guantanamo have re-entered the fight.
barely-true,U.S. Sen. Lindsey Graham says South Carolina has a labor shortage and wants more immigration.
false,The crime rate in some Atlanta neighborhoods has dropped by 35 to 51 percent.
true,"Says Scott Walker wants to make abortion illegal, even in cases of rape, incest or to protect the life of the mother."
true,SaysBernie Sanders has reversed his position on immunity for gun manufacturers and sellers.
false,Some of the wealthiest Americans are African-American now.
true,Four (maybe five) Latinos have served on the Austin City Council.
half-true,"Its a good sign for Obamacare that in California, the proportion of kids who are signing up is the proportion of kids in the population."
true,Theres no correlation between primary turnout and wins in the fall in the last 11 elections.
true,The Republican presidential nominee hasnt won women since 1988.
false,"The downsizing of Pinellas County government resulted in about 1,200 people being laid off in a 12 percent unemployment market. I can tell you that every one of them was hired from the time that Ms. Latvala went into office in 2000."
mostly-true,"Hillary Clinton agrees with John McCain ""by voting to give George Bush the benefit of the doubt on Iran."""
mostly-true,The governor does not have any power to veto a referendum [on same-sex marriage] that would be a constitutional amendment.
barely-true,"Were $15 trillion now in debt, with a president thats racked up as much debt as almost all of the other presidents combined."
barely-true,"Compared to President Obama,President Reagan rushed home from Santa Barbara vacation, from the Reagan ranch when the Korean jetliner was shot out of the air by the Russians."
barely-true,"The Manchin-Toomey amendment would have criminalized certain private transfers of firearms between honest citizens, requiring lifelong friends, neighbors and some family members to get government approval."
pants-fire,School children can earn higher grades by studying Islam under a new nationwide Muslim outreach program announced by President Barack Obama.
half-true,The Republican Party lost 1.1 million registered voters since 2008. The Democratic Party lost 1.2 million registered voters (while) voter registration in the Libertarian Party rose 8 percent.
half-true,Her campaign and her supporters in her campaign were the ones that borne out the birther movement.
false,"On whether he supports 'Don't Ask, Don't Tell.'"
mostly-true,"Under Mary Burkes leadership, Commerce Department business-incentive programs had major shortcomings and 40 percent of jobs...didnt materialize."
barely-true,America is one of the highest-taxed nations in the world.
false,Common Core expects English teachers to spend at least half of their reading instructional time at every grade level on informational texts.
true,"Hillary Clinton ""starts off with 47 percent of the country against her."""
pants-fire,Says he was exonerated in every single case in 1990s ethics violations charges.
barely-true,"Says Barack Obama endorsed a total ban on the manufacture, sale and possession of all handguns."
barely-true,"We spend in tax loopholes annually $1.1 trillion. Thats more than we spend on our defense budget in a year, on Medicare or Medicaid in a year."
half-true,"Says that like Todd Akin, all Texas Republicans in U.S. House cosponsored a bill that attempts to distinguish between forcible rape and other sexual assaults."
false,Supreme Court nominee Merrick Garland voted to uphold D.C.s ban on handguns.
half-true,Says New Jersey is losing 50 football fields of open space to development every day and the more we develop upstream the more flooding we have downstream.
false,There have been 30 published polls in this election cycle and Harry Reids been trailing in every single one.
barely-true,Newt Gingrichs presidential campaign has exactly the same challenges as Ronald Reagans successful 1980 bid.
half-true,Says Paul Ryan wants to cut Pell Grant scholarships for nearly 10 million students.
mostly-true,"The Great Lakes Compact has a loophole. And the loophole is that while you cannot remove the water in a big transport, you can remove it in containers of 5.7 gallons or less."
half-true,"There are only four countries in the world that ... legalize abortion after five months -- China, North Korea, Canada and the U.S."
true,Toledo Mayor Mike Bell (once) lost his job as a firefighter because his city ran out of money.
mostly-true,We bailed out Johnson Controls when we saved the auto industry and now they want to avoid paying taxes.
half-true,Says India gained jobs thanks to Romney.
false,Says Mitt Romneys campaign has already spent more on negative ads than John McCain did during his entire presidential run.
barely-true,Californias proposed tobacco tax diverts 82 percent of the new taxes to line the pockets of wealthy special interests like insurance companies who dont have to help even one more patient.
false,On whether President Obamas speeches to school children spread socialist ideology.
mostly-true,Pinnacle Overlook in Southwest Virginia is closer to eight other state capitals than to Richmond.
false,On support for gay marriage
true,"If you tried to pay out $1 trillion by handing it out at $1 per second, it would take more than 31,000 years."
pants-fire,Says Obama sent $450 million to China to build a wind farm in Texas.
half-true,"The DeWine campaign is receiving money from so many more people.(Cordrays) money is coming almost exclusively from the party, labor unions, and special counsel that he has given business to."
false,Says that you cant destroy the guns purchased in a (gun) buyback program as the city (of Memphis) wants to do.
barely-true,The tax burden on Virginia families was lower under Tim Kaine than under George Allen.
mostly-true,"Says the 2010-11 New Hampshire budget ended with an $18 million surplus, while the Republican-led 2012-13 budget has a $40 million deficit."
pants-fire,Says Texas retained the right to have a navy when it joined the United States.
barely-true,Congress and President Obama have accumulated more debt since he took office than the total amount of debt accumulated during the first 200 years of the United States existence.
barely-true,Says the estate tax is a threat to family farms.
mostly-true,McCain lobbied for (a) $10-million pork project honoring conservative justice.
true,(I) helped to invent a system that saved over a billion dollars on welfare.
mostly-true,"More than 32,000 Americans lose their lives to gun violence each year."
barely-true,Says Will Hurd said a border-long U.S.-Mexico wall absolutely makes sense.
mostly-true,Undocumented workers crossing the border right now is at a 12-year low.
true,You can fill out your tax return in Estonia online in five minutes.
half-true,Our president has labeled Americans as soft.
true,"When these [undocumented] students graduate from college, theyre still illegal aliens. They cannot get a job."
half-true,The health care reform law offset[s] 6 years of benefits with 10 years of tax increases.
barely-true,I brought down crime more than anyone in this country -- maybe in the history of this country -- while I was mayor of New York City. -
half-true,"One of the interesting things about the Recovery Act was most of the projects came in under budget, faster than expected, because theres just not a lot of work there."
half-true,"First, he (Obama) opposed the surge. Then he confidently predicted that it would fail. Then he tried to prevent funding for the troops who carried out the surge."
half-true,Says the United States is in the worst recovery from an economic recession since World War II.
true,We know that every 85 visitors create one Florida job.
mostly-true,About 70 percentof Republicans nationwide ...dont think Donald Trump is the right guy to take on Hillary Clinton in November.
mostly-true,"Every 10th dollar spent by the Social Security Administration on its program for the poor is waste, or fraud, they cant validate that the people should have gotten it, totaling about $8 billion a year."
barely-true,"Children are crossing the border because President Barack Obama said if you come, youre going to be able to stay, because were not going to enforce the law."
half-true,"For each $1 billion in infrastructure investment, 42,000 jobs are created."
false,"Despite what you may have heard about Wisconsins finances, Wisconsin is on track to have a budget surplus this year."
half-true,Says Kelly Ayotte stands with the Washington gun lobby. They fund her campaigns.
barely-true,"A DWI costs $17,000."
false,Says Democratic Party created Planned Parenthood
mostly-true,Creating 25 jobs in Umatilla County has the same impact as 500 jobs in the metro region.
mostly-true,Donald Trump called the military that I served in a disaster.
barely-true,Says a Barack Obama black imposter joke got a standing ovation at San Angelo rodeo.
true,Polls show that 96 percent of New Jerseyans and 95 percent of gun households in the state support expanding background checks to keep guns away from those who shouldnt have them.
true,Members of Congress did not have three days to read the bill when the stimulus was rushed into law.
mostly-true,We got the highest vote count in the history of the Republican Party.
mostly-true,"By 2006, the American people were overwhelmingly against the Iraq War."
half-true,Barack Obama ended up getting re-elected by the largest gender gap in the history of American elections.
false,The Department of Energys Billion Ton Study has shown that wind and solar energy combined could at best provide only 5 percent of our total energy needs.
mostly-true,$65 billion would be added to the deficit if we keep the cuts for people on the highest incomes.
mostly-true,"Given how expansive our program already was, expanding Medicaid in New Jersey due to Obamacare was a relatively small expansion."
mostly-true,"We went from losing 3 million jobs in the last six months of the Bush Administration, adding almost 600,000 private sector jobs in the first six months of the year."
false,Funding the federal health care law without a tax hike will require the state to cut nearly a quarter of its annual budget.
mostly-true,Over half of the black workers in this country earn less than $15 an hour.
pants-fire,Says President Ronald Reagan had a month of job creation of 1 million.
true,Sen. Obama has always had a 100 percent prochoice rating.
mostly-true,We have one of the highest percentages per capita of nonprofits in this state of any state in the union.
half-true,"While our people work longer hours for lower wages, almost all new income goes to the top 1 percent."
false,Says George Norcross said the TAKEOVER OF RUTGER$ CAMDEN WILL COST NEW JER$EY BILLION$.
barely-true,We actually have not required in this law that you carry health insurance.
mostly-true,I was filibustered.
barely-true,Says state Sen. Alberta Darling is allowing mercury to harm our children because she voted against an electronics recycling bill.
half-true,"Gov. (Pat) McCrory took $500,000 directly out of the disaster relief fund. And you know what its for? House Bill 2."
true,No member of the American public has ever been killed by commercial nuclear power a record unmatched by other fuels.
mostly-true,"Says Vladimir Putin once said, The breakup of the Soviet Union was the greatest geopolitical tragedy of the 20th century."
true,"In 2011, the average annual compensation for a teacher in the Milwaukee Public Schools system will exceed $100,000."
true,America is No. 1one in oil and gas.
true,Georgia has led the nation in student fatalities caused by motorists illegally passing stopped school buses.
pants-fire,Says Bruce Braley took tens of thousands from his friends in the health insurance industry and gave them special favors by voting for Obamacare.
true,We spend more per student than almost any other major country in the world.
true, ... following World War II war crime trials were convened. The Japanese were tried and convicted and hung for war crimes committed against American POWs. Among those charges for which they were convicted was waterboarding.
pants-fire,Gov. Scott Walker hired convicted Assembly Speaker Scott Jensen to oversee a raid on the state employee retirement system to help balance the state budget.
true,Washington has incentivized the militarization of local police precincts.
mostly-true,"While Romney was a director of the Damon Corporation, the company was defrauding Medicare of millions."
mostly-true,Our crime rate continues to plummet.
pants-fire,"We dont know anything about Hillary in terms of religion. Now, shes been in the public eye for years and years, and yet theres no theres nothing out there."
true,The property appraisers budget is $1 million less today than when I took office 16 years ago.
half-true,"For more than 80 years, there has not been a nomination and confirmation of a Supreme Court Justice in a presidential election year. This is simply not the time to break with decades of bipartisan practice."
half-true,The latest Quinnipiac poll found that nearly six-in-ten Americans oppose ObamaCare -- 30% support the law and 57% oppose it.
false,There was some sort of informal commitment to build a (psychiatric) building in downtown Cleveland.
false,Says Wisconsin state Senate President Michael Elllis (R-Neenah) broke Senate rules during debate on a photo ID bill for voters.
true,Says a highway was closed in El Paso because of bullets flying across the border.
barely-true,Amanda Murphy has two vacation homes around the world.
false,Texans eat more catfish than residents of all other states combined.
true,"President Obama budget request for veterans ismore than double the amount in constant dollars appropriated in 1980, when the veterans population was larger by a third."
half-true,"The federal government has $3 trillion in cash flow, so we can pay our bills and wont default."
pants-fire,Says the Democrats told the Catholic Church that theyll use federal powers to shut down church charities and hospitals if the church doesnt change its beliefs.
barely-true,We have been confronted with an unexpected storm that has hit the metropolitan area.
true,"Electric car sales in Georgia have dropped dramatically since a $5,000 tax credit was eliminated and a $200 annual registration fee was imposed July 1."
false,Martin Luther King was a Republican.
half-true,"Since the first of the year, 153 businesses at last count had moved out of California to Texas."
barely-true,"Sources show (Connie) Mack as a resident of California, living with his wife in Palm Springs."
half-true,Says Donald Trump says organized crime runs wild on reservations.
true,The entire state of Florida led the nation last year with the most prison inmates committing tax fraud.
true,"The Obama administration notified Poland and the Czech Republic about cancellation of major missile-defense facilities ""at the last minute in midnight phone calls."""
mostly-true,The IRS doesnt have to prove something against you ... youve got the burden of proof.
barely-true,"The financial services bill will end ""too-big-to-fail."""
barely-true,Mr. Warren compared same-sex couples to incest.
false,"If you give guns to gangs, you can get out of jail free, if (Californias Proposition 57) passes. If you do a drive-by shooting, you can get out of jail free, if Proposition 57 passes. If you discharge guns on a school yard, you can get out of jail free."
mostly-true,"Texas has 600,000 registered voters who dont have the kind of photo ID needed to vote."
mostly-true,"When President Obama took office, we were losing 700,000 jobs a month. Now weve had job growth, I think, for 24 consecutive months."
mostly-true,"Says Donald Trump was one of the people who rooted for the housing crisis. He said back in 2006, Gee, I hope it does collapse because then I can go in and buy some and make some money."
mostly-true,"Says DonaldTrump proposes tax cuts, too -- $3 trillion for millionaires like himself and $2 trillion for corporations like his."
barely-true,More 25- to 34-year-olds are moving to Austin than any other city in America.
false,Signs letter saying Consumer Product Safety Commission is acting without consultation or input from the company to stop the sale of Buckyballs.
false,Says the U.S. Senate has passed a budget over the last three years called the Budget Control Act.
mostly-true,55 percent of the people who cast a provisional ballot (in Florida) in the last presidential election -- their vote did not count.
true,"Says a poll shows that without a name attached, Democrats are just one point behind Gov. John Kasich."
true,Says Kelly Ayotte voted again yesterday against a proposal to expand background checks -- (buyers) can continue to simply go online or to gun shows to purchase guns without background checks.
mostly-true,"The presidents party always gets shellacked in midterms. Its only twice, 1934 and 2002, that the presidents party actually gained in both the House and the Senate."
mostly-true,"Says that when he first ran for office in the late 1980s, there were still folks who didnt have phone service. Soon Id helped ensure that everyone in North Florida could access a dial tone."
true,I'm for a three-state political solution in Iraq. (Romney) is not.
half-true,"Boeing is building a brand new 747 Air Force One for future presidents, but costs are out of control, more than $4 billion. Cancel order!"
barely-true,"In 2009, his first year as mayor, Julin Castro received a seven-figure referral fee that smells like a dirty financial gift from notorious personal injury lawyer Mikal Watts, a major Obama donor."
mostly-true,Says Travis Countys unemployment rate is below the national average while its poverty rate exceeds the national average--and local poverty is rising.
true,Says Oregon ranks 30th in the nation with regard to its incarceration rate.
false,Rep. Robert Hurt voted again today to end Medicare and raise health care costs for Virginia seniors.
half-true,"Says Marco Rubio went on Univision, and in Spanish he promised that he would not on the first day in office rescind President Obamas illegal executive action."
half-true,Says Rick Perrys proposal on driver licenses and high school dropouts has been state law since 1989.
barely-true,Red light camera installed to promote public safety.
pants-fire,"The stimulus bill ""didnt create one new job."""
barely-true,Gonzales losing campaign against me last spring was funded with more than $1 million from supporters and allies of Governor Bruce Rauner.
mostly-true,70 percent of Americans believe that we are on the wrong path.
half-true,"Since the president became the president, we have lost 3.3 million jobs in the private sector. But you know whos done OK and whos not complaining today? The public sector. Weve gained 590,000 public sector jobs."
mostly-true,"Quite frankly, it was during the Bush years of spending, multiplied now by the Obama years that we have this mess."
barely-true,North Carolina spent almost as much as it spends on government rape crisis programs in a year to convene a special session for HB2.
half-true,U.S. Senate candidate Michelle Nunn has avoided taking a stand on Obamacare.
false,"He (Obama) has done several things well. Most of those things are places where he changed his view from where he had during the campaign. So, for instance, he's left our troops in Iraq and they're being more successful there. He boosted our effort in Afghanistan, which is the right course to take. He did not close Guantanamo, thank heavens."
half-true,David Perdue said hed raise taxes.
true,Six justices on the U.S. Supreme Court have been confirmed in presidential election years since 1912.
false,On high-speed rail.
true,"In July 1996, Mitt Romney helped locate the missing teenage daughter of a partner at Bain Capital."
barely-true,Claims Joe Biden said coal is more dangerous than terrorists.
barely-true,"A ""massive"" federal computer network will make your medical records available to ""millions of people"" with a ""complete lack of privacy and confidentiality,"" while doctors and hospitals who don't take part face ""stiff penalties."""
half-true,"During Sherrod Browns past decade as a D.C. politician, more than one out of every four jobs that has left America, left from Ohio. ... Sherrod Brown will own these horrendous Ohio job numbers next year."
false,Says Hillary Clinton wants to raise taxes on African-American owned businesses to as much as nearly 50 percent more than theyre paying now.
true,Twenty-two million jobs were created during Clintons two terms but only 3 million during Bushs.
false,Says new figures he released showing Wisconsin job gains for 2011 are the final job numbers.
pants-fire,"Obama thinks the national anthem should be ""I'd Like to Teach the World to Sing."""
half-true,Houston suffered $1.7 billion in operating losses under Mayor Bill White.
true,The House has never failed to pass a budget in the modern era.
false,"Says that in 41 states, government workers are better paid than the taxpayers who support them."
pants-fire,Congressman McCollum voted to dismantle Social Security.
false,"In the primary election, a right-wing group spent more than $100,000,000 to support Supreme Court Justice Rebecca Bradley."
half-true,"For every dollar we put in unemployment, it pays back about $1.60."
barely-true,The Green Bay Packers are a socialist organization.
true,Owen in MA vs. Owen in RI Advantage:Rhode Island.
half-true,Alabamians havent changed their opinion on same-sex marriage since voting to ban it in 2006.
barely-true,"About 750,000 people die in China each year from auto emissions."
barely-true,"The failed economic policies of President Barack Obama, the Democrats and the Federal Reserve are making gas prices higher while Americas economy is running on fumes."
true,"Says if elected, he would be the first Mayor who lives east of 82nd."
true,Palin (proposed) a $150 bounty for the severed foreleg of each killed wolf.
true,There are actually half a million fewer government employees now than there were when (President Barack) Obama took office.
mostly-true,"This year, the Blackstone Valley Mayoral Academy became the first public school in Rhode Island history to have 100 percent of its elementary-age students proficient in reading on state assessments."
true,One out of 10 minimum-wage workers in the U.S. live in Texas.
pants-fire,"Of every three dollars in food stamps for the needy, seven dollars in salaries and pensions (go to) the bureaucrats who are supposed to be taking care of the poor."
false,"It was found unconstitutional to drug test elected officials because it prevents us, as citizens, from having that First Amendment right."
true,"Senator Obama has, in fact, never had a serious Republican challenger."
half-true,"Georgia has lost 14 percent of its jobs paying more than $50,000 a year and added 15 percent to its Medicaid rolls during the recovery."
true,"The top 1 percent of income earners pay 40 percent of all state income taxes, and those at the bottom pay little or nothing."
true,Senator Webb was a reliable vote for President Obama and Senator Harry Reid.
pants-fire,Facebook has unveiled new rules to stop their users from creatingposts related in any way to religion.
true,Several elected state officials have opened their homes to children in need of loving families.
barely-true,"Just like Hillary Clinton, Russ Feingold had a run-in with corruption and scandal by using a personal slush fund -- a.k.a. the Feingold Foundation -- while plotting another run for U.S. Senate."
mostly-true,"Gov. Rick Perry spent over a million dollars on D.C. lobbyists asking for more federal money and lives in a luxury house that costs taxpayers $10,000 a month."
half-true,Jennifer Carrolls an outsider.
half-true,"If you look at what weve done over the last several years, the crime rate has actually gone down in [Providence] and . . . the number of shootings has been going down."
half-true,We have cut taxes more than 40 times in four years.
pants-fire,The U.S. military is at risk of losing its military superiority because our Navy is smaller than its been since 1917. Our Air Force is smaller and older than any time since 1947.
true,"Congressman Ryan has secured a grand total of $116,838,763 to date (for the Mahoning Valley) and has an additional $27,095,000 pending in FY2010 spending bills."
mostly-true,Kendrick Meek is the only candidate who has consistently been against expanded drilling.
mostly-true,Obama unilaterally announced he was delaying employer mandate through a blog post by a mid-level bureaucrat at the Department of Treasury.
false,Says Marco Rubio said that felons should not have their voting rights restored but that convicted felons should be allowed to own guns after they have done their time.
half-true,"Since President Obama took office, over 88,000 Ohio workers have lost their jobs."
mostly-true,We put a lid on Irans nuclear program without firing a single shot.
false,President Obamas health-care law will add trillions of dollars in debt.
mostly-true,"On average, Americans spend less than 10 percent of their disposable income on food. Compare that to folks in Mexico, who spend 22 percent, China, 28 percent and Russia, 37 percent."
true,"If you already have health insurance through your job, or Medicare, or Medicaid, or the VA, nothing in this plan will require you or your employer to change the coverage or the doctor you have."
mostly-true,A foreclosure tax that would take effect in 2013 could mean a high tax bill for those facing foreclosure and millions of families who modified their mortgage or had a short sale through their lender.
false,The average age of first marijuana use is 12.
false,"It costs us, logistically, three times more to fight in Afghanistan than it does in any other place."
mostly-true,The federal health care law raises taxes and cuts Medicare.
half-true,I havent raised taxes in the time Ive been the governor of New Jersey.
false,"Since 1965, the United States has spent untold trillions yet the poverty rate hasnt budged."
pants-fire,That 59 divisions in Philly had no votes for Romney in 2012 is (a) mathematical and statistical impossibility.
false,A proposed immigration bill will bankrupt Georgia if passed.
half-true,On changing the rules governing judicial conflicts of interest
false,Says Mahmoud Ahmadinejad said that if he has a nuclear weapon he will use it to wipe Israel off the face of the earth. He will use it against the United States of America.
false,Canadian-born Ted Cruz has had a double passport.
true,"If it is enacted, the Senate immigration bill is going to make the Border Patrol bigger than the FBI -- you could put one agent every 250 feet."
false,Tampa is the strip club capital of the world.
mostly-true,Says Rick Scotts proposal for election reform only mandates 48 hours of early voting.
barely-true,"The United States can immediately tap a domestic energy resource of more than 1.5 trillion barrels of oil, six times more than Saudi Arabia."
half-true,"Says that according to many reports and even our own data, the state of Texas spent more through Medicaid on orthodontia than all other states combined."
false,Florida students take an array of standardized high stakes tests which eat up as much as 45 school days per year.
false,78702 is the second-most gentrified ZIP code in the entire country.
false,Says in Newark were paying 80 percent of the school budget from local property taxes.
true,Congress is bewildered at the scope and reach of our spying apparatus but in 2008 and 2012 explicitly rejected an amendment calling for more disclosure.
barely-true,"When LBJ started#WarOnPoverty, 14% of Americans lived in poverty. 50 yrs later, 14% still do. Theres a #BetterWay."
mostly-true,"In 31 states, decent child care costs more than college tuition."
barely-true,Says Obama has doubled the stock market from where we started when he was sworn into office
true,New England already has access to ample supplies of natural gas.
true,Says President Franklin Delano Roosevelt felt there wasnt a need in the public sector to have collective bargaining because the government is the people.
half-true,"Says Paul Ryan supports banning all abortions, even in cases of rape or incest."
false,"Gov. Rick Scott tried to kick 180,000 people off the voter rolls."
false,"Obama ""remains silent"" and ""is never asked how he feels about his church honoring Farrakhan."""
false,Says Donald Trumps polling numbers show that hes the highest with Hispanics that any Republican has ever been.
half-true,"On the economic crisis, ""the biggest problem in this whole process was the deregulation of the financial system."""
pants-fire,"Says Ted Cruz said, There is no place for gays or atheists in my America. None. Our Constitution makes that clear."
half-true,Says Measures 82 and 83 authorize just one more casino.
barely-true,"Under New York Mayor Bill de Blasio, homicides are up by 20 percent, and subway delays have soared 45 percent."
false,The stimulus has $30 million in there to protect mice in San Francisco.
false,"Tonight in Ohio, more people came out to vote for Barack Obama in an unopposed race than voted for (Mitt) Romney and (Rick) Santorum combined."
barely-true,Every major newspaper in Texas calls David Dewhurst a moderate.
true,"A report by the health insurance industry ""ignores some of the key policies that are part of the Senate Finance Committee bill."""
mostly-true,The top one-tenth of 1 percent now owns almost as much wealth as the bottom 90 percent.
mostly-true,"Rick Perry attempted to fast-track unnecessary coal-fired power plants, which degrade air quality and would cost billions. Fortunately, a court stopped him."
barely-true,"TheCBO saysthe cost of health care reform will rise to $1.8 trillion, increasing the price to far greater than the $900 billion originallyprojected."
false,You don't even have to go outside Obama's campaign to find advisers who are anti-Israel.
false,Says Mitt Romney would deny gay people the right to adopt children.
true,Says GOP recall challenger Kim Simac was delinquent paying her property taxes eight of the last nine years.
false,We didnt have a development director for over seven months.
mostly-true,"Right now one of our highest job growth sectors is Leisure and Hospitality. Weve added jobs that mostly fall within the restaurant and bar sector industry. These are not high-paying jobs, as the U.S. Department of Labor estimates this is an industry sector with the lowest average wages and the lowest proportion of its workforce earning minimum or subminimum wage jobs."
true,"Tim Kaine, as governor, proposed tax increases on people earning as little as $17,000."
true,Northern Virginia is the most heavily trafficked place in the country.
mostly-true,Closing our states wage gap would make a $9 billion difference to Missouri women.
false,"Twitter, Google and Facebook are burying the FBI criminal investigation of Clinton. Very dishonest media!"
barely-true,The Senate version of the health care reform bill allows taxpayer money to pay directly for abortion in federal community health centers funded in the bill.
mostly-true,Nearly 90% of Travis County government races will be settled by the time of the Democratic primary.
false,"When I was speaker, we had four consecutive balanced budgets."
false,"Our jobless rate, our unemployment rate, is the lowest of all of the big cities in New Jersey."
barely-true,Barack Obama and Hillary Clinton have left us with $19 trillion in debt.
true,"When I served as City Commissioner, we made great strides we successfully fought for, and won, adding women and people of color to the Fire Bureau."
barely-true,Says we allow more people into America legally than all other countries on the planet combined.
half-true,"Says Mark Zandi, who wrote a report criticizing Donald Trumps economic proposals, is one of Sen. John McCains former economic advisers."
true,On how to respond to Puerto Ricos debt crisis.
half-true,The number of killings of citizens by police is at a two-decade high.
false,Medicare passed with virtually no Republican support.
half-true,"Enacting the Right-to-Carry Act would amount to expanding the rights of sex offenders, terrorists, child predators, and abusers to carry concealed weapons across state lines."
half-true,The United States still ranks 20th in the world in access to broadband -- over 50 percent below the best nations.
half-true,"Says Amanda Fritz publicly claimed to be endorsed by NARAL Pro-Choice Oregon, both on her website and in the voters guide."
mostly-true,"Says allowing the payroll tax holiday to expire would end up costing another estimated 900,000 jobs in 2012."
true,"As Dane County executive, Kathleen Falk raised property taxes by millions of dollars every year and approved the second highest increase in the state in 2010."
barely-true,"Bill Gunter would drain millions from local public schools, and give our tax dollars to private, for-profit schools run by out-of-state corporations."
barely-true,Republicans dont think its a good idea to make the child care tax credit stronger.
false,A $250 fine if youre caught with a plastic bag coming out of a store. Plastic bag police anyone?
half-true,"Because of Gov. Scott Walkers budgeting, a greater percentage of general fund tax dollars is going to pay off debt than ever before in our history."
false,"In Cranston, it costs $5,000 to $6,000 to send out community notifications on just one Level 3 sex offender."
false,Says library district would come at no direct cost to the city budget.
mostly-true,I committed to public financing; (Obama) committed to public financing.
barely-true,"Roy Barnes is part of the team that has run up trillions of dollars in debt that Americans will spend years paying off, and theyve done it without creating one job."
half-true,Says Illinois gubernatorial candidate Bill Bradys first priority after winning the primary was to sponsor a bill that would mass-euthanize sheltered dogs and cats in gas chambers.
true,The Senate health care bill does not contain limits on medical malpractice lawsuits.
pants-fire,Says Bill White is refusing to debate.
false,Says Obama was in New York City the same day as Israeli Prime Minister Benjamin Netanyahu but went on a TV show instead of meeting with him.
true,"Two years ago...I wrote to Secretary Paulson, I wrote to Federal Reserve Chairman Bernanke, and told them [subprime lending] is something we have to deal with."
mostly-true,[E]xcise tax increases drive commerce across state lines.
barely-true,Health insurance and medical costs are going down because of Obamacare.
false,Drilling for oil on the Outer Continental Shelf and in parts of Alaska will immediately reduce our dangerous dependence on foreign oil.
false,Were the only system of federalism in the world.
half-true,Texas is the fastest growing state with the most Fortune 500 companies.
false,David Dewhurst has never once cut one penny from the state budget.
half-true,"Federal law for Obamacare navigators does not bar or even require screening for convicted felons, including individuals convicted of identity theft or fraud."
barely-true,"When asked about bills in Congress important to the North Country, Derrick responded I just dont know enough about it."
half-true,A provision of the Senate immigration bill would require you to have government permission to get a second job.
mostly-true,The Castro regime violated international norms by secretly shipping weapons to North Korea in violation of a U.N. embargo.
pants-fire,"Says Sheldon Whitehouse said on Senate floor: Everybody in Rhode Island who disagrees with me about Obamacare is an Aryan, is a white supremacist."
false,Says Ted Cruz is a supporter of legalizing people that are in this country illegally and proposed giving them work permits.
true,90% of Americans want national background checks that close loopholes.
half-true,Says Virginia saved $300 million by rebidding a Metrorail construction project to exclude guaranteed union contracts.
half-true,I have won more elections than any chairman since 1938.
false,"It's just outrageous that under President Bush, the National Institutes of Health have been basically decreased in funding."
false,Says the Annies List political group supports third-trimester abortions on demand.
barely-true,"President Obama promised families making less than $250,000 a year would not see taxes go up, but Obamacare raises 18 different taxes."
mostly-true,A majority of Americans still oppose this health care bill.
mostly-true,We've heard talk about curbing our use of fossil fuels in nearly every State of the Union address since the oil embargo of 1973.
half-true,ISIS is in 32 countries.
half-true,"Last year it was discovered that Rhode Islands public employees ranked 4th in average pay, while the private sector ranked 23rd."
false,"On the Iraq war, I said it loud and clear, Youll destabilize the Middle East."
mostly-true,The Common Core was not put together by the Department of Education in Washington. It was put together by governors and by states.
half-true,"Floridas high school graduation rates continue to increase at the fastest rate in the nation, with Florida leading the nation in the rate of Hispanic graduates."
mostly-true,The largest U.S. companies would owe $620 billion in U.S. taxes on the cash they store in tax havens.
barely-true,"The economic impact of new Atlanta Braves stadium includes 9,241 new jobs and $295 million in wages."
false,"The departments of Commerce, Education and Energy and the EPA saw their spending increase by between 130 percent and 219 percent between 2008 and 2010."
true,Fulton County has successfully reduced the number of pregnancies among 15- to 19-year-olds.
barely-true,The (border) fence is now basically complete.
half-true,"Says administrator salaries were increased, but other school employees were left behind."
mostly-true,Says Hillary Clinton helped get done the Childrens Health Insurance Program.
true,Things went wrong with the Medicare prescription D plan that George Bush rolled out.
barely-true,Bill McCollum diverted a state plane to his home 53 times. A state auditor called it: likely a misuse of state resources.
false,The federal health care law is probably the biggest tax increase ever in the history of our country.
mostly-true,Says GOP primary opponents Glenn Grothman and Joe Leibham cast a compromise vote that cost $788 million in higher electricity costs.
barely-true,An 11-year-old girl was investigated by the FBI and had to pay a $500 federal criminal fine because she found an injured woodpecker and put it in a cage to make sure that the bird was OK.
half-true,"Barack Obama ""said in 2004 there was no difference between (Obama) and George Bush on the war."""
pants-fire,"Rick Perry thinks injecting 11- and 12-year-old girls with a controversial drug (the HPV vaccine), without a parents consent, is a good idea."
barely-true,Scott Walker supported the same transportation bill hes attacking me for. He said at the time it would save the taxpayers money.
false,The new health care law crushes small businesses with billions in penalties.
true,Wisconsin is dead last in income growth among midwestern states during Gov. Scott Walkers term.
false,"After not having any foreign trade offices overseas for the past decade, New Jersey opened offices in Shanghai and London in the past six months, and has seen an 18 percent increase in exports."
mostly-true,This census is also the shortest and least intrusive count in modern history.
half-true,On bringing casino gambling and other gaming to Georgia
barely-true,Says Governor-elect Scott Walkers choice as transition team leader killed the release of a damaging report on Walkers record in the days leading up to the election.
barely-true,"Says Obama flip-flopped on a gas-tax ""holiday."""
half-true,The annual cost of free tax credits alone paid to illegal immigrants quadrupled to $4.2 billion in 2011.
true,"During my eight years as county executive, we cut the number of county workers by 20 percent."
mostly-true,"Says with the ongoing economic downturn, child abuse is on the rise."
true,Says 51 percent of federal tax filers paid zero federal income tax.
mostly-true,"Says Hillary Clintons rejection of efforts to make it easier to vote and harder to cheat not only defies logic, but the will of the majority of Americans."
false,One of the biggest polluters in our country is the Milwaukee Metropolitan Sewerage District.
barely-true,Says five studies show his tax plan can cut rates and still bring the same revenue without raising taxes on the middle class.
true,"Every four minutes, another American home or business goes solar."
mostly-true,Says Gov. Scott Walkers proposed state budget contained 110 pages of errors -- an unusually high number -- and millions of dollars worth of mistakes that were corrected with a follow-up document.
half-true,"Repealing the sales tax on boats in Rhode Island has spawned 2,000 companies, 7,000 jobs and close to $2 billion a year in sales activity."
mostly-true,The impact of the 2010 federal health care legislation will be huge on Georgia.
half-true,"Under Mayor Angel Taveras Providences bond rating was downgraded from A to BBB, two steps above junk-bond status."
mostly-true,Half of Oregon university students are on Pell Grants.
half-true,"Says the health care reform bill was paid for, in part, by taking money from students and the student loan system."
false,The Chinese are there in Syria.
false,The majority of revenue generated by a proposed Kenosha casino would be sent to the Seminole tribe in Florida.
barely-true,"This rule could prevent children under 18 from using such tools as a power screwdriver, a milking machine or something as simple as a wheelbarrow on the family farm . . ."
half-true,The average Republican voter thinks there should be some revenue as part of this deal.
mostly-true,"Says Connie Macks Penny Plan would cut over $200 billion out of Medicare, over $1 trillion out of Social Security. ... $3 trillion out of defense."
true,Last week the Blue Chip Economic Indicators came out that surveys lots of private forecasters. Almost all of them are predicting a turnaround in the third quarter and positive growth in the fourth quarter.
true,Says Jeb Bush flip-flop-flip(ped) on immigration.
barely-true,"In the last four years, our economy has grown on average 0.9 percent a year."
barely-true,Wisconsins laws ranked the worst in the world for mining investment.
false,For the last decade the climate has been cooling.
mostly-true,Our graduation rate is the highest it's ever been.
mostly-true,Texas ranks third in teen pregnancies... and it is No. 1 in repeat teen pregnancies.
barely-true,"Theres a tax credit of $2,400 to bond [former inmates] that an employer would get for hiring a convicted felon. Theres a federal bonding program -- you can get $5,000 to $25,000 in federal money to hire a convicted felon. And theres federal grants for felons to set up their own small businesses."
pants-fire,Ken Block supports Obamacare.
barely-true,"Says Adam Hasner gives the wealthy tax breaks worth $250,000 a year but hikes middle class taxes $2,000."
true,"Attorney General McCollum, Speaker-Designate Cannon, Senate President-Designate Haridopolos and I stood up to Governor Crist and worked to remove Jim Greer as Chairman because of his mismanagement of the party."
barely-true,Says Jonathan Gruber was some adviser who never worked on our staff.
true,"Right now in Georgia, nearly one in three leaving our prisons are re-convicted within three years."
false,Donald Trumps been completely consistent about his plan for nonviolent undocumented immigrants.
true,"Mr. President, multiple times from your administration there have come statements that Republicans have no ideas and no solutions on health care."
true,Ten years ago the Austin Water Utility used a total of 240.3 million gallons. Every summer since then our peak day of water use has been lower.
pants-fire,President Obama . . . wants to mandate circumcision.
true,Says MAX carries 30 percent of evening rush-hour commuters traveling from Downtown on the Sunset and Banfield freeways.
mostly-true,Georgias civil forfeiture laws are among the worst in the country and the very worst in the South.
mostly-true,A Wisconsin bill to limit use of food stamps for junk food would also prevent -- or limit -- the extent to which food stamps could be used for organic foods.
barely-true,Says Tri-Rail shows the potential problems with investing in high-speed rail.
half-true,Austin school district teachers are the lowest paid of any urban Texas district and the lowest paid of any surrounding school district.
false,Says Charlie Bass forfeits right to equal cost for TV ads under FCC rules
barely-true,Says North Carolina Republican Senate candidate Thom Tillis supports a plan that would end Medicare as we know it.
half-true,Said that his batting average with Congress is higher than every other president since Dwight D. Eisenhower except Lyndon Johnson.
barely-true,How do Jeb Bush and Donald Trump differ on immigration? Spoiler alert: They dont.
half-true,"Under Gov. Mitt Romney, Massachusetts ranked 47th in job creation."
false,"In 2001 and 02 . . . we had the pension system funded at (the)100% level in that year, and we did for two years at that point."
false,On the accuracy of state jobs numbers.
true,"Contends that President Obama literally said (if) his cap-and-trade proposals were to pass, that utility rates, his words now, would, necessarily skyrocket."
true,No other Northeastern state has passed a photo ID law
false,A national organization says Georgia has one of Americas toughest ethics laws.
mostly-true,"Polls show Americans are overwhelmingly opposed to Obamacare, especially the individual mandate."
true,On immigration reform
mostly-true,Superdelegates have never been a determining factor in who our nominee is since theyve been in place since 1984.
barely-true,"In a few months, this deal would give Iran $150 billion for its $300 billion to $400 billion economy, which is like $8 trillion flowing into the United States treasury."
barely-true,Says the Koch brothers funded the fight to let flood insurance premiums soar ... Now theyre spending millions to buy a Senate seat for Bill Cassidy so he can fight for them.
half-true,"Says U.S. Sen. Ron Johnson wants to put 100,000 troops, including 25,000 Americans, into the area where ISIS is."
false,"Gov. Nathan Deal has taken at least $15,600 from the (Koch brothers), their businesses, and their employees."
half-true,The governments twice the size it was 10 years ago. Its 30 percent bigger than it was when (Barack) Obama became president.
false,"Under John McCain's health care plan, people get a $5,000 tax credit to buy a $12,000 health care policy, and ""that's a loss for you."""
true,"In the 18th Congressional District, 100% of electric generation comes from coal."
false,20 percent of the time (smart guns) wont work.
half-true,To use money from the TARP fund in the manner that is being discussed by the White House and congressional Democrats would be a violation of the law.
half-true,The 2005 round of military base closings has not yet resulted in savings.
true,"Believe it or not, consumer spending is up over the last eight months."
false,"I am the only U.S. Senate candidate who spoke out against bombing Syria, and who challenged Georgias governor and insurance commissioner over obstruction to the Affordable Care Act."
mostly-true,Youve got a medical report on me that meets the same standard as Mitt Romney and Barack Obama.
barely-true,There is long historical precedent for a Supreme Court with fewer justices.
half-true,"Even though Chicago has the most stringent gun laws on the books, it still has the highest murder rate in the country."
half-true,"Hillary Clinton is ""willing to have workers' wages garnisheed if they refuse to buy health insurance."""
false,Says U.S. House candidate Carlos Curbelo supported raising flood insurance rates.
true,"Dan Patrick was the only state senator who voted against the Veteran Entrepreneurship Program, a program that assists veterans in successfully starting up their own businesses."
true,"Last year, we saw the first reduction in the federal prison population in 32 years."
half-true,Says David Wu has presided over 137 months in which Oregons unemployment rate has been above the national average.
false,The state GOP ticket says their top priority is a career-long mission to outlaw abortion in all cases and ban some common forms of birth control.
pants-fire,"Rick Santorum says Rick Perry requested 1,200 earmarks as governor of Texas."
mostly-true,Says Ronald Reagan repeatedly talked about how irresponsible it would be to allow the full faith and credit of the United States to be impaired in any kind of way.
half-true,"He took on special interests and won, passing the toughest ethics law yet."
mostly-true,Virginia women earnonly 79 cents to each dollar earned by men...
half-true,"The stimulus includes ""$7 million to build a bridge in Thedford, Nebraska, to help 168 residents avoid a 30-second wait at a local train crossing. Not one full-time job will be created."""
false,On resigning from the Texas Railroad Commission.
false,"McCain ""has opposed stem cell research."""
barely-true,"25,000 businesses have been created since (Scott) Walker took office."
mostly-true,"Four percent of American citizens are black males, but they are 35 percent of murder victims."
barely-true,"On immigration reform, Marco Rubio all along has been saying, We have to have border security first and then he gets on Spanish TV, he ends up saying, No, no. That will never get in the way."
mostly-true,The Republicans have 2 percent of the Muslim vote.
mostly-true,Many types of fish and shellfish from waters across the state are labeled unsafe to eat.
true,"When the governor announced his jobs budget, 99 folks from the Department of Taxation were let go the next day."
pants-fire,"Forty years ago, hardly anybody in the country had health insurance."
half-true,"President Barack Obamas veto of the Keystone XL pipeline killed 42,000 jobs."
barely-true,The seed of Muslim is passed through the father.
half-true,The Obama administrations own Environmental Protection Agency has said its Clean Power Plan will have a marginal impact on climate change.
barely-true,Ron Johnson is willing to hand over the Great Lakes to the oil companies.
half-true,Weve got four Supreme Court justices who signed their name to a declaration that Americans have no fundamental right to self-defense.
barely-true,Says of a failed cloture vote on nominating Chuck Hagel for defense secretary: This is not a filibuster.
true,Says Hillary Clinton said she was under attack (in Bosnia) but the attack turned out to be young girls handing her flowers.
barely-true,We refused to balance the budget on the backs of our children.
half-true,In states that have private-sale background checks for handguns 49 percent fewer women are shot and killed.
true,Says that the new financial services law requires 358 regulatory filings.
false,The state of New York is the worst in the nation in economic recovery.
half-true,"The U.S. State Department has ordered 160,000 Hazmat suits for Ebola, prompting concerns that the federal government is anticipating the rapid spread of the virus."
barely-true,"Brendan Doherty wants to repeal Obamacare, increasing drug prices for seniors."
false,Says the Texas Education Agency follows up to make sure undocumented immigrants paying in-state tuition at Texas colleges are applying for permanent residency.
barely-true,"Marco Rubio is a ""Miami lobbyist."""
true,On offshore drilling for energy
half-true,Regulations are an endemic weakness in government -- so old that Thomas Jefferson listed this problem among his charges against the King of England in the Declaration of Independence.
false,"Gov. Scott Walker received a $7,300 pay raise."
true,She stood by ground zero workers who sacrificed their health after so many sacrificed their lives and kept standing till this administration took action.
barely-true,The city of Charlotte passed a bathroom ordinance mandate on every private-sector employer in Charlotte.
half-true,"She (Kagan) took money from Goldman Sachs just like her boss, Obama."
false,Says Mitt Romney called the Arizona law a model for the nation.
barely-true,"Michelle Nunn spent most of her childhood in Perry, Ga."
half-true,"In Tripoli, jihadists today swim in our embassy pool."
false,"Barack Obama wants to ""unilaterally disarm our nation."""
true,Massachusetts Sen. Scott Brown shows someone can be bipartisan in Congress because he votes about 66 percent with his own party.
true,The first professional baseball team was from an Ohio city.
mostly-true,Says Donald Trump believes that states should actually have the right to lower the minimum wage below $7.25.
true,50% of Hispanic students count on Pell Grants to pay for college.
false,"The health care law could cost up to $2 trillion, double what we were promised."
barely-true,Nonpartisan government analysts say Obamacare will cost our economy up to 2.5 million jobs.
true,"In Iraq, civilian deaths, incidents of bombings, etc., remain very low relative to what was going on last year."
true,African-American children are 500 percent more likely to die from asthma than white kids.
mostly-true,"Gov. Pence said, inarguably, Vladimir Putin is a better leader than President Obama."
barely-true,"Says that Susan Rice, the presidents national security adviser, has already conceded that Iran will have a robust uranium enrichment capability."
false,Says Milwaukee County Executive Chris Abele is a billionaire.
true,We are coming up on our 40th anniversary of electing a Republican to the United States Senate. 1972 was the last time New Jersey sent a Republican to the United States Senate.
half-true,Says Republican state Sen. Alberta Darling offered unqualified support for a plan to end Medicare
false,"Im well aware that medical marijuana is a recognized, medical, viable treatment for this sort of [pancreas] pain condition."
pants-fire,Says President Barack Obamas recent New York fundraising trip cost between $25 million and $50 million.
half-true,Im self-funding my own campaign.
false,"Says Democrats racked up a $1 billion state deficit, while Republicans under Bill OBrien balanced the budget."
pants-fire,"A clause hidden in the Obamacare bill, which is now law, gives Obama the right to form a private army."
mostly-true,The only time in our history when the debt has been higher than this was the end of World War II.
barely-true,Says Judge JoAnne Kloppenburg agreed to use a technicality to give a convicted sex offender a new hearing because he didnt understand the charge.
pants-fire,"Under Barack Obamas watch, we have expended $805 billion to liberate the people of Iraq and, more importantly, 4,400 American lives."
true,"North Korea has a substantial standing army, one of the largest, certainly the largest per capita, in the world."
mostly-true,"Says $1,100 of the tuition paid by every Oregon university student annually goes just to pay the costs of PERS."
barely-true,700 jobs (were) lost because Allen Boyd voted for the health care bill.
mostly-true,We just had the best year for the auto industry in America in history.
false,"The chairman of the party of Florida, who is an avid and outward supporter of Marco Rubio, gets to appoint 30 of those delegates."
true,"In total, we have added nearly 75,000 private sector jobs in New Jersey since we took office in January 2010."
false,Why do we have automatic citizenship upon birth? Were the only country in the world that has it.
false,"POTUS economists: Stimulus Has Cost $278,000 per job."
pants-fire,"When [Mitt Romney] was the governor of Massachusetts, he performed 100 and Im not sure this number is right, but my mind says its about 180 gay marriages."
false,Says the fluoride Austin is putting in its drinking water is toxic waste.
true,"There are corporations in this nation, some of the biggest corporations in this nation, who do not pay taxes."
half-true,Austin mayoral candidate Steve Adler opposed an injunction to stop a company from dumping petrochemicals directly into the Barton Springs aquifer.
false,Says Bill White profiteered in the aftermath of Hurricane Rita.
mostly-true,"Eleven states complete their [legislative] sessions within three calendar months, and another five only meet biennially."
false,"If African-Americans vote their percentage of the population in 2008, ""Mississippi is suddenly a Democratic state."""
mostly-true,There really isnt any kind of foreign policy network that is supporting and advising Sen. Sanders.
half-true,Says Hillary Clinton wanted the wall.
false,"Under Gov. Scott Walkers public-school budgets, a student entering kindergarten will not enjoy the same state investment in his or her education as those that came before them until they are graduating from high school."
false,"In the 1980s, The lowest income people had the biggest gains."
barely-true,Says the average government worker wont be impacted in the first two years under the reform of state health benefits.
mostly-true,The right-to-work states have much lower level of unemployment than the union states do.
false,Says Damascus disincorporation would produce NO significant tax savings.
mostly-true,Shirley Sherrod was forced to resign before anybody on Fox said a word about this.
false,We dont allow filming inside of the City Hall unless there is a specific reason.
half-true,Says Ted Cruz wanted to let in more Syrian refugees and give amnesty to illegal immigrants.
mostly-true,"Since the salary for state lawmakers was raised to $79,500, that purchasing power has now been reduced to $53,000."
mostly-true,Kilmartin has helped pass laws to create a witness protection program.
pants-fire,"Bank of America could create 878,300 jobs with benefits if they spent their 2010 bonuses on job creation."
barely-true,"Eric Cantor took $5 million from Sheldon Adelson, a Las Vegas casino owner."
true,"We have one of the most expensive General Assemblies, per capita, in the entire country."
false,We have unemployment that rivals the Great Depression.
pants-fire,Say Oregon Reps. Peter DeFazio and Earl Blumenauer are socialists who are openly serving in the U.S. Congress.
pants-fire,Over 300K home owner suicides attributed to foreclosures.
mostly-true,"We had 6,000 oil and gas spills in 2012 with more oil and gas spreading in the United States than the entire Exxon Valdez spill."
true,Theres a big chunk of the country that thinks that I have been too soft on Wall Street.
pants-fire,A YouGov.com poll shows 71 percent of Obama voters regret voting for him.
true,Says Republicans supported legislation on early voting and in-person voting in 2005.
mostly-true,Says hesso bipartisan that 12 of my bills were signed into law by Democratic President Bill Clinton.
half-true,On transportation financing
mostly-true,U.S. Rep. Paul Broun has not authored any legislation that has been adopted by Congress.
false,The biggest contribution behind a decrease in U.S. unemployment was 1.2 million people leaving the workforce
half-true,The increase in the current state budget was greater than the inflation rate and the rate of population growth in Georgia.
half-true,"Sharron Angle supported ""a Scientology plan to give massages to prisoners."""
barely-true,We defied the stand-down orders during the Benghazi attack.
mostly-true,"You see a whole bunch of Korean cars here in the United States, and you dont see any American cars in Korea."
pants-fire,There was serious voter fraud in New Hampshire.
pants-fire,"Says Demond Means, turnaround district superintendent for Milwaukee Public Schools, said the district needs to be gutted."
barely-true,"Since President Obama came into office, another 2 million Hispanics have joined the ranks of those in poverty. The number of Hispanic children living in poverty increased by 15 percent in that short period of time."
false,"Says unlike Tim Kaine, who investedin education, Indiana Gov. Mike Pence slashed education funding."
false,On repeal of Wisconsins smoking ban
false,Nine hundred people have been fired since I became secretary (of Veterans Affairs). Weve got 60 people that we fired who have manipulated wait times.
barely-true,"Before this law, any group could go out anywhere, register voters, sit on the voter registration forms for unlimited amount of time."
pants-fire,Federal health care reforms amounted to the government takeover of health care.
half-true,"When Mitt Romney was governor, Massachusetts lost 40,000 manufacturing jobs, a rate twice the national average, and fell to 47th in job creation, fourth from the bottom."
false,The U.S. Supreme Court is five guys who start determining what contraceptions are legal.
barely-true,"Under Obamacare, when you turn Medicaid over to the states ... the money will be available up front for the expansion for a few years. Then, the money will go away."
false,"Even with recent changes, the average hourly wage at General Motors is still $75 an hour."
false,Says Ken Cuccinelli attacked churches for helping the poor.
barely-true,Barack Obama and Joe Biden oppose new drilling at home and oppose nuclear power.
half-true,Roy Barnes made Georgia dead last in education and Georgia led the nation in job losses.
half-true,Says Steve Spinnett has court judgments against him for trespass and harassment.
half-true,Thomas Jefferson created the Marines for the Islamic pirates that were happening.
false,There has been no net global warming for over a decade now.
half-true,The ratio of people working for the government and working in manufacturing today is an almost exact reversal of the situation in 1960.
mostly-true,We have been in Afghanistan longer now than we have been in any foreign land conducting a war in our nations history.
mostly-true,Says Lake Erie contains more native fish than all the other Great Lakes combined.
half-true,For the cost of the Iraq War we couldve ended world hunger for 30 years.
false,"The Trump Winery near Charlottesville, Va. is the largest winery on the East Coast."
false,"Right now, the (Congressional Budget Office) says up to 20 million people will lose their insurance as Obamacare goes into effect next year."
pants-fire,Soldiers Donating to Tea Party Now Face Punishment Under the Uniform Code of Military Justice.
mostly-true,"If you are black or brown, you are nine times more likely to be stopped and frisked in New York City."
mostly-true,Individuals and small businesses will be hit by increases in health insurance premiums as high as 39 percent.
false,"Forcing Americans off of their current health coverage and onto a government-run plan isn't the answer, but that's exactly what the Democrats' plan would do."
mostly-true,Says Mitch McConnell pushed the Wall Street bailout through the U.S. Senate and called it the Senate at its finest.
true,Wisconsins dead last in Midwest job growth.
false,Dolphins are rapists. Look it up.
mostly-true,"For the first time in history, my administration posts our White House visitors online."
half-true,"The United States is number 14, number 15 in college graduation rates, and were leading the world in high school dropout rates."
half-true,"Sen. Johnny Isakson voted for a trade agreement, with China costing Georgia 93,000 jobs."
mostly-true,"The reason why Cubans dont have access to 21st century telecommunications like smart phones, like access to the Internet is because it is illegal in Cuba."
false,"An amazing 5,400 jobs were lost in the first 12 months of the (smoking) bans implementation in Ohios hospitality industry alone."
pants-fire,The 2011 Legislature did not cut Texas public school funding.
true,"Before I was state treasurer, my Rhode Island business helped create over 1,000 jobs."
barely-true,"When (Ronald) Reagan came in, from 1978 to 1982, economic growth averaged less than 1 percent a year. Theres only one other four-year period where thats true. Thats true from 2008 to 2012."
true,"Says his elections proposal would allow a potential of 168 hours (of early voting), which I think is the most weve ever had."
false,On whether he wrote a provision that allowed AIG to dole out bonuses.
true,"This year, Newt Gingrich has raised as much money as Mitt Romney, Tim Pawlenty, Sarah Palin, and Mike Huckabee combined."
true,Says Barack Obama has played over 90 rounds of golf as president.
barely-true,"Originally, Democrats promised that if you liked your health care plan, you could keep it. One year later we know that you need a waiver to keep your plan."
barely-true,"In a watershed 1958 decision, the Warren court asserted by itself that the Supreme Court was supreme over the president and the Congress."
half-true,Says he never called teachers thugs and has said nothing but great things about them during the fight over his curbs on unions
true,"In the 2000 Florida election, at least 1,100 eligible voters were wrongly dropped from voting rolls in an attempt to purge a list of felons. Many of those who were dropped showed up to vote and were told they could not."
half-true,"Tim Kaine hiked tuition as governor, but now claims to champion affordability."
half-true,"Health care reform ""would bring down the deficit by as much as $1 trillion over the next two decades."""
mostly-true,Says Texas lawmakers last year expanded public educations share of state spending.
pants-fire,"Says the Patient Protection and Affordable Care Act adopted last year contains a series of slush funds, set up to stay on the books automatically, with little or no oversight."
mostly-true,Romney adviser admits Romneycare was blueprint for Obamacare.
pants-fire,"Says McCain was a ""Hanoi Hilton songbird"" who collaborated with the enemy."
barely-true,Tim Kaine broke a campaign promise not to raise taxes.
false,A Census Bureau worker says he was told to skew information to bring the unemployment rate down as we headed into an election season.
true,Sharron Angle would eliminate the Department of Education.
barely-true,"Because of Democratic tax hikes, New Jersey ended a decade with fewer private sector jobs for the first time in recorded history."
barely-true,"With 320,000 net Ohio manufacturing jobs lost, (Sen. Rob) Portman calls NAFTA a proven success."
false,U.S. Reps. John Barrow and Sanford Bishop and their fellow Democrats went on a spending spree and now their credit card is maxed out.
barely-true,Obamacare was invented by liberal academic theorists.
barely-true,Says John Kitzhabers proposed budget for upcoming biennium represents 8 percent increase over last
mostly-true,"Says Donald Trump said at the Republican convention, I alone can fix it."
half-true,Wall Street megabanks that received bailouts in 2009 now get taxpayer-funded advantages not available to community banks in Ohio.
half-true,On running for the U.S. Senate as an independent.
true,"Risk analysts listed Donald Trump, a Donald Trump presidency, as one of the top threats facing the global economy, ahead of terrorism."
half-true,Says Scott Walkers plan to replace Obamacare is a new entitlement program for every single American human being from the time they are born right up until they grow old and become eligible for Medicare.
barely-true,"Attempts to find things like, crime, criminal activity, indictment, have been filtered out by Google in favor of Hillary Clinton."
true,Almost every state has offered an insurance plan on its health exchange that does not cover abortion.
barely-true,Michael Bennet cast the deciding vote for the stimulus and the health care bill.
half-true,We already pay the highest electricity prices in the country here in New England.
true,"The national economic recovery has led to higher than expected tax revenues and projected budget surpluses in nearly every state in the nation, including Wisconsin."
false,"Obama ""supports hate-crimes expansion ... potentially putting churches at risk if they preach the truth about homosexuality."""
half-true,"Barack Obama ""extended health care for wounded troops who'd been neglected."""
false,On whether state employees should contribute to their pensions.
barely-true,"Full marriage equality [would provide same-sex couples] with about 1,700 rights."
half-true,About 22 percent of adults in Rhode Island and approximately 30 percent of youth (ages 10-17) are considered obese.
true,The mosquito population in South Florida is larger than it is in many other communities in the country.
barely-true,U.S. Rep. John Barrows plan puts the IRS in charge of your health care.
pants-fire,Says Barack Obama said that ordinary men and women are too small-minded to govern their own affairs and that individuals should surrender their rights to an all-powerful sovereign.
mostly-true,I have a record on the environment of creating green energy ... taking trash and turning it into cash.
false,Homicides against blacks have tripled since Floridas stand your ground law has been in existence.
half-true,"If you don't count illegal aliens, people who qualify for other insurance, and people who make more than $75,000 a year, it leaves about 15 million people who are uninsured."
false,Over half the people on disability are either anxious or their back hurts.
barely-true,"Theres a section in the Constitution called the Emoluments Clause that says no one, nor their spouses, can take money from foreigners. (Hillary Clinton) has to be guilty of 70 or 100 counts just on that one charge."
half-true,There never really was a Hastert Rule.
half-true,There are 3 million jobs available in America that are not filled because too many of our people dont have the skills for those jobs.
pants-fire,"Up until two weeks ago, John McCain was a leading proponent of amnesty. Now with me challenging him, suddenly he has changed."
barely-true,Regulations on developers have thwarted construction on county-owned land in Milwaukees downtown Park East corridor.
true,Texas families have kept more than $10 billion in their family budgets since we successfully fought to restore Texas sales tax deduction a decade ago.
half-true,"The middle class can be defined to include those with income between roughly $20,000 and $60,000."
barely-true,"Chris Christie cut equal pay for women, calling it senseless bureaucracy."
false,"Under President Barack Obama, income levels and unemployment numbers are worse now than just about ever for African-Americans."
mostly-true,"In 2008, only 54 percent of Latinos in Texas were registered to vote and only 35 percent actually turned out."
mostly-true,Wind powers nearly 13 million homes across the country.
half-true,The majority of Americans now doubt that our children will have a better future.
true,"Under the compromise tax agreement, 99.7% of American families will not pay 1 nickel in an estate tax."
false,"Every time weve cut taxes, revenues have gone up, the economy has grown."
true,I am the only senator who turned down the state pension plan for part-time legislators.
barely-true,"As a state representative, David Cicilline argued against Megans Law and voted against mandatory registration of sex offenders."
mostly-true,There are fewer people crossing (the southwest) border than in the last 30 years.
half-true,More than 40 percent of sales nationally are made without background checks.
half-true,"Says in Washington, D.C., Sen. Richard Burr took millions from special interests, went there and cashed in, voted to cut (his) own taxes and raise taxes on working folks."
true,Bernie Sanders passed more roll call amendments in a Republican Congress than any other member.
half-true,"A quarter of our workers make $18,000 per year."
true,Only about a third of Texans who enroll in college graduate.
barely-true,"In his book, (Ken) Cuccinelli questions whether Medicare and Social Security should exist."
pants-fire,"Says Bernie Sanders wins California landslide, But ⅔ of his votes arent counted."
true,Pat Toomey advocated for eliminating all corporate taxes.
true,There is a constitutional issue that affects the paychecks of members of Congress during a shutdown.
mostly-true,Says new EPA water regulations would force the state to make drainage canals every bit as clean as pristine Florida river systems.
mostly-true,"Eliminating earmarks ""would make barely a drop in the bucket with regard to the national debt, the deficit."""
false,Says Donald Trumps presidential victory was an electoral landslide.
mostly-true,"Theres 21 congressmen and senators that have been convicted of felonies that still get their retirement, even in jail. They dont have to wait until theyre 65."
barely-true,"The Obama administration spent $205,075 in stimulus funds to relocate a shrub that sells for $16."
half-true,It costs more money to put a person on death row than it does to lock them up for the rest of their lives because of attorney fees.
half-true,"The Obama administration estimates the number of children at the border is going to increase to 150,000 to 200,000 next year."
barely-true,"Ethanol reduced gas prices by 89 cents per gallon in 2010, and if ethanol disappeared, gas prices could rise by as much as 92 percent."
mostly-true,"Marijuana today is genetically modified, with THC levels that far surpass the marijuana of the 1970s."
half-true,"Says Rick Scotts proposed budget would lay off 20,000 teachers."
false,There were $2 billion in earmarks in fiscal year 2012.
half-true,"Forty years ago ... about half of congressional districts were genuinely competitive. Today, only about 10 percent of House races on Cook Political Report are listed as toss-ups or lean to one party."
barely-true,Georgia lawmakers are now considering passing the most extreme gun bill in America.
half-true,Says unemployment would be at 10 percent if people who have quit looking for work were included in federal labor force calculations.
false,"Says Ron Johnson is benefiting from several super PACs, I am not."
mostly-true,"Since President Obama took office, 2 million jobs. Gone."
pants-fire,Says that Tennessee Gov. Bill Haslam has made it clear by his repeated actions that he will pursue a policy that promotes the interest of Islamist (sic) and their radical ideology as long as he is governor.
mostly-true,We have the lowest percentage of Americans working today of any year since 1977.
true,"The states unemployment rate is fifth-highest in the country, a full point above the nationwide rate and higher than all of our...neighboring states."
barely-true,"Under Barack Obama, the U.S. now has the lowest workforce since (President Jimmy) Carter."
half-true,"Says he has ""the most impressive education record"" of the Republican candidates."
barely-true,One in four inmates is an illegal immigrant.
false,"The Texas Capitol faces South toward Goliad, in memory of the most horrific battle of the Texas Revolution."
false,I know that Hillary on occasion has said just last year said this (NAFTA) was a boon to the economy.
half-true,Liberal out-of-state special interests are spending millions on 5 and 6 to change the way Florida draws its congressional and legislative districts.
false,Not one Republican has the guts to recognize that climate change is real.
mostly-true,"A part-time Congress with half the pay would still make $38,000 a year more than the average American family."
barely-true,"Black Lives Matter, who are attacking law enforcement officers -- Barack Obama had them to the White House."
mostly-true,"Says that over the last decade, the states population grew three times faster than the Texas state tax system."
mostly-true,"We admit about 100,000 permanent immigrants from the Middle East every year."
half-true,Proposition 2 on Novembers Texas ballot does not cost state taxpayers any money.
half-true,"Texas AM University - Commerce offers counseling, safe spaces for students who are afraid of President-elect Trump."
mostly-true,Chris Christie has led New Jersey to a record-breaking 9 credit downgrades.
false,Some city of Atlanta employees have not had raises in eight years.
mostly-true,Nearly one in five women in America has been a victim of rape or attempted rape.
half-true,Twenty million Americans are out of work.
mostly-true,"When total Sandy spending is added up, its more than the annual budget for the U.S. Department of Homeland Security. And its more than twice the annual budget of the U.S. Energy Department."
half-true,"Since the governor took office, Oregons unemployment rate has dropped to its lowest point in three years."
mostly-true,Virginia is the number one state per capita in screening out people with mental illness from gun purchases.
mostly-true,"Says the Texas Board of Nursing has a backlog of 3,000 complaints against nurses, many of them sexual assaults, malfeasance."
mostly-true,Taxes on groceries and medicine will rise under a plan to improve roads and rail for metro Atlanta.
mostly-true,One-third of the economic stimulus package was tax cuts.
false,They delayed my swearing-in here in Massachusetts for a couple weeks so they could ram (the health care law) through.
false,Says the new Dodd-Frank financial law requires a 20 percent down payment to buy a house.
half-true,Every president since Franklin Delano Roosevelt has had fast-track trade authority.
true,"Contrary to popular belief, we actually dont have that many public employeesWe are well below average in the number of public employees."
mostly-true,Wisconsins pension system is the only one fully funded in the country.
false,"Romneycare sent costs spiraling out of control in Massachusetts, hiking premiums, squeezing household budgets."
half-true,Studies show that people that are on welfare are higher users of drugs than people not on welfare.
false,Says approximately 70 percent of jobs created in the United States in November 2007-2008 were in Texas.
half-true,"Under the cromnibus law, taxpayers must guarantee incredibly risky derivatives deals made by the nations largest banks."
half-true,"(Newt Gingrich) voted in favor of establishing the Department of Education, and yet he gets in a debate and says we should get rid of the Department of Education and send all the education issues back to the states."
false,"Says under President Barack Obama, the debt increased by 23 percent, which was less than under any president going back to Ronald Reagan."
barely-true,Dan Gelbers employment by BPs law firm could disqualify him from representing Florida against BP as Attorney General.
true,"The Senate immigration bill is filled with things like rewards for au pair agencies, Alaskan seafood processors and Vegas casinos."
barely-true,Lloyd Doggett made millions off companies like Bank of America while they took taxpayer bailout money.
barely-true,"Says. Rep. Joe Barton, R-Texas, once said, Wind is a finite resource and harnessing it would slow the winds down, which would cause the temperature to go up."
barely-true,4.7 million people have lost their insurance in 32 states due to Obamacare.
half-true,"Mitt Romneys pledged to protect (oil companies) record profits and their billions in special tax breaks, too."
half-true,"If parents ""don't have health insurance that Senator Obama wants them to have (for their children), they will be fined."""
true,Oregon schools receive millions of dollars per year in federal school lunch assistance and yet they are required to spend that money almost anywhere but Oregon.
half-true,"Says that Mitt Romneys response to the crisis in the auto industry was, Let Detroit go bankrupt."
false,"I had previously said that NATO was obsolete because it failed to deal adequately with terrorism. Since my comments, they have changed their policy and now have a new division focused on terror threats."
barely-true,"From 2010-2014, median household income in Wisconsin has actually gone up 7.4 percent."
false,Algeria wanted to be taken off of the terror list at the time it made an unreported donation to the Clinton Foundation.
true,Richard Cordrays nomination to head the Consumer Financial Protection Bureau marks the first time in Senate history that a political party has blocked a nomination of someone because they didnt like the construction of the agency.
mostly-true,We in this state saw more job creation in the last three years since Ive been governor than you saw in the whole eight years of Doyles time as governor.
barely-true,Every worker pays 15.3 percent payroll tax.
true,"In 2008, Charlie Crist applauded the pick of Sarah Palin and said she would do a great job."
true,"Illinois suffered 1,652 overdose deaths in 2014 ... of which 40 percent were associated with heroin. Illinois is ranked number one in the nation for a decline in treatment capacity between 2007 and 2012, and is now ranked the third worst in the country for state-funded treatment capacity."
true,"Since 1981, reconciliation has been used 21 times. Most of it's been used by Republicans."
false,"Yes, this would be the same congressman (Rep. Pete Hoekstra) who last year Tweeted the whereabouts of a top-secret mission to Iraq."
mostly-true,"The poverty level in the Dallas school district is one of the highest in the country, higher than New York, Chicago, Los Angeles, Houston, Detroit and Newark."
barely-true,"Romney left Massachusetts ""with a $245-million debt because of the big government-mandated health care system."""
true,Says that in the U.S. House of Representatives weve had bipartisan support for the repeal of Obamacare for getting rid of cap and trade for building the Keystone Pipeline.
mostly-true,"Were paying out-of-state residential facilities hundreds of thousands of dollars, if not more, to house children in state custody"
true,"Sen. Harry Reid voted against declaring English our national language, twice."
barely-true,"President Obama and Democrats spending addiction has driven our national debt to historic proportions, maxed out our national credit card and has now led to the Democrat Downgrade of our countrys AAA credit rating."
false,We dont have a (military) reserve force if something happens.
barely-true,"3,000 teachers lost their jobs when (Crist) was governor."
mostly-true,"The Islamic State, or ISIS, was cast off by al-Qaida because it was considered too extreme."
true,Gov. Bob McDonnellsbudget plantakesmoney out of our classrooms to pave roads.
mostly-true,"Wealthy taxpayers, not middle-income earners, get most of the deductions in the tax code."
mostly-true,Sixty-one percent of our active military are currently listed as overweight.
true,Says the proposed fiscal year 2013 budget is still below the level of state spending when I took office.
true,"Under legislation that has cleared the Georgia House, some children who are legal refugees could obtain state scholarships to attend private schools."
true,I get the most money from active duty officers and military personnel.
false,Sixty-one percent of our bridges are in trouble.
mostly-true,Says Romney called Russia our No. 1 enemy.
barely-true,Says President Barack Obamas acceptance of an Islamic order and gold medal was unconstitutional.
false,Says Charlie Crist is embroiled in a fraud case for steering taxpayer money to a de facto Ponzi scheme.
barely-true,The Atlanta areas water planning district is now the national leader in conservation.
half-true,"Every year, more than $40 million are leaving Missouri for the Lone Star State."
true,The hour of sleep you lose during the change to daylight saving time might initially pose some health risks.
mostly-true,"In 2015 roughly 10,000 political arrests occurred in Cuba. That is five times as many as occurred in 2010, when there were only about 2,000."
half-true,"The Georgia Department of Economic Development assisted with the creation of 28,776 jobs, an increase of 29 percent from last fiscal year, and $5.97 billion in investments, a 32 percent increase."
mostly-true,Says Rick Scott presided over cuts to the Bright Futures college scholarship program.
half-true,One extra year of schooling for girls reduces infant mortality rates among their children by up to 10 percent.
false,"For every 33 pregnant women that walk into a Planned Parenthood clinic, 32 receive an abortion."
barely-true,"The CBOs latest report confirms what Republicans have been saying for years now. Under Obamacare, millions of hardworking Americans will lose their jobs."
false,There is no clinical evidence that vaccinating healthcare workers protects patients.
barely-true,"When I was Mayor of South Pasadena, we actually reduced the property taxes we collected."
false,"As Secretary of State, Hillary Clinton laundered money to Bill Clinton through Laureate Education, while Bill Clinton was an honorary chairman of the group."
barely-true,Says President Barack Obama thinks Americans are lazy.
false,Over 81 percent of the babies that are born at LBJ Hospital right here in Houston are born of women who are not here legally.
half-true,Tom Ganley has two Fs from the Better Business Bureau and over 160 complaints in just three years.
true,"A telephone company will no longer have to provide landline service to customers if there is an alternative provider, including wireless."
mostly-true,Says some Georgians can get health insurance for $105 a month.
mostly-true,The United States is the leading nation in the world with the highest amount of doubt about the conventional wisdom of climate change.
mostly-true,"A bag of Cheetos costs less to buy than an apple, and in some Milwaukee neighborhoods good luck trying to find an apple or a banana or some sort of healthy option"
mostly-true,"Obama says McCain went to Bermuda and ""pledged to protect tax breaks for American corporations that hide their profits offshore."""
mostly-true,"We have empowered state insurance commissioners to review the rate hikes that are taking place in states. And in some states like North Carolina, they have already used it and rolled back premium increases by 25 percent."
false,George Allens flat tax plan would actually shrink revenues further thanthe Perry (flat tax) plan.
mostly-true,About 2 percent of Americans get paid the minimum wage.
true,"In his first TV interview as president, Obama said we should talk to Iran."
half-true,Says Rick Perry co-chaired Al Gores campaign for president.
false,"Usually it's about $900 a month to get health coverage. (Florida's program has) reduced that, on average, to about $150 a month."
barely-true,"Seven hundred thousand. Thats how many California jobs will be lost thanks to the politicians raising the minimum wage.Now Florida is adding one million jobs, not losing them."
barely-true,"Medical-grade marijuana alonewill not get that patient high, no matter what level of THC, CBD or any other compound is found in the plant."
barely-true,"Barbara Boxer voted to cut spending on Medicare benefits by $500 billion, cuts so costly to hospitals and nursing homes that they could stop taking Medicare altogether."
false,The immigration bill has a specific provision that says that Secretary Napolitano does not have to build any fence if she chooses not to.
true,"In 2010, uninsured voters made up about 5 percent of the electorate."
mostly-true,"Mitt Romney is proposing a tax plan that would give millionaires another tax break and raises taxes on middle class families by up to $2,000 a year."
mostly-true,Mitt Romney drove to Canada with the family dog Seamus strapped to the roof of the car.
mostly-true,"$50,000. Thats what every child owes today because Washington politicians have run up a huge spending tab and left our kids the bill."
half-true,"Before this law was passed, Americans were told they could keep their current health care plans. After it became law, the administration issued regulations stating nearly half of Americans would lose their current plan."
half-true,Says President Obama helped more than half a million veterans and military family members go to college through the Post-9/11 G.I. Bill.
mostly-true,"Georgia has lost more than 124,000 jobs and the unemployment rate has increased since the stimulus passed"
mostly-true,Rhode Island has the highest percentage of uninsured adults of any state in New England.
false,Rhode Island has the highest percentage of lawyers per capita in the country.
true,"Crimea became part of Ukraine only in 1954. Crimea was historically part of Russia, and (Nikita) Khrushchev gave it to Ukraine in a gesture that mystified some people."
mostly-true,California has seen a 56 percent decline in the gun murder rate since the 1990s.
half-true,Chris Christie has not been effective at creating jobs (or have) a record of governing for effectiveness. ... New Jersey (has) one of the higher unemployment rates in the country at 9.4 percent.
barely-true,"When Peppers tax was finally voted down, Pepper laid off cops and closed jails and let criminals run free in the streets."
true,"The (ARC Tunnel) project was originally estimated to be $8.7 billion, and New Jersey alone was on the hook for all overruns."
false,"Under the new Arizona immigration law, police can't stop someone to check their immigration status unless they think they see something illegal."
false,"In Texas, we teach both creationism and evolution in our public schools."
true,Wisconsins 6th congressional district has more manufacturing jobs than almost any other in the nation.
barely-true,"Romneycare has killed 18,000 Massachusetts jobs."
true,"Says budget savings by reducing pay and benefits for federal employees total $103 billion over 10 years -- more than $50,000 per worker."
barely-true,"In New England, Rhode Island has the second highest number of police officers being assaulted."
false,Mitt Romney has 15 homes.
true,The Walton family of Walmart ... This one family owns more wealth than the bottom 40 percent of the American people.
half-true,"In 2011, there were more than 28,000 new Tennessee jobs created and over $4 billion in capital investment. Our Jobs4TN plan is working."
pants-fire,I lost my health insurance and my doctor because of Obamacare.
false,Georgia has the most lax gun laws in the nation.
true,Says New Hampshire has the third-highest property tax in the country.
false,Says Romney supported a law that could have made most common forms of birth control illegal.
mostly-true,Says New Jersey has the most educated population of all the states in this country.
true,The annual gross domestic product of metro Atlanta is bigger than 28 states in the union.
false,The Justice Departments Fast and Furious gun-walking program started in the Bush administration.
barely-true,Said his mother had to fight with health insurance companies for treatment because of a pre-existing condition.
false,A [bank] surveillance camera capturing a criminals face and other identifiable traits would certainly discourage robbery attempts and serve as a deterrent to robbers.
false,A study ranked Florida No. 1 in government corruption under Gov. Rick Scott.
half-true,"In Japan, executives of failing companies say 'I'm sorry' and then either do one of two things: resign or go commit suicide."
half-true,Numerous studies have shown that these so-called right-to-work laws do not generate jobs and economic growth.
false,Russ Feingold has not worked anywhere outside of politics.
false,American troops have never been under the formal control of another nation.
half-true,Says the Congressional Budget Office is expecting a protracted economic malaise for at least the next decade under current policies.
half-true,Pollsters saydont actually believe our own data and Gallup stopped primary polling because they dont trust their methodology.
mostly-true,More people today are leaving Virginia than moving in.
pants-fire,The Mexican government ... they send the bad ones over.
half-true,"Last week the Texas State Board of Education (SBOE), led by Rick Perrys appointee, voted to remove Thomas Jefferson from social studies textbook standards. Thats right. Thomas Jefferson... was deleted from a list of historical figures who inspired political change."
barely-true,Says Mitt Romney asked for a waiver from federal welfare rules.
true,Says Central Texas river water sent to downstream rice farmers in 2011 equaled about three years worth of Austins water use.
true,"As a former federal prosecutor, I prosecuted over 4,000 cases."
false,Says U.N. arms treaty will mandate a new international gun registry.
mostly-true,"40,000 veterans in Texas wont get health care because Perry rejected Obamacares Medicaid expansion."
half-true,Theres nothing in the [RhodeMap RI] plan that takes away local government control and local zoning control.
mostly-true,"When we started this health care debate a year ago, 85 percent of the American people had health insurance, and 95 percent of the 85 percent were happy with it."
mostly-true,Pasco County has the second highest population of homeless in all of Florida.
pants-fire,"Obamacare is the biggest job-killer in this country -- millions of Americans have lost their jobs, have been forced into part-time work."
mostly-true,Thirty percent of [Sheldon Whitehouse campaign] money is coming from special interests.
mostly-true,Thirty-one percent of school districts are still receiving less funding per pupil than they did prior to the dramatic budget cuts of 2011.
half-true,On support for ethanol mandates
false,"ISIS is right now crucifying Christians in Iraq, literally nailing Christians to trees."
barely-true,Says Jeb Bush said he would take his pants off and moon everybody ... Nobody reports that.
mostly-true,"Right now, in every major poll, national poll and statewide poll done in the last month, six weeks, we are defeating Trump, often by big numbersand always at a larger margin than Secretary Clinton is."
half-true,The United States sends $300 billion -- half our trade deficit -- overseas for oil to unstable and unfriendly regimes.
false,On redistricting.
pants-fire,Says a Canadian provincial prime minister came to Ohio for his medical treatment because of the delay in Canadian health care which would have endangered his life.
true,"Hillary Clinton ""actually differed with (John McCain) by arguing for exceptions for torture before changing positions."""
half-true,"Paul Ryans already spent millions to try and permanently derail Brad (Schneider)s progressive, energized campaign."
mostly-true,The transportation sales tax would cost the average consumer an estimated $112 a year.
false,"In fact, 85 percent of Oregonians voted in 2008."
half-true,The vast majority of minimum wage workers get a raise within a year.
true,Three courts have found the new health care law constitutional and two have found it unconstitutional.
half-true,As executive director of the Democratic Party of Virginia there were 300 people on my payroll in 2008.
true,Says she condemned violence at a campaign stop in Arizona in March.
true,Says Donald Trump mocked someone with a disability.
false,Says some Planned Parenthood chapters have been selling the body parts of aborted fetuses for profit.
mostly-true,The FBI is involved in an investigation about people in the Rio Grande Valley who are using cocaine to buy votes.
pants-fire,"Donald Trump Protester Speaks Out: I Was Paid $3,500 To Protest Trumps Rally."
true,We now sell more products made in America to the rest of the world than ever before.
mostly-true,Republican state lawmakers are refusing to give the people of their own states their own tax dollars back in the form of (expanded) Medicaid.
half-true,The Georgia Department of Education has implemented a new policy beginning in August that states that public schools will no longer accept credits from home school entities or non-traditional education centers.
barely-true,Rick Scotts company is partners with Playboy in a social networking website that has community pages specifically geared towards gay dating.
true,"John McCain's health care plan ""won't guarantee coverage of cancer screenings or maternity care."""
false,A majority of Wisconsinites opposed the government takeover of health care. But Russ Feingold voted for it anyway.
half-true,"Says Marco Rubio opposes immigration reform. Worse, Rubio supports Donald Trump. His plan would deport 800,000 children, destroying families."
barely-true,Go look at a Trump product. Theyre all made in China.
true,Crime in Atlanta is down 18 percent since 2009.
false,"Under Hillary Clinton, State Department officials were sending official thank-yous to people who gave to the Clinton Foundation."
true,On mandatory ultrasounds before abortions.
half-true,"In Georgia, women earn 82 cents for every dollar earned by men."
false,"On tax inversions, the Wall Street Journalsurprisingly attacked this tax scheme."
half-true,Says Hillary Clinton called Barack Obama naive for saying he was would sit down and talk to the Iranians during the 2008 Democratic primary.
barely-true,"In 2009, we cut state spending in real terms for the first time in 150 years."
barely-true,Says Marco Rubio was for immigration reform and a pathway to citizenship before he was against it.
false,"Rob Cornilles has been endorsed by 20 local mayors, including Independent, Democratic and Republican."
pants-fire,North Korea is telling its people that their mens national team is in the World Cup final.
barely-true,"The CDC is spending money on things like jazzercise, urban gardening and massage therapy that could be redirected to Ebola."
true,Sen. Obama worked on some of the deepest issues we had and was successful in a bipartisan way.
pants-fire,Hartsfield-Jacksons new international terminal is opening within budget.
false,"Says many local governments in Wisconsin already require employees to pay 20 percent, 30 percent or even 40 percent of their health insurance premiums."
true,Kendrick Meek claims hes the only candidate who saidSonia Sotomayor will make an excellent Supreme Court justice.
half-true,"Most of the people that work in finance make $70,000, $80,000 a year."
false,"Phoenix, Arizona, is the No. 2 kidnapping capital of the world."
half-true,The bulk of the people who are shot with a weapon other than these drug gangs taking on one another end up being shot with their own weapon.
half-true,What concerns me is there is only two sentences that have been written about minority business.
barely-true,The Democrats in the Senate last year introduced a constitutional amendment to repeal the free speech protections of the First Amendment.
false,Says David Jolly lobbied for government-run health care just last year.
true,I've spent 20 years devoted to working on behalf of families who are having a tough time and are seeking out the American dream.
true,Says 97 percent of food stamp benefits are paid in the proper amounts to people who are really eligible.
half-true,"There are 278 Republicans in Congress. (With Eric Cantors defeat), they are now all Christian and all white except for one black senator, who was appointed."
true,"The president has added close to 68,000 troops in the last year, since he came into office, not just the 30,000 you hear, but the others that were added before that."
false,"A proposed tax to fund transportation projects would spend $90,000 to take a single vehicle off the road during the morning and afternoon commute."
barely-true,"Says the Congressional Budget Office said if youre going to buy your own policy with these (health care) exchanges youll be paying 10 percent more ... about $2,100 more for a family."
pants-fire,The Mexican government forces many bad people into our country.
half-true,"In Georgia, hard-earned lottery dollars are doled out to the scion[s] of wealthy families."
mostly-true,Americanschools are more segregated than they were in the 1960s.
pants-fire,Says Gov. Rick Perry is spending Texans hard-earned money to live like Louie XIV.
mostly-true,"We are younger than our competitors, and this is entirely because of immigration."
half-true,"Since taking office, President Obama has signed into law spending increases of nearly 25 percent for domestic government agencies, an 84 percent increase when you include the failed stimulus."
half-true,"A national poll found that among people who oppose the Democratic health care reform bill, ""almost 40 percent"" opposed it not because it goes too far, but because ""they dont think it goes far enough. ... They will not be unhappy when we pass health care reform."""
mostly-true,"Says a company that got tax breaks from the state later laid off 100 Ohioans, even as its CEO cut a half-million-dollar check to Kasichs super PAC."
barely-true,The families that are covered through the Low Income Pool is a different group of individuals than are covered by Obamacare.
true,"Now, I also support the Bush tax cuts. Sen. McCain voted against them originally. He now believes they should be made permanent. I'm glad he agrees they should be made permanent."
half-true,"Already, the Affordable Care Act is helping to slow the growth of (Medicares) health care costs."
false,We have more people working in the state of New Jersey today than weve ever had in our history.
barely-true,"Toledo is fourth in the nation behind much bigger cities Miami, Las Vegas, Portland in number of human trafficking arrests and rescues."
mostly-true,Charlie Crist raised taxes in 2009 and wont rule out raising taxes again.
half-true,There are currently delays of up to six months in the processing of DNA evidence at the state run crime lab.
false,Says an Obama administration policy prohibits people who work with at-risk youth from promoting marriage as a way to avoid poverty.
false,Rob Portman is the one who actually sucked the jobs out of the (Mahoning) Valley and sent them to China.
half-true,Dallas African-American and Hispanic students pass AP exams at a higher rate than any other place in America.
pants-fire,"Says in the last 20 years, the French have not stood by the United States on foreign policy."
half-true,"Says Obama opposes lower gas taxes, nuclear power, new offshore drilling and doesn't have ""new solutions"" to the energy crisis."
mostly-true,All the money the Department of Citrus has is paid for by the citrus growers. You dont save dollars by eliminating the Department of Citrus.
half-true,"Bill McCollum ""cost the rest of us billions"" as a member of Congress, including a national debt that ""skyrocketed"" to $4.7 trillion."
half-true,Franklin Roosevelt (was) the last president to come to the Congress to ask for permission to engage into war.
true,Jasper County in Texas raised property taxes by 7 percent in order to pay for one death penalty case.
mostly-true,The United States is the only advanced country on Earth that doesnt guarantee paid maternity leave to our workers.
mostly-true,"When you have 8,000 veterans a year committing suicide, then you have a serious problem."
barely-true,Says the paperback edition of Mitt Romneys book deleted line that Massachusetts individual mandate should be the model for the country
true,"Before the terrorist attacks in Benghazi, the State Department not only failed to honor repeated requests for additional security, but instead actually reduced security in Libya."
mostly-true,The Boston Marathon bombing is the fifth case in which U.S. government officials examined individuals potentially involved in terrorism and felt they were no threat and they went on to carry out terrorist murders.
true,Says taxes paid by the poorest residents of Texas are above the national average.
barely-true,A socially conservative group sponsored a prayer vigil to stop people from buying Girl Scout cookies because it thinks the Girl Scouts are affiliated with Planned Parenthood.
pants-fire,John Cornyn voted twice in 2013 to back Obamas amnesty plan.
true,"Says as a share of the US economy, the governments support for research and development (RD) has fallen by nearly two-thirds since the 1960s."
pants-fire,"From Obama's book: ""I found a solace in nursing a pervasive sense of grievance and animosity against my mother's race."""
pants-fire,Bioweapon! Zika virus is being spread by GMO mosquitos (sic)
false,On whether he would run for U.S. Senate in 2012.
pants-fire,"Says Joseph Stalin said if you want to bring America down you, have to undermine three things: our spiritual life, our patriotism and our morality."
mostly-true,"Says NFL Commissioner Roger Goodell interviewed domestic abuse victim Janay Rice with Ray Rice present and for every domestic violence agency, every law enforcement agency, thats a no-no."
true,"Says in the Legislature, (Mary Nolan) has been a party-line Democrat, showing a 100% track record in harmony with the American Civil Liberties Union."
false,Says most Texas schools spend 45 out of 180 school days in mandated testing.
mostly-true,Says Connie Mack was the only member of the Florida delegation that voted against a bill to help NASA.
barely-true,"In January, I outlined a plan to help revive our faltering economy, which formed the basis for a bipartisan stimulus package that passed the Congress."
barely-true,Says federal health care overhaul will cost Texas state government upwards of $30 billion over the next 10 years.
pants-fire,"If you care about the environment, weve got record funding."
mostly-true,"Chris Christie helped funnel $6 million in federal Hurricane Sandy money to a senior center in Belleville, N.J., a place that suffered no damage."
pants-fire,"Wisconsin has created just under 100,000 jobs since he took office."
pants-fire,We havent yet taken out a negative ad.
barely-true,"Thats legal: If you find out about somebody elses salary even if youre doing exactly the same job, you can be retaliated against, including being fired, in most places."
false,The president and vice president cant be from the same state.
mostly-true,"We admit more than 100,000 lifetime migrants from the Middle East each year."
barely-true,Says U.S. Senate candidate Eric Hovde has no problem with raising taxes.
half-true,Says she made an accurate prediction that if Barack Obama were elected it would encourage Russia to invade Ukraine.
barely-true,Women who have miscarriages could be investigated by police under legislation supported by Republican state Senate candidate Rick Gudex.
pants-fire,Planned Parenthood is nothing more than a referral service. They dont do anything except profit from killing babies and then selling body parts of those aborted babies.
mostly-true,The national debt is larger than our entire annual economy.
true,Says Mitt Romney suggested that employers should be able to make the decision as to whether or not a woman gets contraception through her insurance coverage.
half-true,Montana Democratic Sen. Jon Tester is the largest recipient of lobbyist money.
mostly-true,We cut property taxes for seniors and our middle class.
false,The conviction rate is almost exactly the same for whites and blacks who commit murder.
true,More women are graduating from college now than men.
half-true,The Affordable Care Act is making families pay double-digit premium increases.
half-true,The United States has the best health care delivery system in the world.
true,Sherrod Brown has voted with Barack Obama 95 percent of the time.
false,Says its an old wives story that Margaret Thatcher told George H.W. Bush not to go wobbly.
false,I won the majority of the Republican vote in both New Hampshire and South Carolina.
pants-fire,"While Americans pray for Paris, the government has acted on mandatory national vaccinations."
mostly-true,Uses headlines to portray Gov. Rick Perry as beholden to special interests.
mostly-true,"The American people say, dont touch Social Security, dont touch Medicare, dont cut defense. Thats 84 percent of the federal budget."
false,The next state budget will begin with a surplus of over half a billion dollars -- $535 million to be exact.
barely-true,Women in the U.S. get 23 percent less pay than men for the same exact work.
half-true,Seven out of the 10 states with the lowest unemployment rates (have) Republican governors That approach that Republicans are using is working.
pants-fire,The health care reform bill would make it mandatory absolutely require that every five years people in Medicare have a required counseling session that will tell them how to end their life sooner.
false,There is a precedent for not nominating someone to the U.S. Supreme Court in the middle of a presidential election.
barely-true,"Franklin Roosevelt never allocated more than 12 percent of GDP to federal spending, while the percentage for Barack Obama is not projected to drop below 22.8 percent."
barely-true,"So far in 2015, there have been more mass shootings than days."
mostly-true,"Oregon concealed gun applications include home phone numbers, home address, Social Security numbers, what kinds of guns you have in the house whether you were dishonorably discharged from the military, what controlled substances you are taking and were you ever accused of -- accused, mind you -- of stalking."
false,Says Barack Obama supported Ted Kennedys ammo ban to outlaw all deer-hunting ammunition.
true,Cobb is one of the largest school systems (in the nation) that is debt free.
mostly-true,The federal minimum wage is worth about 20 percent less than it was when Ronald Reagan gave his first address to a joint session of Congress.
true,"From 2008 to 2011, the pages in the conforming bills have gone from 400 pages to 2,200."
false,"Wisconsins economy has tanked under Gov. Scott Walker andso far in 2015 over 6,685 people have been laid off, already more than in all of 2014."
true,"In fact, theres more state funding for education today than any other time."
half-true,People committed involuntarily for 72 hours under the Baker Act will get their guns back automatically and immediately upon discharge....and their commitment is never entered into a background check database.
barely-true,"The U.S. Army had a training program that put evangelical Christians, Catholics and Mormons in the same category of religious extremism as we do al-Qaida."
pants-fire,The Constitution simply does not authorize the federal government to own any of this land (in the Western states).
half-true,"Says President Barack Obamasown administration has done five environmental impact assessments of the Keystone XL pipeline, all of which have said it would have a minimum impact on the environment."
mostly-true,Americans havent had a raise in 15 years.
mostly-true,"Between the year 2000 and 2006, (insurance) premiums in this country doubled."
pants-fire,This (Independent Payment Advisory Board) board can ration care and deny certain Medicare treatments so Washington can fund more wasteful spending.
barely-true,"Says he first unveiled his new legislative agenda in Wisconsin, not in California as critics complain"
true,Science is very certain that the measles vaccine doesnt cause autism.
pants-fire,"Because the EPA closed a lead smelter in Missouri, all lead for bullets will have to come from overseas!"
true,I am a candidate. I have not withdrawn.
mostly-true,The actual (construction) contracts that weve awarded to date have come in several hundred million dollars below estimates.
false,You cant put a gun rack in a [Chevrolet] Volt.
mostly-true,Slot machines in Miami-Dade and Broward counties have generated 20 percent of the promised $500 million per year for schools.
mostly-true,"In Atlanta, since 1994 when the Seven Deadly Sins (mandatory minimum sentences) took effect, the violent crime rate has dropped 62 percent."
barely-true,Ted Cruz tried to ban contraception five times.
half-true,On in-state tuition for unauthorized immigrants.
barely-true,"Because of the new health care law, 17 million kids can no longer be denied for a pre-existing condition."
mostly-true,Sen. Marco Rubio refuses to accept the basic science on climate change and is a climate change denier.
false,"Economic inequality in Multnomah County has a face -- and a name. It has 90,000 faces and names -- the number of county residents who are still unemployed, or underemployed, in the wake of the 2008 Wall Street crash."
mostly-true,Texans spend $2.5 billion gambling in our neighboring states every year.
half-true,"One out of two Americans are living either in or near poverty. That means 150 million Americans, half of us."
pants-fire,President Obamas health care law represents a government takeover of health care.
false,"Hillary Clinton wants to shut down family farms using radical regulation, by raising business tax rates as high as nearly 50 percent and by taxing family farms again at death by as much as 45 percent."
half-true,Rep. Frank Wolf voted to allow terror suspects to buy guns.
false,SaysPeter Kilmartin voted in favor of expanding the good behavior statute to sex offenders.
barely-true,"Says the goal of the Affordable Care Act was to get 30 million people insured, but it only got 7 million."
half-true,John Boehner wants to reopen a tax loophole that actually rewarded corporations for shipping jobs and profits overseas.
false,We have constitutional amendment that says that there's a ban on drilling right off Florida's coast.
false,"When he took office in 2009, President Barack Obama had the biggest Democratic majorities in Congress since Lyndon Johnson."
true,Says his transportation plan would make Virginia the first state in the nation to eliminate the state tax on gasoline.
mostly-true,"Says hes arrested more criminals, including thousands of child predators and sex offenders, than any previous Texas attorney general."
false,Demand for public transportation is reaching record levels in Wisconsin.
pants-fire,"John Holdren, director of the White House Office of Science and Technology Policy, has proposed forcing abortions and putting sterilants in the drinking water to control population."
barely-true,A state reports projection is that approximately half of public employees would live outside municipal boundaries in a decade if the state bans local residency requirements.
pants-fire,Says two-thirds of groups targeted for IRS scrutiny were not conservative.
true,Wisconsin is #1 in the Midwest for personal income growth over the year.
mostly-true,"To pay for government growth, leaders of both parties borrowed $4 billion a day, leaving us with todays $14 trillion debt."
true,Six of Georgias counties have no lawyers at all.
barely-true,"Gas prices have gone up 99 percent since Obama became president, the highest gas price increase since Carter."
true,Says Romney wants to add $2 trillion to the defense budget that the military hasnt asked for.
false,"Of the roughly 15 percent of Americans who dont have health insurance, half of them made more than $50,000 a year."
half-true,The $2.3-billion budget deficit I inherited when I came into office became a $2.9-billion surplus.
false,Mitt Romney is the first major party candidate for president of the United States in modern times not to release at least 12 years of tax returns.
true,Three of our cities are among the top five worst cities in the U.S. for asthma.
mostly-true,"Up until recently, 75 percent of all the sorties that left the base came back without dropping their ordnances, because there was such a concern about making sure that there were no civilian casualties."
barely-true,"After hiring a campaign manager in 2006, I got this $100 and something fee ... for hazardous materials."
pants-fire,"Four years as a congressman, he [U.S. Rep. Hank Johnson] never talked about MARTA."
true,"Currently, we're at 36 percent of our children born out of wedlock."
half-true,The Obama administration has been raising taxes.
barely-true,"These are radical Islamic terrorists, and (Hillary Clinton) wont even mention the word."
barely-true,"Terrorist detainees were not covered by the Geneva Convention. They were unlawful combatants. And under those circumstances, they were not entitled to the normal kinds of courtesies and treatment."
half-true,"Every year the state loses 8,000-10,000 acres of land in bear country."
mostly-true,Borrowing in my 2015-17 state budget is less than half that in my predecessors last budget and the lowest it has been in a decade.
true,Fourteen million Americans mortgages are greater than the value of their homes.
mostly-true,Says Bernie Sanders voted for regime change with respect to Libya.
half-true,Two-thirds of the people who start out in minimum wage are above the minimum wage within a year.
half-true,Says his budget provides the highest state funding level in history for education.
mostly-true,More money is dedicated within the Department of Homeland Security to climate change than whats spent combating Islamist terrorists radicalizing over the Internet in the United States of America.
true,"If you will go look up the definition of act of God, weve used it in legal terms for a long time in this state."
false,I recently had the opportunity to vote to give the president limited authority to begin strikes against terrorists in Iraq and Syria.
mostly-true,Says recent polls show Americans agree with Republicans that the federal debt ceiling should not be raised and the debt and deficit should be dealt with mostly by cutting spending.
false,"If black America were a country, itd be the 15th wealthiest nation in the world."
half-true,Says Ron Johnson gave himself a $10 million sweetheart corporate payout
barely-true,About 1 in 10 public school teachers in Wisconsin would have been laid off without federal stimulus funds.
half-true,I started with a $3.7 billion budget deficit. Now we are projecting a $1.2 billion surplus.
half-true,"In Hillary Clintons tax returns, you saw a lot of income coming from donors to the Clinton Foundation and people who benefitted from her State Department term as well."
barely-true,Says Scott Walker tried to pass a law to allow pharmacists to block womens access to birth control.
barely-true,The governor must inform the Senate president about his or her absence from the state.
half-true,"In Russia all people are absolutely equal regardless of their religion, sex, ethnicity, or sexual orientation, while 70 countries of the world have criminal liability for homosexuality."
true,"In 40 years of broadcast, I have never endorsed any candidate."
mostly-true,"Today, home sales are up nearly 50 percent from where they were in the worst of the crisis."
pants-fire,The Earth is not warming.
true,On the main GOP presidential debate:Not one candidate on the debate stage has military experience
mostly-true,Says Fulton County government hasnt raised its millage rate since 1991.
false,Bryce Reeves chaired a group bankrolled by a New York billionaire who fired hundreds of Virginia workers and sent their jobs to China.
half-true,One of the reasons I believe were in trouble in Yemen is we lost the population on drone strikes issues. Thats what stirred up the population. Thats what is happening in Yemen.
mostly-true,"No city in the state, no state in this nation, for that matter the entire world, has adopted (clean energy) targets more ambitious in scale."
mostly-true,Women receive only 77 cents for every dollar a man earns.
barely-true,"The Obama administration is proposing to mine another 10 billion tons of Wyoming coal, which would unleash three times more carbon pollution than Obamas Clean Power Plan would even save through 2030."
true,In Rhode Island there are 150 different pension plans for public workers.
pants-fire,Two elections in a row (Waukesha County Clerk Kathy Nickolaus) has screwed up counting the vote
mostly-true,"In France, they have a (surveillance) program a thousandfold more invasive than the United States."
barely-true,"Secretly, unbeknownst to members of Congress, over $105 billion was hidden in the Obamacare legislation."
barely-true,"Of all the illegals in America, more than half come through Arizona."
half-true,The average American is working through the month of May just to pay off the government.
half-true,Ohio is doing better right now than the national average on all the (economic) numbers.
true,Sen. McConnell offered a fully paid two-month extension of unemployment insurance.
pants-fire,On assault weapon violence: Ducks have more protection than people in Virginia.
barely-true,"Despite the U.S. spending $10 billion on Iraqs electrical system, Baghdad still only gets five hours of electricity a day."
mostly-true,"Common Core is not from the federal government, they do not have their fingerprints on this thing at all."
true,"In Massachusetts, half of the primary care doctors are not accepting new patients."
pants-fire,"Says Obama opposes innovation, the electric car and ""clean, safe, nuclear energy."""
half-true,"The Congressional Budget Office estimates that for every $1 we spend on unemployment benefits, $1.90 is put into our economy."
mostly-true,"During the Reagan era, while productivity increased, ""wages for working people remained frozen."""
true,Georgia has more illegal aliens than the state of Arizona.
true,Says he sued Obamas EPA seven times.
mostly-true,The United States is behind many countries in Europe in terms of the ability of every kid in America to get ahead.
true,"Joe Biden ""voted against the first Gulf War. He opposed the surge. He wanted to partition Iraq."""
false,We had an amendment in the health care law that said the federal government is going to take over education.
mostly-true,There are polls showing right now that the American people for the most part think its a bad idea to provide tax cuts to the wealthy.
half-true,"If Congress does not pass the renewal of the payroll tax cut before the end of the year, nearly 160 million working families will see their taxes go up by roughly $1,000."
true,The very first meal on the surface of the moon was the Holy Communion.
mostly-true,Seven presidents before (Barack Obama) -- Republicans and Democrats -- tried to expand health care to all Americans.
mostly-true,Says opponents of the health care law prevailed on our two main arguments to the U.S. Supreme Court.
mostly-true,The economy added more jobs during four years under Obama than it did in the entire eight years under George W. Bush.
true,Says Mitt Romney opposes requiring employers to cover contraception and would eliminate funding for Planned Parenthood.
false,Says Gov. Scott Walker took away $1.6 billion from schools and handed it off as over $2 billion in tax breaks to the rich.
true,Barack Obama won't even use the term 'war on terrorism.'
barely-true,"Then, the Republican leader theatrically introduced new bills with stopgap budget language, declaring that we could stay until midnight and pass this compromise. Except under our constitution, a bill has to be read on 3 different days, so thats not possible."
half-true,"Hillary Clinton wants to ""wave the white flag of surrender and set a date for withdrawal."""
true,Says state Rep. Fred Clark (D-Baraboo) ran a red light and seriously injured a bicyclist.
false,Subsidies for oil and gas companies make up 88 percent of all federal subsidies. Just cutting the oil and gas subsidies out would save the U.S. government $45 billion every year.
pants-fire,"Says Hillary Clinton presided over $6 billion lost at the State Department, sold uranium to the Russians through (her) faux charity, illegally deleted public records, and murdered an ambassador."
half-true,"After Arizona banned smoking in all public places in 2007, admissions for acute myocardial infarction stroke, asthma, [and] angina decreased following the implementation of the ban."
false,I released the most extensive financial review of anybody in the history of politics. You dont learn much in a tax return.
mostly-true,Only 50 percent of students from Milwaukee public high schools go on to a two-or four-year college.
half-true,"Says76 percent of all voters in the United States say they want Johnson-Weld, by name, in the presidential debates."
half-true,African-American youth unemployment is 51 percent. Hispanic youth unemployment is 36 percent.
barely-true,Google search spike suggests many people dont know why they voted for Brexit.
false,Says President Barack Obamas debt commission recommended converting Medicare to a system where Medicare participants are given a voucher to purchase insurance in the private market.
half-true,"Passage of Clinton budget bill in 1993 ""led to an enormous flowering of the economy in America."""
barely-true,Teachers will not be able to return to work after raising their children.
mostly-true,"Says Hillary Clinton supported North American Free Trade Agreement), and she supported Chinas entrance into the World Trade Organization. She supported the job-killing trade deal with South Korea. She supported the Trans-Pacific Partnership."
half-true,We paid down the debt for four years -- paid down $600 billion on the national debt.
true,Says Barack Obama promised to halve the deficit in his first term.
true,"In 2011 alone, 269 New Jerseyans were killed by gun violence."
false,Barack Hussein Obama will ... force Christian schools to hire non-Christian teachers.
true,"Now, there was a time when someone like Scalia and Ginsburg got 95-plus votes."
mostly-true,"After Britains vote to leave the European Union, within 24 hours, Americans lost $100 billion from our 401(k)s."
true,Says A baby in Coos County is two times as likely to be born to a mother who is someone who used tobacco during her pregnancy as is the average baby born in Oregon or the U.S.
false,"New Jersey today has fewer employees in state government than it had when Christie Whitman left office in January of 2001, and I think thats good. And we did it without any layoffs. We did it through attrition."
mostly-true,Says Virginia House Republicans are sacrificing $5 million a day in U.S. funds by refusing to expand Medicaid.
false,You know how many children in the history of the United States have died in a fire (at school)? Zero.
false,On receiving campaign contributions from out-of-state donors
true,The United States has a low voter turnout rate.
barely-true,Seniors enrolled in Medicare Advantage are going to see an average premium increase between $50 and $90 per month.
true,Says the U.S. Constitution provides for just compensation when land is taken under eminent domain.
false,Says more Republicans than Democrats voted for the Wall Street bailouts.
pants-fire,A Scott Rothstein victim says that he was swindled by Charlie Crist.
false,"Terry McAuliffe cashed in, walking away with millions from the demise of Global Crossing."
barely-true,Says Milwaukee County buses are no less safe now than a year or two ago.
pants-fire,Says the Wisconsin Republican Party tweeted Happy International Womens Day! You ladies should get paid less and not be able to make health care decisions.
half-true,"Over 12,000 school kids were arrested in Florida. It makes Florida the nations leader in that area."
barely-true,"Marijuana is a Schedule I drug, which you understand means that you cant do any research about it."
true,Says one in four women and one in seven men have been victims of domestic violence in their lifetime.
true,"Once our Blueprint for Prosperity is signed into law, we will have delivered $2 billion in tax relief."
false,We spent $223-million on a bridge in Alaska to an island with 50 people on it.
half-true,People for the Ethical Treatment of Animals estimates 200 animals will be spared annually as the result of former President Bill Clinton adopting a vegan diet.
barely-true,Medicare premium support backed by Republican vice presidential candidate Paul Ryan is not vouchers.
false,"After President Barack Obamas health care law takes full effect, 100 percent of Americans will depend on some form of federal payment, some form of government benefit to help provide for them."
pants-fire,Says Rep. Michele Bachmann said President Barack Obama might be to blame for the Fort Hood shootings.
pants-fire,To deprive underprivileged children of a meat-based protein during school lunch is most likely depriving them of their only source of protein for the day.
false,On the way the federal government should spend Floridas rejected high-speed rail money.
false,Says Jim Renacci opposed increasing combat bonuses for our troops.
pants-fire,Says Barack Obama began his presidency going on a worldwide apology tour.
barely-true,Natalyn Archibong skipped (Atlanta) City Council meetings or was late 90% of the time. Then she voted herself a pay raise.
barely-true,The size of our federal government has more than doubled since the year 2000.
half-true,"Thanks to the Obama administrations negotiations, Irans nuclear program will be under lock, key and camera 24 hours a day, 365 days a year."
mostly-true,"Sen. Kay Bailey Hutchison's ""concession speech came with less than 20 percent of the precincts having been counted."
half-true,Says Republican U.S. Rep. Bob Dold continues to side with his Republican leadership and the NRA in blocking consideration of a bill that would keep firearms out of the hands of people on the terrorist watch list.
mostly-true,Seven more people will die each and every day until the Legislature ratifies these (pain clinic) rules that are being approved by the Board of Medicine and the Department of Health.
false,We spend almost twice as much per capita on health care as do the people of any other country.
half-true,Obamas mid-term approval ratings are similar to other presidents who went on to re-election.
half-true,Ohio taxpayers spent more than $67 million for the year on food stamps and Medicaid for Wal-Mart workers
true,There have been at least four incidents where bullets from Mexico have crossed the border.
false,"In Oregon, 12,808 people were arrested for marijuana-related crimes in 2012."
half-true,We have the fewest people employed in this country since 1979.
barely-true,Charges on the Republican Party of Florida credit card were made with my money.
mostly-true,"Says Donald Trump has bankrupted his companies not once, not twice but four times."
barely-true,"When it comes to taking cuts in tough budget times, Wisconsin state workers havent had to sacrifice."
false,More people are losing their insurance (due to Obamacare) than are becoming newly insured.
false,"The big Wall Street banks, the big corporations give many times more political donations to Democrats than Republicans."
half-true,Says Chris Koster opposes right-to-work efforts because he has taken $8 million from union bosses.
false,On drilling off the Atlantic coast
true,Wisconsins attorney general and state treasurer ordered the daughter of Earth Day founder Gaylord Nelson not to discuss climate change on state time.
mostly-true,"The state Legislature attempted to ""outlaw stem cell research, passes bills about microchips in the brain, and talks about seceding from the Union."""
false,The top 1 percent of income-earners pay about 40 percent of all taxes into the federal government.
pants-fire,"When Obama went to Pakistan in 1981, he could not have been traveling as a U.S. citizen."
false,Mary Burke wasted 12.5 million dollars on a vacant lot in a move that could cost taxpayers nearly $25 million.
mostly-true,"Obama ""hasn't been to Iraq in years."""
true,The commission form of government is definitely losing favor in the United States.
half-true,Georgias high school graduation rate topped 80 percent in 2010.
half-true,"Emails released to the public show Hillary Clinton discussed the location of Ambassador Stevens, who of course was murdered, in Libya."
false,Says Many people Ive talked to are angry that because of City Hall inaction we may have to spend a needless $500 million to cover and treat our pure drinking water.
mostly-true,25 percent of federal inmates are noncitizens.
pants-fire,"Says Republican gubernatorial candidate Scott Walker increased his own pay by $50,000."
mostly-true,"Since 1990, in inflation-adjusted dollars, per-student funding of the (Florida) state university system from general revenue has dropped by about $4,000."
half-true,Weve rebuilt China.
barely-true,"In 2011, texting surpassed alcohol as the leading contributing factor in teen driving deaths."
half-true,"Donald Trumps strategy is pretty simple. They have even said in his campaign its to get women to stay home, get young people to stay home, get people of color to stay home, and get a lot smart, intelligent men to stay home, too."
true,Says U.S. Sen. Ron Johnson voted to let oil and gas companies emit unlimited carbon pollution into our air
true,60 percent of all Americans do not want to see Planned Parenthood defunded.
true,Between 1982 and 2007 the cost of a college education increased 439 percent.
true,"Under President Barack Obamas leadership, since June 2009, (the auto) industry has added a quarter of a million jobs."
false,"Today, you cant rely on (the retirement fund for public employees), its not funded."
barely-true,The Capitol Police force is going so far as to use paramilitary equipment in dealing with singing protesters in Madison
barely-true,"Says 15,000 IRS employees have to be added to administer ObamaCare and look at the tax implications."
false,"Scientists have shown us (that) the greater possibilities, the real science movement, has been with adult stem cell research. It has not been with embryonic."
false,The word progressive...was created as a substitute forcommunist.
barely-true,A third of the budget for the city of Ferguson (Missouri) was being reaped by civil fines.
pants-fire,"Starting in 2011, ""you will be required to pay taxes"" on ""the value of whatever health insurance you are given by the company."""
half-true,"When you look at the earned income tax credit, it has about a 25 percent fraud rate. Were looking at $20 billion to $30 billion."
false,Milwaukee has the second-highest number of children recovered from sex trafficking.
half-true,Weve lifted high school graduation rates to new highs.
half-true,There are more guns than there are people in the United States.
false,Says a gun bill before the Senate is proposing the universal registration of all firearms and their owners.
true,"Over the past 10 years, the number of people living in Lower Manhattan has nearly doubled. In fact, Lower Manhattan has added more people over the last 10 years than Atlanta, Dallas and Philadelphia combined."
half-true,"Obama's first call (as president) to any head of state was to Mahmoud Abbas, leader of Fatah party in the Palestinian territory."
half-true,NASCAR endorsed Trump
false,"There are over 2,000 crimes recorded per 100,000 population in the U.K., compared to 466 violent crimes per 100,000 in the United States."
false,"Ken Hodges badly botched this investigation and, as a result, justice wasnt done in this case."
half-true,There are so many loopholes ... our businesses pay effectively one of the lowest tax rates in the world.
false,"Over 214,000 doctors opt out of Obamacare exchanges."
pants-fire,"McCain's energy plan is a ""single-answer proposition"" new domestic oil drilling."
mostly-true,"Carly Fiorina, shes against banning assault weapons."
half-true,"Low-flow toilets can cost homeowners up to $1,000 each."
true,"When Mitt Romney was governor of Massachusetts, he stood in front of a coal plant and pointed at it and said, This plant kills."
half-true,"Ed Gillespies firm even lobbied for five foreign governments, including a dictator now awaiting trial for war crimes."
true,Nearly 40 percent of his McAllen-area constituents suffer from obesity.
pants-fire,Says the media created the term polar vortex and the cold air proves the ice isnt melting.
barely-true,"By voting for Obamacare, Sen. Kay Hagan voted to kill the equivalent of 2.5 million jobs."
mostly-true,"Obama's plan for health care reform ends exorbitant out-of-pocket expenses, deductibles or co-pays."
true,"The state of Georgia has lost 200,000 total jobs and 50,000 construction jobs since May 2007."
false,"Says his GOP challenger, Doug MacGinnitie, ""hadnt voted in a Republican primary for almost 20 years until 2008."
false,Only 2 percent of public high schools in the country offer PE classes.
mostly-true,I investigated Abramoff and people ended up in jail.
half-true,Says Milwaukee County Executive Chris Abele eliminated sheriffs office funding for providing security for presidential and presidential campaign visits.
half-true,Global surface temperatures have been flat for 16 years.
barely-true,The polls show over half of Americans identify themselves as being pro-life.
half-true,On opposing legislation that would take away existing health care plans.
barely-true,"Says 13 Texas universities have announced or implemented a $10,000 degree."
mostly-true,Florida has the third most-regressive tax structure.
half-true,ISIS reaches about 100 million people a day through social media.
pants-fire,"Says Vladimir Putin said, President Obama and his fellow Democrats are either idiots or deliberately trying to destroy their own economy."
mostly-true,"The lawyer who brought the case against NationsBank said publicly that Alex Sink had nothing to do with the case, had nothing to do with the situation and didnt know about the problems."
true,We fixed a loophole in the (gun) background record check system so that we could make our commonwealth safer.
half-true,Says his proposed education spending is the highest state funding level in Florida history.
half-true,"The Postal Services financial losses result from a 2006 law that drains $5 billion a year from post office revenue, while the Postal Service is forced to overpay billions more into federal accounts."
barely-true,Says Rick Perry wrote a letter supporting Hillarycare.
barely-true,"1/3 of our kids drop out (of high school), cannot go to college or start a career."
pants-fire,Says the Feingold garage ad is a fake: Hes not standing in front of his house.
mostly-true,"Spending increases, not tax cuts, are the major cause of the federal budget deficit."
mostly-true,"My campaign finished the last quarter reporting the most cash on hand of any Republican in the field $13.8 million in the bank, $3.5 million more than the Jeb Bush campaign."
barely-true,The [Georgia] General Assembly took away the Atlanta Board of Educations oversight of the superintendent.
half-true,Says President Barack Obama is responsible for pending defense cuts.
true,"Every poll you see, the overwhelming majority of people want [E-Verify]."
barely-true,Says Chris Christie instituted an Internet sales tax.
mostly-true,North Carolina Republican Senate candidate Thom Tillis would let insurance companies deny coverage for pre-existing conditions.
half-true,"Says Sen. Mark Begich is ineffective because he has only passed one bill, the naming of a building."
mostly-true,Says the Central Ohio Human Trafficking Task Force is the first task force of its kind in Central Ohio
mostly-true,"New Jerseys governor cut $1.6 billion from public education while handing out $2.1 billion in corporate tax breaks, more than the entire previous decade."
barely-true,"From 2014 to 2015, Austins murder rate is up a whopping 83 percent."
barely-true,"U.S. Olympic medal winners will owe up to $9,000 to the IRS."
true,The Obama administration increased the deportation of illegal immigrants convicted of crimes by 70 percent.
true,The Koch brothers are one of the biggest polluters in the country.
barely-true,"Says Morgan Carroll opposed requiring convicted sex offenders to register their online profiles, making it harder to track online sex offenders and child predators."
pants-fire,Ted Cruz helps run two national organizations that have been leading the push to give amnesty to illegal immigrants.
half-true,President Barack Obama (is) the first president in history to cut Medicare by $700 billion.
true,"Says right now, we have more military spending than the next 10, 11, 12 countries combined."
barely-true,"(Mary) Burke was a senior member of the Doyle administration that left Wisconsin with 130,000 fewer jobs."
true,"Says by rejecting an expansion of Medicaid under the new law, Georgia was depriving 25,000 veterans of health care coverage."
half-true,"Says if the (Iran nuclear) deal gets rejected, they still get $150 billion."
pants-fire,Benzene has never been proven to be harmful.
true,More Americans have died from guns in the United States since 1968 than on battlefields of all the wars in American history.
false,"Even among second and third generation Muslims in the United States, theres no real assimilation."
true,Health insurance companies' costs are only 4 percent of all health care spending.
false,Every bit of plastic that has ever been created still exists.
mostly-true,The Washington Times ... pointed out that we had succeeded where previous administrations had failed on spending cuts.
false,The health care reform bill is the largest tax increase in U.S. history.
barely-true,"Every year in the United States between 3,000 and 4,500 severe vaccine reactions are reported to the Centers for Disease Control. Not mild reactions. Severe reactions that land somebody in the hospital, the intensive care unit or cause a permanent disability or death."
barely-true,"The polling shows over and over again that, unlike Donald Trump, that with me as the nominee, we beat Hillary Clinton."
barely-true,We know that Sunday mornings have usually been given over to conservative white men.
true,"In Galveston, Texas, they have allowed people to privatize part of their Social Security. And people are building wealth."
half-true,Says Mitt Romney has put forward a plan that would cut taxes for millionaires while raising them for the middle class.
false,Says the first word spoken from the moon was Houston.
false,Virtually every person across this country has seen premiums going up and up and up due to Obamacare.
false,"For a young man or woman who is entering the ninth grade in Newark this year, they have a 29 percent graduation rate."
true,"Says Ohio is one of just 17 states with an estate tax, and it has the lowest threshold in the nation."
true,The budget for the Consumer Financial Protection Bureau is only about 1 percent of the amount banks generate just from late fees and overdraft fees.
false,Seth Magaziner plans to spend billions more of your money.
barely-true,"Says that after she declared her candidacy for Congress, the redistricting process was manipulated to allow incumbent politicians to guarantee their re-election."
pants-fire,"Dont believe those phony numbers when you hear 4.9 and 5 percent unemployment. The numbers probably 28, 29, as high as 35. In fact, I even heard recently 42 percent."
pants-fire,Says Jill McCabe supports late term abortions. Larger baby parts are more profitable.
half-true,"This year, we have added an average of 200,000 jobs per month, a majority in the private sector, a stark contrast to the Bush Administration record of losing an average of nearly 750,000 jobs per month in its last three months."
barely-true,Wisconsin education agency urged white students to wear white wristbands as a reminder about your (white) privilege.
true,"For the first time in 35 years, we have more businesses dying than we do starting."
mostly-true,"Today, we have more boots on the ground near the Southwest border than at any time in our history."
mostly-true,"If you make the average amount of people in Wisconsin, $50,000, you got $1.60 less a week in taxes under the state income-tax cut, but it didnt show up in your paycheck."
half-true,Says David Jollys former firm lobbied for hundreds of millions (of dollars) for a dictator in Pakistan.
false,Says city leadership is threatening to lay off police and emergency services personnel to balance the budget.
barely-true,"Obama ""says he'll raise taxes on electricity."""
mostly-true,Bill Clinton invited him (the Rev. Wright) to the White House when he was having his personal crises.
barely-true,Ive been here almost every day.
false,Birth control pioneer Margaret Sanger believed that people like me should be eliminated.
half-true,"America has lost over 50,000 manufacturing factories on other trade deals."
mostly-true,"The financial penalties imposed on gay couples can cost us more than $300,000 compared with married heterosexual couples over a lifetime."
false,"Says the state auditor found that 37 percent of the 428,000 students receiving free and reduced-price lunches are ineligible."
mostly-true,My son had to resign his job because of federal regulations that Washington has put on us.
true,The Bush tax cuts helped to create a substantial part of the deficit.
mostly-true,"By age 65, the average woman will have lost $431,000 throughout her working career was a result of the pay gap."
mostly-true,"New York is the safest big city in the nation, and our crime reductions have been steeper than any other big citys."
true,Rick Scott's even saying he wants more offshore drilling.
pants-fire,20 million people could lose their current coverage including our senior citizens who are on Medicare.
half-true,"In Massachusetts under Mitt Romney, unemployment went down, household incomes went up, and the state saw its credit rating upgraded."
pants-fire,Says Donald Trumps Make America Great Again caps are made in China.
false,On repealing the 17th Amendment
false,"300,000 Floridians have lost their health insurance as a result of Obamacare."
false,Says Barack Obama is the first president to appoint 45 czars to replace elected officials in his office.
pants-fire,"Youll find blacks in almost every regiment throughout the South who fought right alongside white Southerners, during the Civil War."
mostly-true,Says the director of an anti-abortion group receiving a Texas grant to provide womens health services believes HIV can be spread through the sewer system.
barely-true,"Says that when he was governor of Utah, he worked with the state Legislature to create a flat tax that cut income taxes by 30 percent."
barely-true,Says states not directly involved in the gay marriage lawsuits that reached the Supreme Court are not bound by the courts ruling.
mostly-true,"$100,000 in stimulus funds (were) used for a Martini Bar and Brazilian Steakhouse."
half-true,"Says when Mitt Romney was governor, Massachusetts was 47th in job creation"
half-true,Kathryn Starkey aided and abetted the continued taxation on residents properties over 70 percent of the time by seconding motions and voting to keep the millage rate the same.
barely-true,"The CBO, the Congressional Budget Office has said that Obamacare will kill 800,000 jobs."
barely-true,Says Milwaukee County elected officials drive around in luxury cars on your dime.
pants-fire,David Dewhurst has a record of promoting an income tax.
half-true,"In one Colorado hospital, 50 percent of newborns tested had marijuana in their system."
false,Attorney General Eric Holder is involved in the dismissal of the criminal charges against the New Black Panther Party for voter intimidation
pants-fire,Alison Alter got an F in attendance in 2016 as an Austin parks board member and was removed by a unanimous vote of the Austin City Council.
true,"Says this months special session will cost the state $27,300 a day just for legislators daily living expenses."
false,"Of $60 billion Congress approved in response to Hurricane Sandy, only 10 percent was for disaster relief."
half-true,"As a senator, Hillary Clinton has her name on three laws in eight years."
true,"In the past decade in New York State more than 30 current and former state officeholders have been convicted, sanctioned or accused of wrongdoing more than any other state."
false,On changing the rules for filibusters on presidential nominees
barely-true,The Murray-Ryan deal is the first divided-government budget agreement since 1986.
pants-fire,"Statistics show one male cat can father 420,000 kittens in five years."
barely-true,"Rob Teilhet, Just another career politician."
false,"The Katy Freeway, or Interstate 10 west of Houston, is the widest freeway in the world, with up to 26 lanes, including frontage road lanes."
half-true,Says the private sector in Texas created 1 million jobs over the past decade.
barely-true,"Says Rob Portman was a registered foreign agent whose client was Haiti, at a time when the Baby Doc, Duvalier, who was a despot, was killing people."
mostly-true,"There are approximately 18,000 (police) departments in the United States."
false,Says he has exposed plans by Wisconsin Gov. Scott Walker to push legislation that would allow the state to declare financial martial law and take over municipal governments.
mostly-true,"In Texas, there are 668 Democratic Hispanic elected officials to the 60 in the Republican Party."
mostly-true,George Bush sent people to war without body armor.
barely-true,"Says in January 1992, George H. W. Bush probably had a 90 percent or even higher approval rating after the first Gulf War."
barely-true,"(Sen. Robert) Gordon cost us money, exempting the Newark sports arena from paying property taxes and sticking us with the bill."
mostly-true,"Lean, finely textured beef is the proper name [not pink slime], and it is a safe, widely used product."
false,Commerce Secretary nominee John Bryson appears to endorse world government.
barely-true,"I fought hard for that (state Senate) seat. I only lost by four points. I raised over $700,000."
false,The premiums on Medicares prescription drug program have fallen almost every year since it began.
false,The Islamic State just built a hotel in Syria.
false,Harry Reid has voted to give special tax breaks to illegal aliens.
barely-true,"In the 100 days since its passage, the economic stimulus has ""saved or created nearly 150,000 jobs."""
pants-fire,"President Obama, Sen. Harry Reid and Rep. Nancy Pelosi passed a $1.2 trillion stimulus bill."
barely-true,The sequester is not something that Ive proposed. It is something that Congress has proposed.
barely-true,"Says of Mitch McConnell,What can happen in 30 years? A senator can become a multi-millionaire in public office."
half-true,Suzanne Bonamici votes with her party a partisan 98 percent of the time.
false,"This year, Eric Cantor has received more money from oil companies than any other member of Congress."
false,Says Robert Hurt supports the tax loopholes that send American jobs overseas.
half-true,Theres a loophole where you can sell guns without a background check 40 percent of guns are sold that way at gun shows and over the Internet.
barely-true,Says Elizabeth Warren lied when she says I want to abolish the Federal Minimum Wage.
true,Congress as a whole is less popular than its been since polling was invented.
false,"State budget cuts for local schools resulted in nearly 4,000 educator layoffs"
false,ACORN could get up to $8.5 billion more tax dollars despite being under investigation for voter registration fraud in a dozen states.
barely-true,"If the U.S. stops adding to the Strategic Petroleum Reserve, it ""will lessen worldwide demand for oil"" and reduce prices."
true,"Under President Barack Obamas jobs bill, you can sue if you are unemployed and dont get the job and think you werent hired because you are unemployed."
false,The wives of the 9/11 hijackers knew exactly what was happening and went back to Saudi Arabia two days before the attacks to watch their husbands on television flying the planes.
mostly-true,"Says Charlie Crist was pro-life, pro-gun and vehemently anti-tax."
true,Wisconsins non-discrimination law doesnt protect members of the trans-gender community.
barely-true,A bill supported by Gov. Scott Walker makes it so that drunk drivers who kill have an easier time of it.
half-true,The planned expansion of Savannahs port is a jobs creating project.
false,"The average student will be spending $1,700 to $1,800 more during the life of their loan because of this surcharge."
mostly-true,We lock up close to 2.4 million people in this country. Were locking up more people than China and Russia.
barely-true,Ive supported every investigation (into Hurricane Katrina) and ways of finding out how what caused the tragedy. Ive met with people on the ground. Ive met with the governor.
half-true,"Hillary Clinton said, with a straight face, that the terrorist attacks this weekend were caused by Donald J. Trump"
false,White House spokesman Robert Gibbs lied when he said President Obamas birth certificate is posted on the Internet.
mostly-true,Says President Barack Obamas proposed budget includes two new tax increases that would collect about $14 billion.
false,Ohio has lost more population than every other state in the country except for two.
barely-true,Ive shut down pill mills.
barely-true,"Many Nevadans relied on Uber for work, but after accepting $70,000 from taxi companies, Catherine Cortez Masto went after Uber ... (driving) them out of town."
barely-true,Taking all the money of the top 1 percent wouldnt keep Medicare going for three years.
pants-fire,"When asked by a reporter whether hes at the center of a criminal scheme to violate campaign laws, Gov. Scott Walker nodded yes."
true,"If you are a member of union, your median weekly income is roughly $200 more than if you are a nonunion member, and that doesnt include benefits."
false,Says Rick Perry said theres an administrator for every teacher in Texas public schools.
false,"Were above 800 million Muslims radicalized, more than half the Muslims on Earth Thats not a minority. Thats now a majority."
false,Says 11 soccer players on the U.S. Mens National Team are immigrants.
half-true,Proposed fast-track legislation allows presidents to easily use a future trade deal to override our domestic financial rules.
false,Lincoln was fervently making plans to send all freed slaves to the jungles of Central America once the (Civil War) was over. The only thing that kept this from happening was his assassination.
false,"An Environmental Protection Agency regulation that goes into effect Jan. 1, 2012, regulates dust."
false,The Georgia Regional Transportation Authority concluded that light rail in Cobb County would more than double commute time and would therefore be unsuccessful in alleviating traffic congestion.
false,On a government spending freeze.
false,The fact is the Clinton Foundation has got about 80 percent in overhead and 20 percent of the money is actually getting into the places it should.
mostly-true,This bill allows Virginia to join about 23 other states that have an ultrasound procedure before an abortion.
half-true,Says Chris Christie vetoed a jobs package of 30 bills.
false,Our federal government has lent $2 billion to the state-owned oil company of Brazil to allow them to explore for oil and gas.
false,Says Donald Trump hasnt broken his promise to release his tax returns.
true,Large majorities of the public oppose major changes to Medicare and favor higher taxes on the wealthy.
false,Says only about 250 Texans have been killed in action since 9/11.
true,Ilana Shafran Mandels stake in Forest City Enterprises constitutes significantly less than 1 percent of the companys shares and any implication of a conflict of interest is legally incorrect.
true,"Says Time magazine called him ""one of America's best governors."""
false,"When the Affordable Care Act was signed, 17 million American children had a pre-existing condition and were uninsurable."
mostly-true,"Says by reducing chronic health care costs in the State of Georgia, we can reduce the $32.8 billion lost each year due to lack of productivity and economic costs."
pants-fire,The Senate voted this week to allow illegal aliens access to Social Security benefits.
false,"Says Oregons high minimum wage is the reason why by 2011, Oregons restaurants employed an average of only 13.8 workers, or 2.6 fewer employees than they did before the states minimum wage began rising above the federal level in 1997."
mostly-true,The cost ofa gas tank fill-up has risen$30 sinceBarack Obama became president.
false,Bill White ...offered sanctuary to illegal immigrants.
half-true,"Says Scott Browns carrying some big oil baggage because he collected over $400,000 in campaign contributions."
true,Nearly 20% of our residents are born abroad.
false,The Pell bridge is a tourism bridge essentially and not a commuter bridge.
mostly-true,Money towards the Ebola vaccine is basically cut in half to what it was. More cuts are coming under the congressional sequester.
false,Ralph Hall has never voted to raise the debt ceiling.
mostly-true,Says Minnesota has more Fortune 500 companies than Oregon and one of the most obvious differences is theyve invested in their schools.
pants-fire,"Says thousands at a Manhattan rally for Donald Trump were chanting We hate Muslims, we hate blacks, we want our great country back."
true,"Earmarks requested in a federal spending bill included $277,000 for potato pest management in Wisconsin."
true,Were spending $1 trillion a year on our foreign policy.
true,"Nobody has played clips over and over ...of President Obama (saying), If they bring a knife to the fight, well bring a gun."
barely-true,Says we got a chance to pass what I think is Oregons first human trafficking bill which has increased by 66 percent the calls to the human trafficking hotline.
mostly-true,Hackers broke into Virginias prescription-drug database (and) ... obtained more than 8.2 million patient records and a total of nearly 36 million prescriptions.
barely-true,"Theres a tremendous tax that we pay when we (American businesses) go into China, whereas when China sells to us theres no tax."
half-true,"The Bush administration pulled the troops out of Afghanistan, pulled the resources away, because they wanted to invade Iraq instead."
barely-true,"The estate tax, which came into being by Republicans like Teddy Roosevelt and others ... is there for a real simple reason: In America, we've never liked the idea of massive inherited wealth."
half-true,It was Dan Sullivan who wrote a bill to cut Alaskans out of those decisions about where they can hunt and fish.
false,Theres nothing in the voting instructions that weve been getting in the last several elections that lets you know about the limitations of the master lever.
barely-true,"John McCain intervened, which helped Airbus get that Pentagon contract."
barely-true,Says Texas school systems lose 45 days a year on testing.
mostly-true,Says TriMet spends $10.3 million in police contracts a year for 56 transit police who must respond to non-transit calls
mostly-true,Women fill two-thirds of minimum wage jobs.
half-true,"Payday lenders profit from the poor by charging 1,000-plus percent interest."
half-true,"Four balanced budgets in a row, with no new taxes for anyone. The best job growth in 12 years. Nearly 130,000 new private-sector jobs. Merit pay to reward New Jerseys best teachers, and the most education funding ever."
half-true,Ben Unger supported a 15 percent property tax increase on Oregon seniors.
barely-true,"Almost 1,000 people a day are moving to Florida because they are more free here than they are in some other states."
false,"Under Rosemary Lehmberg, the Travis County D.A.s office convened the grand jury that indicted Rick Perry."
half-true,"Washington, D.C., now has greater population than Wyoming and Vermont, more active duty military than 29 states, more tax revenue than 29 states (and) a larger domestic product than 27 states."
barely-true,Says the state is required pick up 70 percent of the cost of K-12 education.
false,Rhode Islands unemployment insurance system is the most expensive such system in the country.
pants-fire,"794 law enforcement officers have fallen in the line of duty since B.H. Obama took office, with no special recognition from the White House."
barely-true,"Says someone earning $50,000 a year will fare better under his 9-9-9 plan than under the current tax system."
false,"The Obama administration offered $900 million to Hamas, a recognized terrorist organization, to rebuild Gaza."
half-true,"Says more than 1 million Texans are jobless, the state has its highest unemployment rate in more than 20 years and joblessness doubled on Rick Perrys watch."
true,Virginia now is the number one exporter of (agricultural) products to Cuba. We have now jumped to number one.
false,Says Greg Abbott converted over $1 million in federal grant money intended for use to prosecute online sexual predators and other cyber crimes and instead used it to harass and prosecute senior citizens who were assisting other senior citizens in applying for mail-in ballots.
true,Says Fox News gave Republicansenators twice the air time as Democrats during a hearing about theIslamic State.
pants-fire,"I wanted to keep it private, because I dont think its anybodys business if I want to send money to the vets."
mostly-true,"The original compromise for the Confederate battle flag in South Carolina was to put it on the back side of the statehouse, out of public view so it would not have any appearance of sovereignty."
half-true,Says he often appeared on The OReilly Factorand often was praised byBillOReilly.
barely-true,"Under Scott Walker, Wisconsin moved from 16th to third in percentage of people with student loan debt."
barely-true,Dubai is the only country with huge amounts of imported workers that's actually passed legislation to give these immigrant workers a better deal in the Middle East.
mostly-true,"Currently, almost 40 percent of people with HIV are not diagnosed until they already have developed AIDS. And that can be up to 10 years after they first are infected with HIV."
false,I have not said that I was a single-payer supporter.
false,Says Gov. Chris Christies poll ratings have been going up.
false,"In one year, (President Obama) provided $90 billion in breaks to the green energy world into solar and wind, to Solyndra and Fisker and Tesla and Ener1."
true,"Well, you know, the Teamsters wanted to drill in Alaska. I voted against drilling in Alaska. So it's not like I'm a slam dunk on every issue."
barely-true,Says tanking Rick Perrys federal tax plan has huge tax cuts for rich people and big tax hikes for everyone else.
barely-true,"All of Floridas four-year state colleges now offer bachelors degrees for only $10,000."
true,The State of Texas does not even use the E-Verify system to determine if someone is legally in our country when they apply for a job.
true,Over the past five years the federal government has paid out $601 million in retirement and disability benefits to deceased former federal employees.
false,Every major study that has been done by a legitimate group ...shows that there are hundreds of thousands of jobs to be created if you pass our (cap-and-trade) legislation. And if you wind up pricing carbon.
half-true,"We bring in enough tax revenue to service our debt, pay for Medicare and Medicaid and Social Security, and then still have about $300 (billion) or $400 billion left over."
mostly-true,"When you look at the number of crashes before the cameras were installed compared to after, theyre virtually the same."
half-true,"Kohls Department Stores in 2012 announced the creation of 3,000 new jobs."
barely-true,Says he created more than 500 American jobs.
false,This is not a mosque. Its a cultural center that has a prayer area.
pants-fire,"The wife of the Ferguson, Mo., police chief said African-Americans in Ferguson are feral and violent."
mostly-true,"Thanks to our reforms, the average family will have an extra $322 to spend."
pants-fire,Ron Klein repeatedly voted in favor of amnesty for illegal immigrants.
true,"In Georgia, Perdues company closed plants and moved jobs to China."
mostly-true,I'm the product of a mixed marriage that would have been illegal in 12 states when I was born.
half-true,Two million more Latinos are in poverty today than when President Obamatook his oath of office less than eight years ago.
half-true,Says Richard Devlin raised your taxes by $1 billion in a single day.
half-true,On offshore drilling.
barely-true,"While Arkansas seniors depend on Social Security and Medicare, Sen. Mark Pryor supports an overhaul so they couldnt get Social Security until they turn 68 or 69."
barely-true,We get 30 percent of our oil from the Gulf (of Mexico).
barely-true,Says U.S. Rep. Charles Bass wants to privatize Social Security.
false,The omnibus bill has only $3.8 billion in earmarks.
pants-fire,"Says Democratic challenger for his N.C. House seat raised taxes on clothing, school supplies even baby diapers!"
true,On offshore oil drilling.
true,A bill to eliminate Delta Air Lines jet fuel tax breaks violates federal law and puts the state at risk of losing critical funding from the Federal Aviation Administration.
true,"Says that unlike Texas, Missouri has a perfect AAA credit rating."
true,"During his tenure as mayor, he saw Houstons crime rates drop to the lowest levels in more than 25 years."
barely-true,Tell me what Madeleine Albrights position was on the War on Iraq. I wouldnt be surprised if she supported it.
mostly-true,Barry Smitherman doesnt have enough legal experience to apply for most of the jobs at the attorney generals office.
true,Says the media distortedwhat happened with a baby at his rally.
mostly-true,"Just 9 percent of Muslims in Pakistan viewISIS favorably. Unfortunately, that 9 percent is 16 million people. And thats just one country."
half-true,"Says Sen. John McCain told dreamers that hell support the Dream Act, then he voted against it."
half-true,"Many of the companies bankrolling the ad campaign against Amendment 4 are recipients of a congressional bailout, in the form of humongous tax refunds earlier this year."
true,"Actually, Reagan was a Democrat before he was a Republican."
barely-true,Says U.S. Senate opponent Tommy Thompson favors raising taxes on small businesses.
mostly-true,"In altered photo, says Barack Obama wants more of Texans private data via health care."
true,"Says the state of Texas rates as unacceptable almost 500 of the states 8,000 public schools."
barely-true,I said two years ago that the Fannie and Freddie thing was a very serious problem and we had to work on it.
false,"When Washington liberals wanted to take away our guns, Chet said no."
pants-fire,"In the 1970s, the swine flu broke out . . . under another Democrat, President Jimmy Carter."
half-true,"Research shows the employer mandate in the House health reform bill would ""place millions 'at substantial risk of unemployment' with minority workers losing their jobs at twice the rate of their white counterparts."""
false,"President Obama's bill won't bring down the costs (of health care) for average Americans -- or really for very few Americans, if any."
mostly-true,"Despite attention on global warming, fewer Americans carpool today to work than carpooled in 1980 and SUVs have never been a larger proportion of the vehicles being sold in this country."
true,"For every $10,000 invested in business incubators, up to nearly 70 local jobs are generated."
half-true,Says PETA is using this really fancy drone to follow hunters around in some places in other countries.
pants-fire,"Oregon Rep. Tina Kotek, D-Portland, has never held a job nor run a business"
true,Says America spends over 17 percent of its GDP on health care costs when our closest competitor nations are spending about 12.
false,"Dozens of artists, including Justin Timberlake, Jay Z and Rihanna, are canceling Florida shows like Stevie Wonder in protest of stand your ground."
pants-fire,Gov. Scott Walker and the Republican-controlled state legislature have added over $140 million in new special interest spending
half-true,"Due to the war in Iraq, 4,400 Americans are dead, 30,000 severely wounded and more than 100,000 are suffering from serious health problems related to post traumatic stress syndrome."
false,Says scientists are in dispute over whether being gay is a choice.
mostly-true,Illegal immigration is lower than its been in 40 years.
half-true,Only three in 10 young Americans under 30 -- 30 percent under 30 -- have full-time work.
barely-true,"Every month, we get the reports from the Bureau of Labor Statistics that say even more people have given up looking for work."
half-true,They tried to give us $400 million to build a high-speed train that goes 39 miles an hour.
barely-true,"In the Patient Protection and Affordable Care Act, it was the Democrats who cut $500 billion from Medicare. And they also put in place the Independent Payment Advisory Board, 15 unelected bureaucrats, which will be making decisions about health care for our seniors and for all Americans."
mostly-true,"Says federal regulations adopted in 2011 increased the cost of each vehicle for his business by $10,000."
true,The cost for renovating the headquarters of the U.N. has doubled from the original estimate.
half-true,"A planning group said that to meet anticipated traffic demands by 2035, Interstate 35 between Austin and Round Rock will need a dozen additional lanes going north and 14 additional southbound lanes."
half-true,We have reduced funding for education the least. Theyve suffered the least cuts.
half-true,Says Chuck Hagel opposed sanctions against Iran.
pants-fire,Donald Trump is appealing as much to Democrats as he is to Republicans.
false,Says Gov. Chris Christies proposed budget is the biggest spending budget in the history of the state of New Jersey. It is the largest in the nation at this point in time.
half-true,A private school tax break in the Wisconsin state budget is the most generous in the nation.
false,Says Wisconsin Manufacturers Commerces own 2014 survey revealed that just 15 percent of business executive respondents were in favor of Right-To-Work legislation.
true,The Republican leadership's budget proposal doesn't contain any numbers.
mostly-true,"The Trans-Pacific Partnership knocks out 18,000 tariffs that other countries place on American products and goods."
false,"In most Muslim countries, We cant have a church. Were not able to build synagogues. Its forbidden."
half-true,Says Floridas pension plan faces the same long-term funding problems as Social Security.
true,"Romney said ""'No' to in-state tuition"" for illegal immigrants."
barely-true,"In contrast to President Barack Obama, who is not acting presidential, President Ronald Reagan would never go into the Oval Office without his jacket on thats how much he revered the presidency."
barely-true,Washington politicians run Social Security like a Ponzi scheme.
half-true,The study of the Savannah River Estuary . . . clearly demonstrates the project can be constructed and [environmental] impacts will be mitigated.
false,"An Obamacare slush fund paid to spay and neuter dogs and cats, then counted it as an anti-obesity campaign."
mostly-true,"In exchange for five minutes with Bill Clinton, the government of Qatar was going to give $1 million to the Clinton Foundation."
false,Says Sen. Sherrod Brown cast the deciding vote on the government takeover of health care.
pants-fire,President Barack Obamas latest executive order mandates the apprehension and detention of Americans who merely show signs of respiratory illness.
pants-fire,Said they reached a power-sharing agreement with Republican Lt. Gov. Casey Cagle
barely-true,We have the highest rate of childhood poverty of any major country on Earth.
mostly-true,Amazing fact: Senate has already voted on more amendments in 2015 than Reid allowed ALL YEAR last year.
half-true,On timing of right to work legislation
barely-true,"Says Hillary Clinton takes tens of millions of dollars from countries that hate women, that disrespect women, that throw gays off of buildings."
true,"John McCain ""has not led on nonproliferation issues when he had the chance in the Senate."""
false,"Says that according to a study, under Obamas health care initiative, nearly 90 percent of people in Wisconsin with health insurance will have their costs go up by more than 30 percent."
mostly-true,Says states mandated tests come from an English company.
false,Says New Jerseys tenure law has now been reformed to say that if teachers get two years of partially effective or ineffective ratings they lose tenure.
false,The Paul Ryan budget proposal would leave the country without Medicare.
barely-true,"Right now, Im polling at about 8 percent against Barack Obama and Mitt Romney."
half-true,"Only seven of 18 federal food assistance programs have been associated with positive health and nutrition outcomes, while the remaining 11 have not been effective."
half-true,Using a surcharge on the cigarette tax to help pay for a new downtown sports arena is not feasible under state law.
false,A scheduled speech by President Barack Obama will be the first time an American president has spoken directly to the nation's school children about persisting and succeeding in school.
mostly-true,Says Donald Trump has outlined policies that read like a Kremlin wish list.
false,Some doctors say Ebola can be transmitted through the air by a sneeze or some cough.
barely-true,"There is currently no ability to vet these people, referring to Syrian refugees."
false,Says Hillary Clinton is proposing destroying Medicare for seniors.
barely-true,Says Hillary Clinton and Ralph Northam label police as racists.
true,Says only 18 percent of Portland elementary schools have art instruction compared to 83 percent nationally.
barely-true,"In Rhode Island, there were thousands of jobs that were created by the federal stimulus program"
mostly-true,Wholly domestic communication between you and your wife can go to New York to London and back and get caught up in the (NSA) database.
true,"More than half of all black children live in single-parent households, a number that has doubled doubled since we were children."
false,Says Democrats cut $35 million from the state budget for Information Technology improvements.
mostly-true,"Already, a prototype driverless car has traveled more than 300,000 miles in the crowded maze of California streets without a single accident."
false,There is no evidence that poor people abuse drugs more frequently than any other socio-economic group.
barely-true,"As a legislator, (Marco Rubio) flipped on a key vote after making a quick $200,000 from selling the house to the mother of the bills lobbyist."
false,I sponsored and was the co-sponsor of the only legislation that ever passed that had E-Verify provisions in it back in 2010 when I served in the Legislature.
half-true,More Hispanics have fallen into poverty under Obama.
half-true,Says Texas wildfires are linked to climate change.
pants-fire,"Ninety-four percent of the bills that pass the Senate have no debate, no vote, no amendments, no reading of the bill, no online disclosure."
half-true,When President Obama was running for re-election Senator Sanders was trying to find someone to primary him.
true,The overall fact about illegal immigration is that its not actually getting worse.
false,Close to 30% of our federal prison population consists of illegal immigrants.
pants-fire,Says Barack Obama had huge majorities in Congress during his first two years in office and did nothing with them to create jobs in America.
barely-true,Says Obama policies contributed to gas prices rising from $1.89 in January 2009 to $3.51 today.
false,Wisconsin is on pace to double the number of layoffs this year.
false,Floridas regulations on the payday lending industry are stronger than almost any other state.
mostly-true,"Says 31 percent of Texas physicians accept all new Medicaid patients, down from 67 percent in 2000."
false,Among his (Obama's) pet projects is a bill ... which would commit the U.S. to spending 0.7 percent of gross national product on foreign aid.
pants-fire,This would be the largest casino in the United States.
barely-true,She is the only candidate who has stood by our community and immigration reform from the beginning.
pants-fire,"Says Republican state leaders are using ""Soviet-style"" budget management."
barely-true,"As Milwaukee County executive, Scott Walker eliminated the waiting list for long-term care for older adults through the Family Care program."
true,Says President Barack Obama released a statement on the death of brother Robin Williams before ... a statement on brother Michael Brown.
true,My wife is going to be the first Hispanic first lady in the history of Texas.
half-true,"Under sequestration, the military was cut down to the smallest Army since 1940, the smallest Navy since 1915."
true,"Says lawyer appointed by Eric Holder to investigate government leaks helped and donated to Obamas campaign, vetting vice presidential prospects."
true,He won't even support his colleague's ... motion to censure the Bush administration for systemic repeated illegal wiretaps.
mostly-true,Some 8.1 million of the estimated 11 million to 12 million people in this country illegally are working.
barely-true,"Biden was responsible for ""ending genocide in Bosnia."""
false,On whether hes had a relationship with Vladimir Putin.
half-true,"Says Milwaukee blacks have 55 percent male unemployment, 60 percent truancy, a 50 percent graduation rate, the worst reading scores and lead in infant mortality."
true,"A request for ""an increase in troops sat on desks in this White House (during the presidency of George W. Bush), including the vice president's, for more than eight months, a resource request filled by President Obama in March."""
half-true,"Says Mitt Romneys housing policy is, Dont try and stop the foreclosure process. Let it run its course and hit the bottom."
true,"Says Hillary Clinton said all work-related emails were sent back to the State Department. The FBI director said, thats not true."
barely-true,All Aboard Florida is a 100 percent private venture. There is no state money involved.
half-true,The median income in this country has declined 10 percent in the last four years.
mostly-true,"The average bonus [on Wall Street] is about $100,000...The bonuses on Wall Street are down 44 percent."
true,"Demand for transportation choice is on the rise, with 14 percent more Ohioans riding passenger trains over the past year."
mostly-true,"Says, Statistics indicate that one in eight children, and one in 18 adults in Oregon suffers from mental illness."
half-true,We spend about 75 percent of the entire cost of the military aspect of NATO.
half-true,Chris Christie has not increased the taxes on anyone.
pants-fire,"Earlier this year, [John DePetro] was accused of sexually assaulting a female co-worker."
half-true,"At the same time gas prices have increased, the share of the oil market controlled by speculators has more than doubled over the past 10 years."
pants-fire,2014 Federal Tax Refunds To Be Delayed Until October 2015.
true,"John McCain voted against establishing a national holiday in honor of Dr. Martin Luther King, Jr."
mostly-true,"Barack Obama ""passed laws moving people from welfare to work."""
true,Says Tennessees higher education funding model is 100 percent outcomes-based and we are already seeing this model changing the way our postsecondary institutions do business.
mostly-true,FACT: the special assistant in @johnkasichs office makes over three times more than an average #OH firefighter
true,Bob Barr has changed his position on the Defense of Marriage Act over the years.
true,Says Romney flip-flopped on abortion.
half-true,The accuracy of the Obama tax calculator
half-true,The New York Police Department used to have surveillance going on in and around mosques in New York City. ... Our mayor totally cut that out.
true,The federal government is now on track for the second-largest budget deficit in 65 years.
barely-true,"A Muslim immigrant in Michigan can list his second, third or fourth wives as extended family and qualify for welfare."
mostly-true,Says Jeanne Shaheen has voted with the president 99 percent of the time.
half-true,Says President Barack Obama did not come into office with the economy in a free fall.
true,"My grandfather came home from ... (World War II) exhausted from the burdens he had borne, and died the next day."
mostly-true,"U.S. teenagers have now fallen behind their counterparts in Ireland, Poland and even Vietnam in math and science."
true,Says Sen. Rand Pauls 2011 budget included a big cut in the CDC.
half-true,"We live in ""a time of historically low violent crime rates and historically high gun ownership rates nationally."""
half-true,"More than 250 (voter registration) groups, ranging across the entire political spectrum, have filed with the state and are registering voters right now."
mostly-true,"A state agency wanted to fire an employee who spent four hours per day watching pornography, but the state employment commission reinstated the person."
barely-true,Weve got a personal tax system thats so complicated it costs Americans about $500 billion a year to comply with the current tax code.
mostly-true,My supporters arent special interest groups in Madison and Milwaukee.
true,Wild Bill Hickok had his first duel in the town square here. And the family legend is that he is a distant cousin of mine.
mostly-true,Irans defense budget is $30 billion. Our defense budget is closer to $600 billion.
false,75 percent of the Obamacare tax falls on the middle class.
true,"Deer baiting, planned for Block Island by DEM, is illegal in Rhode Island."
true,"An amendment, pushed by Lyndon Johnson many years ago, threatens religious institutions with a loss of their tax-exempt status if they openly advocate their political views."
true,Guantanamo has never been a key component of ISIS or al-Qaida propaganda.
true,"Says a pack-a-day smoker who quits because of the tax increase will save about $1,650 a year."
mostly-true,Says U.S. corporate tax rate is highest in the world at 35 percent.
mostly-true,"Because of the new health care law, Americans no longer will see their coverage dropped or capped when illness strikes."
false,"Says that under President Obama, theres been a substantial increase in federal government jobs."
half-true,Not one penny of (Californias Prop 67) bag ban tax goes to the environment.
true,"We, the bishops of the United States -- can you believe it -- in 1919 came out for more affordable, more comprehensive, more universal health care."
half-true,"In 2009, the FBI referred more than 71,000 cases of people failing background checks when trying to buy a gun to another federal agency, but U.S. attorneys ultimately prosecuted only 77 of them."
true,"One in every five families in the state of New Jersey has a loved one with a mental illness, a serious mental illness, and today, we dont care."
pants-fire,"Says Nancy Pelosi said, Waiting long hours in the emergency room will allow you to make new friends!"
half-true,"When you read the Koran, it talks about dont take Christians and Jews as your friends."
mostly-true,Ken Bucks (District Attorneys) office? His spending skyrocketed by 40 percent.
false,"Says state Sen. Morgan Carrolls votes made it easier to sue doctors, small businesses, even nurses. Putting her own shady interests first."
barely-true,College tuition costs have risen by 25 percent under the Democrats.
pants-fire,Says Hawaii Gov. Neil Abercrombie made a late-night visit to Kinkos to forge President Barack Obamas birth certificate two days before Obama unveiled it to the media.
mostly-true,RIPTA has really some of the fullest buses for its transit agency size around the country.
half-true,Says the national debt and President Barack Obamas refusal to control spending led to our nations credit rating being downgraded for the first time in history.
barely-true,Californias Prop 55 prevents $4 billion in new cuts to our schools.
mostly-true,"The national debt of $16 trillion, is enough to buy both the Cleveland Indians and Cincinnati Reds 1,918 times."
pants-fire,"A 10-year state program that created 202 jobs at a cost of $247,000 per job was approved by former Gov. Jim Doyle."
barely-true,"If you look at states that are right to work, they constantly do not have budget deficits and they have very good business climates."
half-true,Says Ronald Reagan talked about converting the United States to the metric system.
half-true,Youre more likely to be the victim of a violent crime in Milwaukee than in 96 percent of the country.
true,The fastest-rising expense in the U.S. Defense Department is health care.
false,Our real unemployment is anywhere from 18 to 20 percent. Dont believe the 5.6. Dont believe it.
pants-fire,"What we said was, you can keep (your plan) if it hasnt changed since the law passed."
barely-true,John Boehner said the jobs of teachers and nurses and police officers and firefighters are government jobs that werent worth saving.
false,Our men and women of the Guard have been forced to contact food banks to feed themselves.
half-true,"Women still do not get paid as much as men, even for the same work, period."
false,Its factually correct to say that Jennifer Brunner inherited at least 18 lawsuits when she came into the office that were a result of Ken Blackwells mismanagement of the 2004 election.
half-true,Another great endorsement! Barrow Journal explains the difference between me and Jody Hice.
mostly-true,The cost of health care is now the single-biggest factor driving down the federal budget deficit.
true,"Other Western countries have ended their ""Don't Ask, Don't Tell"" policies."
true,"In 2008, tourism brought in $38 billion dollars and supported more than 300,000 jobs in the state of New Jersey."
mostly-true,Says Barbara Buono voted to raise her own pay 40 percent.
true,Says Scott Walker enacted the biggest cuts to education in our states history.
false,On banning assault weapons.
false,Only the State of New York spends more money on Medicaid than the State of New Jersey.
barely-true,"The Obama administrations green stimulus program funneled close to $2 billion dollars to overseas firms, creating thousands of jobs in China."
mostly-true,60 percent of Texas 8th graders are not proficient in math. Only 26% have a teacher with a undergraduate major in math.
true,Of minimum wage workers in Rhode Island only 14 percent serve as sole income earner for their family.
pants-fire,We have my opponent Sam Olens to thank for [the Arizona immigration ruling] since he was on the team that got Clinton elected.
mostly-true,Only 20 percent of Americans admit to being Republicans anymore.
barely-true,The United States is the only major country that taxes its own exports.
true,Says Rick Santorum supported (Arlen) Specter over conservative candidates twice.
false,A 5-cent charge on paper bags is a tax.
false,Mitchell International Airport is the the third busiest airport in the world and the number one busiest in the country.
half-true,"If todays economy was rebounding at the rate of the Reagan recovery, it would have created the equivalent of 25 million new jobs and raised federal revenue by $800 billion a year."
false,Joe Garcia raised utility rates on families.
mostly-true,"Says for the first time in the history of the United States, the government cut taxes during wartime"
mostly-true,House Democrats have a two-to-one advantage money-wise against House Republicans.
barely-true,Says the Obama administration spent taxpayer dollars on electric cars in Finland (and) windmills in China.
false,"When Trump wanted to turn a taxpayer-owned building into an $800 anight hotel, (Congressman Jeff Denham, R-CA) helped broker the deal and bragged about it."
half-true,"Says that, unlike the U.S. Senate, even the Libyan government, in the middle of a civil war, passed a budget on June 15, 2011"
true,"Turkeys today weigh 29.8 pounds. In the 30s, they weighed 13.2 pounds."
pants-fire,"Says Chris Christies plan to kick-start our economy is to propose an income tax cut that disproportionately benefits the wealthy, and...hes still proposing it."
half-true,Monarch butterflies are becoming extinct because of increased use of crops genetically modified to withstand pesticides.
barely-true,"In Florida, 300,000 people are going to lose their individual coverage because of Obamacare. Now those people next year, they dont have health insurance."
barely-true,"But for immigrants, we would have a contracting population..."
barely-true,"Increasing the min. wage to $15 an hour would reduce spending on food stamps, public housing and other programs by over $7.6 billion a year."
true,Says Will Rasmussen falsely claimed he had lived in the West Linn district for about a year.
mostly-true,"John McCain ""voted against the Bush tax cuts, both times."""
true,Wayne Powell has a stated position of having no objection to taking `In God We Trust off of U.S. currency.
true,Says Barack Obama is trying to slash funding for the Armed Pilots Program designed to prevent terror attacks.
half-true,The benefits that were offered to me as a congressman dont even compare to the benefits that you get as a state employee. I just experienced that myself. Theyre not nearly as good.
barely-true,"DeWine took $1.9 million from big banks, supported legislation that helped Bernie Madoff make millions and protected predatory lenders while families lost their homes."
false,Says rejecting federal aid to expand Medicaid in Texas will send $9 billion in federal taxes paid by Texans to other states to insure their working poor.
true,"And, as of today, New Jersey state government has less employees than when Christie Whitman left office in 2001."
mostly-true,Says Texas ranks 49th nationally in what we are doing to support our per-pupil investment in education in the state.
false,"The U.S. deficit ""increases at $3 million per second."""
half-true,Says Gov. Scott Walkers budget includes tax breaks for corporations and the rich that will cost the state of Wisconsin taxpayers $2.3 billion over the next decade.
false,"Says as GOP was picking a convention city, I recommended Ohio."
half-true,"When it comes to being effective at creating jobs (Chris Christie has not had) a record of governing for effectiveness. ... Last year, New Jersey created no net new jobs."
false,The unemployment rate for young people is down from a 10.6 percent high in 2009 to 2.6 percent today.
true,Ronald Reagan did amnesty.
true,A 50-50 public-private split for paying for a new Milwaukee Bucks arena would be much better -- in terms of the portion of the public financing -- than most of the other arena projects done around the country.
half-true,"John Kasich says he won, despite 12 visits by a president, somewhere between $45 (million) and $50 million (spent against him,) 500 paid volunteers in here calling me every name in the book, former presidents, first ladies and God-knows-who-else."
false,Diane Black voted to fund Obamacare.
mostly-true,"For every dollar we invest in Head Start, we get $5 to $7 back into our economy."
half-true,Paul Ryan would outlaw in vitro fertilization.
true,Mitt Romney gave away his fathers inheritance.
false,Says Obama flip-flopped on withdrawing troops from Iraq.
mostly-true,The Arizona State Board of Educations failure to report teachers whose certifications have been revoked or suspended ... resulted in the death of a student.
false,Says U.S. Rep. Tammy Baldwin is backing President Barack Obamas plan to pass a $1.5 trillion tax increase.
false,"In 2010, Betty Sutton voted to destroy Medicare."
mostly-true,Maggie Hassan missed nearly every university system board meeting.
half-true,Says he banned texting while driving in Austin.
true,"In the last 6 years, there have been 420 elections for State Senator and State Representative. Only three incumbents have been defeated!"
mostly-true,We spent $3-million of your money to study the DNA of bears.
half-true,"Earmarked dollars have doubled just since 2000, and more than tripled in the last 10 years."
true,"He (Kirk) did violate Pentagon rules, twice actually, for improperly mingling politics with his military service."
mostly-true,"Latinos in Nevada support Educational Savings Accounts, helping more than 450,000 students access better schools. But Catherine Cortez Masto is against it."
barely-true,Says Julie Parrish voted to divert $160 million from public schools to private for-profit schools.
barely-true,Even the employees union for the IRS -- the very people in charge of enforcing this law -- are begging to be let out from under this law.
mostly-true,Weve saved over $100 million of (health care) costs in Milwaukee County. I did that.
false,More Tennesseans have hunting and fishing licenses than vote.
false,We had a press conference here that interestingly no one in the mainstream media covered.
barely-true,"Obama did not open new lands to offshore drilling all of these areas were already open for drilling once Congress and President Bush lifted the moratorium in 2008. Instead, President Obama yesterday announced what areas he would CLOSE to offshore drilling."
false,"Across the board, violent crime in jurisdictions that recognize the Right to Carry is lower than in areas that prevent it."
false,"Following the catastrophic, cascading collapse of major investment banks on Wall Street in 2007.....Nobody was prosecuted, no hearings were held and no reforms were implemented."
true,"Twenty two years ago, when he was running for governor, Bill Nelson missed 56 percent of his votes in the U.S. House."
false,Says Mitt Romney has changed his position on supporting the TARP program.
mostly-true,"Says Trump ties are made in China, not Colorado. Trump suits in Mexico, not Michigan. Trump furniture in Turkey, not Ohio. Trump picture frames in India, not Wisconsin."
mostly-true,Says U.S.-Mexico border has 1 million legal border crossings each and every day.
false,My opponent promises to bring back old jobs by wishing away the global economy.
mostly-true,"22 times Barack Obama said he did not have the authority to implement this type of anti-deportation measure. And then the day after he signed this into law, he said, quote, I just changed the law."
mostly-true,The No. 1 cause of childhood deaths is preventable accidents.
barely-true,The Southern Baptist Convention voted 13 years ago that women were inferior and had to be subservient to their husbands.
half-true,Says Hillary Clinton negotiated the first agreement ever where China and India officially committed to reduce their emissions.
barely-true,Brock Turners early release will be a regular occurrence if Prop. 57 passes.
half-true,"Says that during the first 19 months of the Obama administration, the U.S. detained people from nations designated as state sponsors of terrorism on the southwestern border."
mostly-true,Fifty percent of the graduating class of the year 2012 will have smoked marijuana or have done illegal drugs.
true,"Look, I believe in accountability. In 1983, I led the effort in Arkansas to improve our schools."
mostly-true,Says Rick Santorum voted for the Bridge to Nowhere.
half-true,"By releasing only basic tax information, former U.S. Congressman Nathan Deal is hiding more than hes disclosed about his business dealing with the state."
barely-true,The president flagrantly defies the 2006 federal law ordering the construction of a secure border fence along the entire Mexican border.
false,The congressional district for Miami-Dade and Broward counties has a staggering drop-out rate of almost 61 percent.
half-true,Were the only advanced democracy in the world that makes it harder for people to vote.
false,"Palin said stimulus money for weatherization required ""universal energy building codes for Alaska, kind of a one-size-fits-all building code that isn't going to work up there in Alaska."""
mostly-true,"Says there are Ohio Turnpike workers getting paid $66,000 a year to collect tolls that machines might collect."
true,Wisconsin was the first state to ban public and private sector employment discrimination based on sexual orientation.
barely-true,"Citizens Property Insurance has over $500 billion worth of risk, with less than $10 billion worth of surplus."
false,The cheerleaders for the Dallas Cowboys have entertained more troops in the world than Bob Hope.
barely-true,"Says on contraception, his plan is cheaper and easier for you than Sen. Mark Udalls"
true,Pregnant women trying to buy health insurance on their own are barred from maternity coverage because they have a pre-existing condition.
barely-true,Health care mandate will require imprisonment and fines for Americans who cant afford to purchase insurance or pay hefty government penalties.
true,The Milwaukee Police Department has seized nearly as many firearms this year as the much larger New York City Police Department.
true,Weare picking up oil with shovels and paper and plastic bags.
mostly-true,"Says how much money the government is collecting from people...in terms of the gross domestic product is the lowest in 40, 50 years."
true,"There have been multiple media reports about (Donald Trumps) business dealings with the mob, with the mafia."
half-true,Says U.S. Senate rival Tommy Thompson said he wants to do away with Medicare.
barely-true,Says Gwen Graham was a Washington lobbyist.
pants-fire,Crime is rising.
false,"Say this biennium, liquor sales account for nearly $1 billion in the state budget."
mostly-true,(The Opportunity Scholarship Act) would be funded directly from public school budgets. So it would absolutely take money out of the public school system to transfer to private and religious schools.
false,A new poll shows 62 percent support the president's plan to reform health care. That means ... letting you choose between keeping the private insurance you have and a public health insurance plan.
barely-true,President Obama came to Ohio 12 times to try to defeat me and guess what? He didnt win.
half-true,A vast majority of the production in the United States comes from small independent oil and gas companies.
false,More Americans receive food aid than work in (the) private sector.
false,I am every year the No.1 pick of all of the law enforcement agencies within Texas.
mostly-true,Independent voters have a ten-point margin in favor of Mitt Romney right now.
false,Wisconsin is one of the few states in the country that do not currently require a photographic identification to vote.
half-true,Says you cannot implement Paul Ryans plan without allowing for any increases in revenue.
pants-fire,Says she was misquoted and didnt say that the Israeli ambassador said what the Republicans are doing is dangerous for Israel.
half-true,A space shuttle the National Museum of the United States Air Force near Dayton would be within a days drive of 60 percent of the U.S. population.
barely-true,"SaysPresident Obama is using executive actions to impose gun control on the nation, targeting the top-selling rifle in the country ... with a ban on one of the most-used assault rifle bullets."
barely-true,Richmond teachers have not gotten a raise for almost 10 years.
half-true,On gun policy
false,Says a Bureau of Labor Statistics report attributed a sharp increase in work-related fatalities to increasing numbers of employees and drivers could not read or understand warning signs in English.
pants-fire,Nearly half of all persons under 30 did not go to work today.
false,"Among Syrian refugees, there arent that many women, there arent that many children."
true,"Since 1968, more Americans have died from gunfire than died in all the wars of this countrys history."
false,"We have 93 million people out of work. They look for jobs, they give up, and all of a sudden, statistically, theyre considered employed."
barely-true,"Says Gov. Scott Walker signed abortion, sex education and discrimination bills in secret."
barely-true,If you look up the dictionary definition of happiness at the time of our founders happiness was not doing what you want to do but doing what you ought to do.
false,Says Gov. Scott Walker is cooking the books by releasing numbers he just dreamed up that show Wisconsin gained jobs in 2011.
mostly-true,Our median income here in Providence is the same as the median income in Mississippi.
false,Congress' approval rating is 11 percent. You know who's higher? Dick Cheney and HMOs.
half-true,"The median net worth of American households hasnt changed much over the past decades, its about $20,000 ... but Congress average median net worth has ballooned, more than doubled."
mostly-true,Attacks on Planned Parenthood come at a time when the poverty rate among women is the highest in nearly two decades and 1 in 5 women under 65 dont have access to health care.
false,"Last year, Beaverton School District had the highest number of homeless students ever recorded in Oregon."
half-true,"While Rob Portman relies on his super PAC and a handful of billionaires to do his dirty work, we dont have a super PAC, and quite frankly, we dont want one that spends millions to spew out lies and distortions."
mostly-true,Says Donald Trump supports the Wall Street bailout.
barely-true,Says John Boehner changed his position on extending Bush tax cuts.
true,"U.S. forces in Iraq and Afghanistan include a ""few thousand that are still green card holders who are not even citizens of this country."""
barely-true,"McCain is ""selectively editing Joe Biden's words...Biden actually said about Barack Obama: 'They're gonna find out this guy's got steel in his spine.'"""
barely-true,Says President Obamas new immigration plan is amnesty.
barely-true,"Over the history of Austin, its always gotten more expensive."
half-true,Says Donald Trump hired illegal workers from Poland and he had to pay a million dollars or so in a judgment.
false,A recent drop in the unemployment rate is questionable because it was calculated over two days of the Thanksgiving week.
mostly-true,"Since 2000, only 10 cases of in-person voter fraud have been proven nationally."
true,Florida has more concealed weapons permits than any other state.
barely-true,The American people dont want us to raise taxes.
pants-fire,SaysPresident Obama hijacked the farm bill (and) turned it into a food stamp bill.
true,"Currently, the intelligence community can collect business records on law-abiding Americans who have no connection to terrorism."
pants-fire,The new Hartsfield-Jackson international terminal was on time and on budget.
half-true,Things like having Friday classes have been shown to be very effective on college campuses in reducing drinking.
half-true,On torture.
true,Youre more likely to get struck by lightning in Texas thanfind in-person voter fraud.
mostly-true,Says he cut the budget.
pants-fire,"On gift taking,Bob McDonnell took a fraction of what (Tim) Kaine took."
true,"Says a YouTube video shows Thomas DiMassimo, the man who rushed Trump at an Ohio rally, dragging the American flag on the ground like it was a piece of garbage."
pants-fire,Says Texas did not bail out a loan program he oversaw as state agriculture commissioner.
half-true,Says Indiana Gov. Mike Pence denies that theres such a thing as evolution.
mostly-true,"George Bush, and a Republican Congress, have presided over a 55 percent increase in the size of domestic government spending in the last seven years."
mostly-true,"There is great disparity, tremendous disparity, in the (capital) funding on a per-student basis between our traditional public schools and our charter public schools."
true,One of the biggest causes of our soaring debt and economic insecurity ends up being Pentagon spending. The budget for the Pentagon consumes more than half of our discretionary spending.
half-true,"John Edwards never -- has ever from the beginning of his political career has never taken PAC money or the money of Washington lobbyists. Ever. -Joe Trippi, senior campaign adviser"
true,Latinos are 17 percent of our countrys population but hold only 2 percent of its wealth.
barely-true,Rhode Island Treasurer Gina Raimondo raised the mortality rate from 65 to 87 and used a 1994 annuity chart to create the pension crisis.
half-true,"Says New Jerseys $1 billion horse racing industry employs 13,000 individuals and ensures the preservation of 176,000 acres of horse farmland."
true,"Georgia is on track for 1,200 traffic fatalities this year, a reversal of nine years of declines."
pants-fire,"Under Obamacare, The IRS will have access to the American peoples protected health care information."
half-true,"Under a new law regulating abortions, Even if youre raped, if you dont report it in the first 30 days, the Republicans will force you to have an ultrasound."
barely-true,"John McCain ""is one of the few senators of either party who oppose this bill (to expand education aid for veterans) because he thinks it's too generous."""
half-true,The fiscal cliff deal ultimately raised taxes.
barely-true,Obamas Clean Power Plan ... eliminates coal-fired power plants.
true,Says Paul Ryans budget relies on the same $700 billion in savings from Medicare that Mitt Romney and other Republicans have been attacking Democrats about.
false,Scott Walkers school-aid cuts were so devastating that students are without chairs and a government survey found 47 kids in a classroom.
mostly-true,Says Hillary Clinton is the one that labeled African-American youth as superpredators.
half-true,Democrats are kind of falling over each other seeing who can raise taxes faster. It looks like they're going to raise taxes anywhere between 20 to 30 percent.
true,McCain got more money from Airbus' U.S. executives than any other politician.
mostly-true,Says Obama called Medicaid broken four years ago.
mostly-true,"The Interior Department has only 30 days to review an exploration plan submitted by an oil company. That leaves no time for the appropriate environmental review. The result is, they are continually waived."
mostly-true,"The United States has an immigration system where only 6.5 percent of people who come here, come here based on labor and skill."
pants-fire,"Say Matt Wand cut Troutdale police, created a slush fund for himself."
false,"One of the first states in the union to pass a voter ID bill was Rhode Island, 85 percent Democratic legislature."
false,Says under President Barack Obama theres been the lowest discretionary spending weve had in decades in the United States.
false,Polls on legalizing same-sex marriage are not dramatically changing.
false,"A majority of Americans since Harry Truman days support single-payer health insurance, or full Medicare for all."
false,Says he never voted for a tax increase.
mostly-true,"For every $1 spent on mitigation, $4 in post-storm cleanup and rebuilding is saved."
mostly-true,80 percent of North Carolinians are for the living wage
mostly-true,Says roughly two-thirds of (state) corporations didnt pay any income tax in Virginia.
mostly-true,The average family not in the top 10 percent makes less money today than they were making a generation ago.
mostly-true,"The Clinton Foundation is a charity where President and Secretary Clinton and their daughter, they take no salary, they get no money from it, they take no personal benefit from it."
false,On whether he wants to be vice president.
mostly-true,"In a lawsuit between private citizens, a Florida judge announced the decision was going to be based on Islamic Law."
half-true,Says IBM leader told Obama that using IBM technology to cut fraud could pay for health care reform.
mostly-true,The Arizona law basically parrots the federal immigration law.
barely-true,SaysDavid Perdue made tens of millions of dollars piling a firm with billions in debt.
mostly-true,"According to Pew Research, 99 percent of the people in Afghanistan support oppressive Sharia law."
barely-true,Delaware Democratic Senate candidate Chris Coons thought that a 911 call should be taxed.
half-true,"Over half of science, technology, engineering and mathematics students receiving advanced degrees are not citizens of the United States of America."
barely-true,"At a minimum, 40 percent of those who view child pornography end up molesting children as a result."
half-true,Says 6 percent more Republicans across the state voted than Democrats.
barely-true,"(Birmingham, Ala.) is the cradle of the civil rights movement."
mostly-true,President Obama took more money from Wall Street in the 2008 campaign than anybody ever had.
true,"Under Gov. Kasich, Ohio wages have increased by $10.3 billion."
half-true,You can absolutely get a gun if you have several felonies as long as you buy it on the Internet or at a gun show.
half-true,About 95 percent of (Ohios) electricity comes from burning coal.
false,"In Rhode Island, a recent study showed that among a group of people who had been homeless for a year or more, Medicaid costs averaged about $60,000 per person."
mostly-true,No one beta-tested healthcare.gov.
pants-fire,The Obama administration even proposed banning farm kids from doing basic chores!
pants-fire,"While states used to have regulatory power over fishing, federal law now regulates down to the tenth of the inch the minimum size of fish that anglers can keep."
false,The DREAM Act the would give amnesty to over two million illegal aliens.
false,The countrys bankrupt.
false,The federal government can tell General Motors what to charge for its automobiles.
true,"If you rent a U-Haul to move your company, it costs twice as much to go from San Francisco to Austin than the other way around, because you cant find enough trucks to flee the Golden State."
half-true,"Says that in 2009, Jon Huntsman said that the Recovery Act wasnt large enough and as governor he asked for $14.4 billion in federal stimulus funds. Now hes saying that he never supported it."
mostly-true,"Under Ted Cruzs tax plan, businesses will now have to pay 16 percent on the money they make. They will also have to pay 16 percent on the money they pay their employees."
false,The Iranians continue in the view of every objective observer continue to pursue the acquisition of nuclear weapons.
pants-fire,"Governor-elect Scott Walkers opposition to high-speed rail killed 13,000 Wisconsin jobs"
mostly-true,"Says that before health care reform, one of every three health care dollars spent -- more than $800 billion a year -- didnt go for health care."
false,The U.N. Arms Treatyinfringes upon our right to keep and bear arms.
pants-fire,"As usual, Hillary the Dems are trying to rig the debates so 2 are up against major NFL games."
mostly-true,"In her nearly decade and (a) half in Congress, Tammy Baldwin has sponsored 105 bills. Only three have been enacted into law."
true,"Since 2008, Gwinnett Countys population has grown 15 percent, while the county government staff has increased only 1 percent."
false,This is a test of the fact-checking widget.
pants-fire,"Over the past few months, we've learned that ""we just can't count on the media to debunk"" lies about health insurance reform."
half-true,Every single strawberry that is served to Members of Congress will have passed through the rough hands of an undocumented immigrant.
barely-true,"After Texas defunded Planned Parenthood, both the unintended pregnancy and abortion rates dropped."
mostly-true,"Florida teachers are ""already paid $5,000 below the national average."""
false,"Building and running the Atlanta Streetcar is projected to create 1,399 jobs."
pants-fire,"Pope Francis uses a modest compact car to get around, while Creflo Dollar drives an expensive sports car."
half-true,Says nearly half of Oregons children are poor.
false,On whether BPs $20 billion fund to compensate oil spill victims is a slush fund.
half-true,"Says we will pay the new chancellor a basic salary of nearly $300,000 a year ... an amount that does not include the costs of this public employees benefits, perks and living expenses for a lavish house, an upscale car, a spending allowance, and fine dining almost every day on the taxpayer dollar."
half-true,The lack of an automatic braking system that could have prevented the Philadelphia Amtrak crash wasnt driven by a lack of funding. It just takes a while. They (Congress) just passed it in the recent past.
half-true,What is and isnt a Schedule I narcotic is a job for Congress.
barely-true,Kelly Ayotte voted for a budget that had $90 billion of cuts to Pell Grants.
mostly-true,Nathan Deal saved the HOPE scholarship program.
mostly-true,Mayor Giuliani's lawsuit killed the line-item veto.
barely-true,Says the Human Rights Campaign is secretly funded
false,"Says 21,000 Wisconsin residents got jobs in 2011, but 18,000 of them were in other states."
barely-true,"Every billion dollars we spend on highway construction results in 47,500 jobs. But the fact is the average American is sitting in traffic 38 hours a year."
true,"Even if you took literally every single ounce of platinum in the world, it still wouldnt add up to enough needed to pay down our nations debt."
barely-true,Says Hillary Clintons been very clear where she stands on trade.
half-true,On his half pay pledge.
half-true,My husband has not withheld a single document.
mostly-true,"On average, women make 77 cents for every dollar men make."
barely-true,Broward Countys unemployment rate of 5.3 percent is the lowest in Florida.
half-true,"Says Donald Trump proposes to deport 16 million people, 11 million who are here without documents, and both Donald Trump and Mike Pence want to get rid of birthright citizenship."
false,Says President Obamas deal allows Iran to produce a nuclear weapon.
false,Says Alex Sink failed Florida homeowners by using predatory lending practices.
mostly-true,"The R.I. Turnpike and Bridge Authority was supposed to exist only until the bonds used to build the Newport Bridge were paid off through tolls. Once the bonds were paid, the Newport Bridge was to be transferred to the State of Rhode Island and become toll-free."
pants-fire,No doctors who went to an American medical school will be accepting Obamacare.
barely-true,The CBO now says the presidents health care law will cut the number of full-time jobs in the United States by 2.3 million by 2021.
true,"Says Keene, N.H., requested a military-grade armored personnel truck, citing their annual Pumpkin Festival as a possible target for terrorists."
barely-true,Says he was a Marine during Vietnam.
half-true,Says Essex County residents suffer the second highest property taxes in the nation.
mostly-true,"We have a system now where in 40 states, the highest-paid public employee is the state universitys head football or basketball coach."
false,Obamas dog has his own plane
half-true,Homicides last year increased by 17 percent in Americas 50 largest cities. Thats the largest increase in 25 years.
false,One of the reasons that Budweiser stayed in New Jersey is the money they got from RGGI to put solar on their roof to save on their energy costs.
barely-true,"In labor negotiations with city employees, Milwaukee Mayor Tom Barrett demanded concessions that went beyond those mandated by Gov. Scott Walkers collective bargaining law"
true,"Says the Texas Department of Agriculture seeks to purchase up to 300,000 promotional stress balls."
half-true,People come here to have babies. They come here to drop a child. Its called drop and leave.
barely-true,"Thanks to (North Carolinas) governor and the legislature, the average teachersalary can barely support a family."
false,The St. Norbert College/Wisconsin Public Radio poll has been wrong in almost every election.
false,"Says that compared to direct sales by manufacturers, consumers save avg of $500 per car sold through franchised dealer model."
half-true,I had five of my citizens that were killed last week because of border security problems.
barely-true,Oregon has the sixth highest combined death tax rate in the country.
true,Says Senate candidate Katie McGinty made thousands from companies she previously regulated.
false,I didnt raise taxes once.
barely-true,"When Georgia tightened its voter identification laws, the state sent a van and photographer to the homes of people who needed photo IDs and made them for free."
pants-fire,"Under Obamas plan (for welfare), you wouldnt have to work and wouldnt have to train for a job. They just send you your welfare check."
barely-true,Says she has quadrupled agents to secure our border.
true,"98 percent of small businesses make less than $250,000 and would not see a tax increase under Barack Obama's plan."
true,"Hillsboroughs Public Transportation Commission has a rule that says cabbies have to wear socks. I mean, please. Come on."
true,Says theCongressional Budget Officehas estimatedevery penny of the federal budget will go to interest on the debt and entitlement spending by 2025.
mostly-true,Says Mitt Romney and Paul Ryan want to turn Medicare into a voucher system.
half-true,Says 99 percent of the time police officers arent charged when they kill young people of color.
mostly-true,"These people that we were going to deport for good reason ended up becoming citizens. Ended up becoming citizens. And it was 800. And now it turns out it might be 1,800, and they dont even know."
barely-true,Were losing now over $500 billion a year in terms of imbalance with China.
half-true,"Ohio is probably top five in the country, sadly, in terms of heroin overdoses. Its now exceeded car accidents as the No. 1 cause of death in Ohio."
mostly-true,A new presidential helicopter is now going to cost as much as Air Force One.
true,"Nearly 2,000 high schools - roughly 12 percent of all secondary schools in the United States - produce about half of the nations dropouts."
half-true,The Agriculture Department estimates that roughly 42 percent of the corn crop will be used to make ethanol -- more than the amount of corn used to feed livestock and poultry in the United States.
false,The wealth gap between blacks and whites in the United States is greater than the black-white wealth gap was in apartheid South Africa.
mostly-true,$2.4 million of the NIH dollars was spent on origami condoms.
half-true,"Under President George W. Bush, the U.S. spent $1.3 trillion on tax cuts for the wealthy and trillions each on a war and on Medicare drug benefits."
true,More than one-quarter of Americas young adults are too fat to serve in the U.S. military
false,"In July 2010 the government said small businesses -- 60 percent -- will lose their health care, 45 percent of big business and a large percentage of individual health."
pants-fire,Says GOP U.S. Rep. Sean Duffy of Wisconsin voted twice to end Medicare.
barely-true,Any government-run 'public' plan ... forces more employers to drop employee coverage due to rising costs and pay an additional 8% payroll tax for each worker.
barely-true,Says delegates cant legally change the Republican National Convention rules to prevent Donald Trumps nomination.
mostly-true,"Florida ""has the second-highest foreclosure rate in the nation."""
mostly-true,"An April study found that about 70 percent of ads in this election cycle have been negative [due to SuperPACs], up from only 9 percent through the same period in 2008."
barely-true,"Rep. Jim Renaccis plan to end Medicare also puts nursing home care for 3,000 seniors in the district in immediate jeopardy."
mostly-true,"Says President Barack Obama said that if he doesnt turn the economy around after three years in office, hell be a one-term president."
false,Josh Mandel is lying about his own record. The rating of Ohios investment fund has NOT improved.
pants-fire,Rebuilding three high schools will benefit 40 percent of Portland Public School students.
half-true,Virginia Democrats recently enforced voter ID rules that were considerably more stringent than those contained in the state law they denounce.
true,"Since I took office, over 319,000 new private sector jobs have been created in Georgia with nearly 93,000 of those coming in the past 12 months."
false,Says the Donald J.Trump Foundations money is his money.
true,(Stimulus money) went to critically important projects like studying ants in Africa.
pants-fire,Candidate for governor Roy Barnes has been fighting hard to let illegal immigrants vote.
barely-true,"Here in Florida, Ive slashed government by 10 percent. That's $7 billion."
half-true,"Today, Florida is in 50th place in spending on education."
true,"Senate Majority Leader Harry Reid ""said, quote, 'I can't stand John McCain.' """
barely-true,Barack Obama's plan gives a driver's license to any illegal who wants one.
mostly-true,Most of the U.S. Senate is comprised of multimillionaires.
pants-fire,"Seniors and the disabled will have to stand in front of Obamas death panel so his bureaucrats can decide, based on a subjective judgment of their level of productivity in society, whether they are worthy of health care."
true,"Under the new health care law, if a landscaper wants to buy a new lawnmower, or a restaurant needs a new ice-maker, they have to report that to the feds."
mostly-true,The right to vote in this country has never been intrinsically tied to citizenship.
false,"For the first time in U.S. history, a personal inaction will be deemed unlawful -- not purchasing a health-insurance plan"
mostly-true,"His new running mate, Congressman Ryan, put forward a plan that would let Governor Romney pay less than 1 percent in taxes each year."
half-true,"Says because of Texas lawmakers choices, hundreds of thousands of women no longer have access to basic medical care, life-saving cancer screenings and contraception."
mostly-true,"There are many studies that indicate that the longer people get unemployment insurance, it provides some disincentive to work."
half-true,Says Republican U.S. Senate candidate Tommy Thompson supports massive tax cuts for corporations that outsource Wisconsin jobs.
pants-fire,"Congress includes 36 people accused of spousal abuse, 84 arrested for drunk driving in the past year, 71 with terrible creditand more."
barely-true,Says Ted Cruz supports legalizing people who are in this country illegally.
pants-fire,"Say Ohio Reps. Marcia Fudge, Marcy Kaptur and Dennis Kucinich are socialists who are openly serving in the U.S. Congress."
true,"The U.S. has 5 percent of the worlds population, 25 percent of the worlds known prison population."
half-true,Central Falls schools are overfunded by state money by as much as $8 million.
true,If you are a federally licensed gun dealer and your license is revoked because youve engaged in misconduct ... your entire inventory under prevailing law is deemed your personal collection. You then can sell it free from any background checks.
barely-true,"Although Democrats represent only 10 of Florida's 25 districts, their districts received 60 percent of the stimulus funds."
barely-true,Says Israel Prime Minister Benjamin Netanyahu didnt change his position on a two-state solution.
half-true,On Common Core education standards
false,"When President Franklin D. Roosevelt started Social Security, it only affected widows and orphans, and when Medicare began, it was a small program."
pants-fire,More than 43 percent of all food stamps are given to illegals.
pants-fire,Florida Democrats just voted to impose Sharia law on women.
false,On supporting winner of Democratic primary with her superdelegate vote.
barely-true,Says Proposition 205 blocks market entry for new marijuana dispensaries.
false,Says she is saving ratepayers $6 million/year.
barely-true,"The Foundation for Government Accountability, which supported a Florida law requiring drug testing of welfare recipients, is a Koch brothers affiliated group."
false,Women and men both are making less when you adjust for inflation than when John Kitzhaber was first elected governor.
mostly-true,Says Jeb Bush oversaw (an) average in-state tuition increase of 48.2 percent during his tenure.
half-true,Since I came into office we have increased the VA budget by 85 percent.
true,We have more people working in clean and green energy than in oil and gas in this country.
mostly-true,And it's going to be difficult for us to do this as long as we're spending $275 million a day on a war that should have never been authorized...
mostly-true,"Says Hillary Clinton couldnt bring herself to say we need to separate commercial banking and speculative banking, namely reinstating Glass-Steagall."
mostly-true,College tuition rates in Texas jumped by 55% since 2003.
half-true,Insurance companies have seen their profits soar by more than 400 percent since 2001.
half-true,"Says under Mayor Cory Booker, Newark has seen violent crime up five years in a row, murder up five years in a row."
half-true,"An overwhelming majority of Americans support passage of the DREAM Act, which would provide a path to citizenship for undocumented youth willing to work for a college degree or serve in our armed forces."
false,Hillary Clinton is for open borders.
half-true,"The Democrats have over 20 field agents to our zero."""
false,"Under the White Houses budget proposal, we will not be adding more to the national debt by the middle of the decade."
false,"Says Ted Strickland supported giving $150 billion to Iranian regime that persecutes women, Christians and gays."
false,"On the new dollar coins, ""'In God We Trust' is gone!"""
half-true,"The Democratic health care bill will ""collect higher taxes for 10 years and provide health care for only six years."""
false,Just look at what the FBI director said about her (Hillary Clinton) her misconduct is a disgrace and embarrassment to our country.
half-true,"Says traffic fatalities have fallen dramatically, even as population has risen. You are more likely to stay alive biking, walking and driving around Portland than you were before he took over the Portland Bureau of Transportation."
barely-true,The U.S. has over $62 trillion in unfunded liabilities.
mostly-true,"Half of all Americans have less than $10,000 in their savings account."
false,"English ""is our national language...if it becomes official, that means in a place like New York City you can't print ballots in any other language."""
false,"As district attorney, Susan Happ took $180,000 in a shady land deal from a man charged with multiple felony counts of sexual assault before she offered him a deferred prosecution."
mostly-true,Says federal spending has increased 21 percent over the past three years.
pants-fire,"Says Florida didnt offer special incentives to Deutsche Bank, which announced it will add 300 jobs in Florida."
true,Every time [the people from Newport Tent] work in a city or town they have a whole different set of permits that they have to get in order to pitch a tent.
barely-true,Germany is crime-riddled right now because of migration to Europe.
false,The president released all of the oil from the Strategic Oil Reserve.
false,"The U.S. wont default, because default means that you dont pay your creditors. And it takes about 10 percent of the money thats coming in right now to pay interest to bondholders."
mostly-true,Most people in New Hampshire want to raise the minimum wage. (State Rep. Marilinda) Garcia opposes it.
mostly-true,Says there are half as many students in one Georgia technical college than there were two years ago.
barely-true,Says one of Austin City Council Member Randi Shades biggest contributors is the lobbyist for the Formula 1 racetrack planned outside Austin.
mostly-true,"Says Jeb Bush not only opposes marriage equality, hes said he personally believes gay couples should be banned from adopting children."
barely-true,The nations food supply is 99.99 percent safe.
half-true,"In a budget deal struck in 2011 a trillion dollars of cuts went into effect immediately, and then a special committee was set up ... to get agreement on another $3 trillion of cuts."
true,The GOP platform that seeks further limits on abortion and is silent on an exception for rape has been there for more than 30 years.
mostly-true,"Says a recent study shows Florida students are second in the world in fourth grade reading, behind Singapore."
true,The House of Representatives does not have a prochoice majority.
true,Trump proposed enacting the largest tax increase in American history.
half-true,Our population has grown from about 1 million in the 1970s to almost 7 million today.
half-true,"Walking in the door (Sonia Sotomayor) would bring more experience on the bench, and more varied experience on the bench, than anyone currently serving on the United States Supreme Court had when they were appointed."
false,Health insurance companies deny 1 out of 5 treatments prescribed by doctors.
half-true,"Says when Republicans took over the state legislature in 2010, New Hampshires tax rate for employers was 50th in the nation, and unemployment had more than doubled under Democrats."
mostly-true,Says Peyton Manning struggles in cold weather games.
barely-true,By using a little-known loophole ... Obama minions are allowing Nestle Company to export precious fresh water out of Lake Michigan.
false,Says U.S. Rep. Tom Price is sending letters both supporting and opposing the small-business killing Internet Tax Mandate.
pants-fire,Says Ohio budget item later signed into law by Gov. John Kasich requires women seeking an abortion to undergo a mandatory vaginal probe.
half-true,"President Obama has increased the federal workforce 192,000 individuals -- about 10 percent since hes taken office -- while weve lost 2 million jobs."
half-true,Says he and President Barack Obama have the same position on gay marriage.
barely-true,A Texas law will repatriate $1 billion of gold bullion from the Federal Reserve in New York to Texas.
mostly-true,We have the second highest corporate tax rate among our trading partners.
half-true,"Under Maggie Hassans leadership, we increased state spending in the middle of the great recession by 24 percent leading up to and following it."
pants-fire,"Everyone on Californias roads is properly licensed, tested and insured."
true,Were already bombing seven countries.
false,Takes credit for reining in state spending when he was governor.
false,This race will be the Democrats top target this November.
pants-fire,No one in American history has moved from a June 16 announcement to a May 26 winning of a majority. Trumps achievement is remarkable.
true,Repeated requests for additional security in Benghazi were routinely denied by Hillary Clintons State Department.
mostly-true,"Says although the unemployment rate seems to be improving, it does not reflect real job creation -- its caused by a shrinking of the actual labor force."
pants-fire,"Ganley said that if elected, he wants to cut the dickens out of Social Security, Medicare and Veterans benefits."
barely-true,"The economy, by every metric, is better than when I came into office."
half-true,Thirty-five states have accepted high-speed intercity rail money.
pants-fire,"Says Hillary Clinton told the Des Moines Register on Aug. 8, 2015:I will get the NRA shut down for good if I become president. If we can ban handguns, we will do it."
false,"In Ohio, we invested in our children, raising school funding by 5.5 percent in the last budget."
true,"Says, Oregon has the third largest class size in the nation."
barely-true,Weve doubled our use of renewable energy.
true,Our rainy day fund has gone from 89 cents to $240 million.
barely-true,Says Rep. Paul Ryans budget proposal would effectively double the interest paid out on existing and future student loans.
false,Fifty-three percent of teens in Central Falls are getting pregnant.
pants-fire,Says the congressional ethics investigation against him was conducted by a very partisan political committee in a way that related more to the politics of the Democratic Party than to ethics.
half-true,"Military ""recruiting went on at Harvard every single day throughout the time (Kagan) was there."""
pants-fire,Back door gun control is in full effect in the United States due to Obamas Environmental Protection Agency.
half-true,House Republicans are ramming through legislation ... to classify pizza as a vegetable for the purpose of school lunches.
mostly-true,We are the only state in the country that state employees dont contribute [to their pensions].
half-true,Fox changed around their poll eligibility criteria on the day they announced who is in and out of their debate.
pants-fire,Says of flood of non-Mexicans being apprehended at the border: These are people that are coming from states like Syria that have substantial connections back to terrorist regimes and terrorist operations.
pants-fire,(Bill) Ayers and Obama ran a radical education foundation together.
true,"Says his proposed payroll tax cut will mean an extra $1,500 in your pocket compared to if we do nothing."
mostly-true,Factories are opening their doors at the fastest pace in almost two decades.
barely-true,Already in Wisconsin we have seen fewer people pursuing education as a career due to the Act 10 collective bargaining law.
pants-fire,Damage by protesters to the Wisconsin state Capitol will cost $7.5 million to repair.
pants-fire,"We have a fire marshal that said, Oh we cant allow more people ... And the reason they wont let them in is because they dont know what the hell theyre doing."
half-true,Only 14 percent of Americans were able to keep these individual market plans for two years before Obamacare became law.
pants-fire,U.S. Rep. Patrick Murphy voted to allow members of Congress to receive taxpayer-funded health care for life.
barely-true,"All of the records, as far as I know, about what we did with health care, those are already available."
false,"More than 1,000 American soldiers have lost their lives in Afghanistan in the last 27 months. This is more than the combined total of the nine years before."
barely-true,Some Republican leaders in Congress are pushing to make privatizing Social Security a key part of their legislative agenda if they win a majority in Congress this fall.
barely-true,Says Scott Brown co-sponsored legislationto let employers deny women coverage formammograms.
half-true,"When President Obama landed in Cuba on Air Force One, no leader was there, nobody, to greet him -- perhaps an incident without precedent in the long and prestigious history of Air Force One."
false,"Recently, Florida has successfully reduced the environmental permitting time down to just two days."
false,There was no panhandling when I left office.
mostly-true,"Says Joe Heck voted 10 times to defund Planned Parenthood ... and Heck opposes a womans right to choose, even when her health is at risk."
half-true,I cut taxes 23 times when I was mayor of New York City.
half-true,"The Great Wall of China, built 2,000 years ago, is 13,000 miles (long)."
half-true,Says Rick Perry wrote a newspaper item saying he was open to amnesty for illegal immigrants in the United States.
mostly-true,Republican candidate for governor Karen Handel has run a 100 percent negative campaign.
mostly-true,99 percent of all new income today (is) going to the top 1 percent.
true,There used to be 16 workers for every one person on Social Security. ... Now its three.
mostly-true,"Since January 2010, New Jersey has added 103,000 new private sector jobs. The last two years -- 2011 and 2012 -- have been the best two years of private sector job growth since 1999."
barely-true,Not one dime gets added to the deficit because of Social Security.
false,No Bridge to Nowhere could occur.
true,"Obama served on a board with former Weather Underground member William Ayers and ""that relationship with Mr. Ayers on this board continued after 9/11."""
mostly-true,"(Paul Ryan) has actually proposed three total, three bills that have become law in his entire career dating back to 1999."
half-true,"We rank below Ethiopia, Im told, in terms of our exports per capita, well below any of the other developed countries we trade with, and well below China and (South) Korea."
true,The Latino unemployment rate is higher than the white rate and the black rate is higher than the Latino rate.
true,"When people enter the service, theres not a mental health evaluation."
false,A bill to advance the Keystone XL Pipeline is an earmark under House rules.
false,The fact that Rick Scott is running for governor as a 'reformer' would be funny if it wasn't so outrageous. This is a man who barely escaped imprisonment.
true,Says states that passed anti-illegal-immigrant legislation also had few Hispanic legislators.
barely-true,Polls show that Floridians dont want to repeal the Affordable Care Act.
false,Six institutions in our country now control two thirds of the capital.
false,"There is no disagreement that we need action by our government, a recovery plan that will help to jump-start the economy."
mostly-true,Say Portland Public Schools central administration makes up less than 4 percent of the staff.
mostly-true,"If Rhode Island applied a 1-percent sales tax on all items exempt from sales tax, ''the state would receive an additional $89,376,857.''"
half-true,University of Texas students signed a petition seeking the legal right to abort newborn babies up to five-years-old.
half-true,There are 500 registered Republicans moving to Texas every day.
true,Says Delaware County has more waterfront property than any other county in the state of Ohio
false,Our larger domestic threat is from racial supremacist groups.
half-true,"Says Texas unemployment is dire in various ways such as a doubling in the jobless rate during Rick Perrys governorship. Also, the Texas rate has increased faster than the national rate during Barack Obamas presidency."
mostly-true,"Every general City of Milwaukee employee pays toward his or her pension, but approximately 88 percent of our police officers and firefighters do not."
mostly-true,The U.S. ranks 37th in the world for health care.
half-true,The state bureaucracy Jane Norton managed grew by $43 million in just three years.
true,"Only five states, including Georgia, do not have a hate crimes law."
barely-true,"In Florida, Sen. Bill Nelson ... got a $25 billion to $30 billion carve-out for Medicare Advantage patients in their state."
half-true,"When union membership goes down, so do (middle class) wages."
half-true,"Says Obama has never submitted a budget, and Congress has worked for two years without passing one."
true,"When he was asked a few years ago whether he could see himself lifting the cap on the payroll tax, (McCain) said, 'I could.' But today he's attacking me for holding the very same position."
true,"Says Republican presidential candidate and Gov. John Kasich has spent 177 days out of state and used $350,000 in taxpayer money on his costly campaign."
false,"New carbon regulations will increase electric bills by $17 billion every year and potentially put an average of 224,000 more people out of work every year."
half-true,Democrats give Newports to the homeless to get them to the polls.
half-true,Ron Johnson said specifically that he hopes the first steps occur to privatize the Veterans Administration.
true,"We have over 300,000,000 weapons, firearms in this country. Thats almost as big as the population."
false,The Obama administration will give Pennsylvania $160 million to pay for health insurance plans that cover any legal abortion.
mostly-true,"Says in his years as a Texas legislator, we passed three pay increases for teachers and provided them with health insurance."
mostly-true,Says 77 percent of Portlands students finish elementary school without taking even one art class.
half-true,"Since the passage of the Affordable Care Act, U.S. health care spending grew at 3.9 percent for the last three years, the lowest growth rate in over 50 years."
true,"Says Marco Rubio said that people who essentially dont agree with him, ought to leave the country, like Keith Olbermann."
half-true,This president has offered fewer executive actions than almost any other president preceding his presidency in recent history.
false,On George Allens U.S. senate candidacy.
true,"If you look at the benefits and wages of recorded federal employees, they far outstrip the market rates of the private sector."
half-true,"Under Republican economic policies, the typical American family saw their incomes fall by about 6 percent."
true,You ... said that Barack Obama was not ready to be commander in chief.
half-true,Most of the Bush tax cuts went to people in the top 3 percent of this country.
half-true,Governor Scott Cut Taxes 40 Times For Florida Families
mostly-true,"Forty percent of people in this country, illegally, are overstaying visas."
pants-fire,President Obama has the lowest public approval ratings of any president in modern times.
true,"The Senate has not passed a budget in more than three years, not a good budget, not a bad budget, no budget."
half-true,"Opponents of Section 5 (of the Voting Rights Act) complain of state expense, yet their only cost is the paper, postage and manpower required to send copies of legislation to the federal government for review."
true,"There are cities and counties in Georgia that dont have websites, and where elected officials dont have email addresses."
barely-true,"Says Romney wants to take away early childhood education, slash K-12 funding, and cut college aid to pay for a $250,000 tax break for multi-millionaires."
mostly-true,"Over 32,000 people die from #GunViolence every year. Yet, (The U.S. Centers for Disease Control and Prevention) is banned from researching ways to prevent this."
mostly-true,A strong majority of Americans support the Keystone XL pipeline.
true,"Says nearly 29,000 Oregonians almost 5 percent of all homeowners are 90 days or more delinquent on their mortgage."
true,Wisconsin is called the Badger State because our ancestors came here with the hopes of living the American dream by mining.
mostly-true,Says Scott Brown voted with President Barack Obama 70 percent of the time in 2011.
false,Says Rick Scott called education not a core function of the state.
half-true,"There's more than 100,000 people working at the Department of Agriculture. That's 1 employee for every 30 farmers."
false,State employees are actually going to get a pay raise.
pants-fire,"Small businesses that have $250,000 in gross sales for the business. Theyre the ones that are looking at massive tax increases."
half-true,"The Medford Water Commission was fined $279,000 for dumping plain drinking water into a stream."
half-true,"When the presidents spokesman was asked about (Anwar) al-Awlakis son, he said he should have chosen a more responsible father."
pants-fire,"Promotes a chart saying that Barack Obama has increased the debt by 16 percent, compared to George W. Bush, who increased it by 115 percent."
half-true,Says a prank phone call caused 400 children to be taken from their parents... without warrant.
true,"Gun violence is by far the leading cause of death for young African American men, outstripping the next nine causes of death combined."
true,"Within the three miles surrounding the University Circle area, infant mortality exceeds some Third World countries."
true,The stimulus bill contains $20 million for the removal of small to medium-sized fish passage barriers and $25 million to rehabilitate off-roading trails for ATVs.
mostly-true,Says Mitch McConnell credits Republicans for recent economic improvements even though they took control of the Senate only days ago.
mostly-true,"Barack Obama ""cut taxes for working families."""
barely-true,"There are nearly 500,000 registered sex offenders across the country and at any one time about 100,000 are unaccounted for."
false,The Koch brothers alone gave twice as much money to Scott Walker as the total amount of money raised by Tom Barrett.
mostly-true,"Rob Portman has taken more than $125,000 from Big Oil."
half-true,Says the University of Texas can afford to build a medical school because it has a $7 billion endowment and its football program had a $50 million profit last year.
barely-true,Says Charlie Crist signed the nations harshest marijuana laws.
true,"President Obama will now own 60 percent of GM, and his union buddies will own almost 20 percent."
mostly-true,The Nordic countries are some of the few countries that meet development aid goals.
mostly-true,"Says that in his book, Rick Perry said that Social Security is unconstitutional."
half-true,Says North Carolina Rep. Renee Ellmers was the only Republican to vote against an amendment to prioritize the deportation of sexual criminals who are illegal immigrants.
pants-fire,Medicare insurance premiums will be rising to $120.20 per month in 2013 and $247.00 per month in 2014.
barely-true,"Says Congressman Jon Runyan has a plan to raise Medicare costs $6,400 a year."
mostly-true,"To this day, (the Cuban government) is a regime that provides safe harbor to terrorists and fugitives."
true,The Republican-controlled Wisconsin Assembly approved only one out of 376 amendments offered by Assembly Democrats in 2011.
true,More than 30 cents of every state tax dollar goes to Medicaid.
pants-fire,"Says under his budget-repair bill, collective bargaining is fully intact."
half-true,On instances when abortions should be allowed.
mostly-true,Says its estimated that 300 babies a year are sent home from the hospital with an unrecognized congenital heart defect; it is the most common birth defect in America.
half-true,Says with Gov. Chris Christie and bipartisan reformers New Jersey had the most job growth in 11 years.
barely-true,"Bill OBriens Tea Party legislature tried to repeal kindergarten and compulsory education, defund Planned Parenthood and eliminate insurance coverage for birth control."
true,Surveys show that many of our citizens think we devote a full quarter or even a third of our federal budget to foreign aid.
barely-true,Proof of citizenship isnt necessary before you register to vote in Florida.
barely-true,Senate immigration legislation is the Obama-Reid plan to give illegal immigrants amnesty.
true,In 2010 about 75 percent of child abuse and neglect reports in Oregon were made by those required to report by law.
false,Says Republican U.S. Rep. Sean Duffy voted against paying our soldiers and against increasing combat pay while voting to protect his own pay.
false,Claims Wisconsin Senate Majority Leader Scott Fitzgerald said: It is necessary to eliminate unions in order to balance future budgets.
pants-fire,AIG insures the pension trust of the United States Congress!
false,"None of the polls being conducted right now have us on the top line. None of them. Its always Trump and Clinton and then second question, third question. ... If we were included in the top line, as Johnson/Trump/Clinton, wed be at 20 percent."
false,Says Donald Trump is going to go out and carpet bomb the Middle East.
barely-true,Donald Trump would engage in a risky scheme to privatize Social Security.
half-true,Says Chris Dudley thinks Oregons minimum wage is too high.
half-true,"In Cover Florida ""thousands already enrolled and climbing."""
false,"The centerpiece of Senator McCain's education policy is to increase the voucher program in D.C. by 2,000 slots."
pants-fire,The Republicans have never done anything really to balance the budget.
false,"I spend a lot of time in Iowa, and believe it or not, in Ottumwa, Iowa, this is the heartland, the newspaper, the regular newspaper for Ottumwa, Iowa, is (a) bilingual newspaper."
mostly-true,Says Rick Scott oversaw the largest Medicare fraud in the nations history.
mostly-true,Cap and trade legislation was originally a Republican idea.
mostly-true,Radio Marti and TV Marti have spent more than $500 million to reach less than 1 percent of the Cuban population.
mostly-true,If Texas were a country our economy would rank # 10...in the WORLD.
half-true,Mitt Romney said it was tragic to end the war in Iraq.
half-true,"For educational testing, Florida has chosen a company that has a significant history of promoting identification of the GLBT lifestyle for children as young as seven years old."
half-true,Marco Rubio opposes extending unemployment benefits.
half-true,The Iran nuclear deal is putting billions of dollars back into a country thats the worlds largest supporter of terrorism. We are actually giving them the money to fund the terrorists that are killing us and our allies.
pants-fire,"An audit of the last census found that over 370,000 people living in Texas were not counted, and our state lost an estimated $1 billion in federal funds as a result."
true,Georgia spends fewer tourism advertising dollars than any other state in the South.
pants-fire,"Recently though, the media has reported on thousands of illegal voters here in the commonwealth."
mostly-true,The top 1/10th of 1 percent today in America owns almost as much wealth as the bottom 90 percent.
half-true,"Seventy-four percent of Rhode Islanders support [a] national popular vote [for president] because they, as I, believe in one person-one vote."
mostly-true,"Given the results of the primary, the vote of one New Hampshire superdelegate is equal to the votes of about 10,000 grassroots activists."
true,"Whether the Amendment passes or not, the medical use of marijuana is a federal criminal offense."
half-true,"He's leading by example, refusing contributions from PACs and Washington lobbyists."
mostly-true,"U.S. taxpayers paid $71,500 per job created by the stimulus bill."
mostly-true,"Gov. Rick Scott cut the cost of prepaid college tuition by nearly $20,000."
half-true,"Wisconsin is not a high tax and fee state. When you look at all the money state and local governments bring in from residents, were more in the middle."
true,Says state Senate recall challenger Sandy Pasch voted to cut school aid by nearly $300 million.
mostly-true,I have 2 and a half million more votes than he (Sanders) does.
mostly-true,The United States is 50th in life expectancy in the world.
half-true,"Scott Walker to cut $300 million from universities, spend $500 million on a pro basketball stadium."
half-true,"Over the last 10 years, Georgias public health has declined."
true,"Says if you are on your bike in a crosswalk, all you have to do is dip your wheel into the road and cars must legally stop."
barely-true,Says he could be the first president in modern history to be outspent.
barely-true,We have spent $350 million to deal with sea-level rise in the Miami area and hundreds of millions of dollars to deal with coral reefs.
mostly-true,Says Donald Trump games the U.S. visa system so he can hire temporary foreign workers at low wages.
half-true,Says Mitt Romney pays less tax than the guys who installed his car elevators.
mostly-true,No poll done this year ... shows less than a majority to reinstate a federal ban on assault weapons.
mostly-true,"McCain used to buck his party on immigration by fighting for comprehensive reform. . . . But when he was running for his party's nomination, he . . . said that he wouldn't even support his own legislation if it came up for a vote."
mostly-true,Says Indiana Gov. Mike Pence provides zero state funding for homeless shelters.
half-true,"Literally, by the time a child is 18 years of age, theyve killed over 100,000 people in video games and other online things."
barely-true,"Says Connie Mack takes two homestead exemptions, directly contrary to Floridas Constitution."
half-true,"Says most illegal immigrants draw welfare benefits, theyre sending their kids to school, theyre using the public services."
pants-fire,Super Bowl Sunday has the highest rate of domestic violence.
false,Says the federal government restricts how much salt we can put on our food.
false,[Georgia] Republicans have mismanaged unemployment benefits.
mostly-true,"When I started in Ohio it was terrible. Now, were getting bipartisan support for our bills. And thats called leadership."
false,We spend twice as much per capita on health care as any other nation on Earth.
mostly-true,TriMet is spending 4.2 million in fed funds to save $168K per year.
barely-true,Most military experts say there is anywhere between 25 and 30 members of al Qaeda in Afghanistan.
mostly-true,In the last six years of Ciancis administration violent crime was down in the United States. It was down in the region. It was down in Rhode Island. But it was up in Providence.
true,"The omnibus spending bill has 9,427 pork barrel items."
pants-fire,Says Texas legislators in 2011 increased state spending on education.
false,Right now we have sufficient reserves to take care of Tennessees lottery scholarship students for a few years more.
mostly-true,"Theres not a single, solitary example that signing the bill to end Glass-Steagall had anything to do with the financial crash."
mostly-true,"Opponent Holly Benson said that Just because youre poor doesnt mean youre unhealthy, it just means you have a lot more time to go running."
true,Fox News uses photo of a married couple promoting traditional marriage and the photo is actually of a same-sex couple.
half-true,"Women take birth control, more than half of them, as a medication for other conditions."
barely-true,Congress is on vacation.
false,There are places in America that are among the most dangerous in the world. You go to places like Oakland. Or Ferguson. The crime numbers are worse. Seriously.
mostly-true,"By any measure, New Jersey has one of the most segregated school systems in the country."
barely-true,Says Gov. Rick Scott cut nearly $1 million from mosquito control and closed down the states mosquito research lab a few years ago.
false,Amendment 1 protects Florida seniors from scams and rip-offs.
false,"West has raised $2 million from those that would leave our beaches in ruins, end Social Security and Medicare, and give corporations free reign."
false,On subsidies for ethanol production.
half-true,"Two years ago Providence alone spent $50,000 a year notifying the school department about residents in the states sex offender registry."
false,There is no statistical evidence that bail bonds increase the likelihood of those awaiting trial returning to court for their scheduled hearings.
half-true,Says comprehensive immigration reform will add $700 billion to our economy.
true,Says she is 6th in hard dollars raised and has more cash on hand than Governors (John) Kasich and (Chris) Christie combined.
half-true,More than half of last years U.S. college graduates are unemployed or underemployed.
true,"There is nothing in the current state public records law that prohibits sensitive or confidential business information from being just that, confidential."
false,"The DNC hack showed you that the Clinton campaign was working to schedule (primary) debates against (Bernie) Sanders, and the Clinton campaign is continuing this ploy against Donald Trump."
mostly-true,One-third of our college grads leave Ohio within three years.
half-true,"The truth is any oil that would be drilled could be sent to any other country in the world, reducing our use of foreign oil not by one single drop."
mostly-true,Our children's safety is potentially at risk because nearly half of the apple juice consumed by our children comes from apples grown in China.
half-true,"The Democratic leader in the Senate, Harry Reid, has blocked any vote on the Keystone pipeline for years."
half-true,The woman named Wisconsins 2010 outstanding teacher of the year was laid off by the Milwaukee Public Schools that year under seniority and tenure rules that were eliminated by his Act 10 changes.
barely-true,We have more kids take the SAT than any other state in the nation. I mean a high percentage of our kids take the SAT.
false,Weve got more revenue than we ever have.
half-true,"Medicare only has about 50 percent of it paid for by either premiums or payroll taxes, and the rest is deficit spending ... or debt spending."
false,"Three presidents in the last century Harding, Kennedy and Reagan all cut taxes during recessions and produced ""rapid and dramatic economic recoveries,"" while two, Herbert Hoover and Barack Obama, did ""the opposite."""
mostly-true,Republican candidate for Georgia governor dabbled in birther conspiracy theories.
mostly-true,Says he invested over $100 million in worker training.
false,We were told there would never be a case of Ebola in the United States.
barely-true,"The federal health care plan ""costs Texas taxpayers $2.4 billion per year."""
mostly-true,"If you look at Latino kids between 17 and 20 who graduated high school, 36 percent of them are unemployed or underemployed. African-American kids are unemployed or underemployed to the tune of 51 percent."
mostly-true,"Here in California, Donald Trump has given $12,000 to Jerry Brown, Gavin Newsom and Kamala Harris."
half-true,"As a result of welfare reform, poverty levels went down to the lowest level ever for ... African-American children."
true,Says abortions are decreasing.
pants-fire,"A government panel that didn't include cancer specialists says women shouldn't receive mammograms until age 50...If government takes over health care, recommendations like these could become the law for all kinds of diseases."
barely-true,Says Democratic state Sen. Jim Holperin voted against a property tax freeze in 2009 and then voted for a $1.5 billion property tax hike.
mostly-true,Barack Obama refuses to acknowledge Jerusalem as the capital of Israel.
pants-fire,"Eighty-five percent . . . of Rhode Island tax returns that were filed for the year 2010 . . . were from individuals who earned $30,000 or less."
half-true,Says Ted Cruz slurred Republican senators including John Cornyn as graybeards and spineless jellyfish.
half-true,Says Donald Trump promised the mass deportation of Latino families.
false,"Barack Obama has ""pledged to reduce the size of the military."""
false,Says we had to cut 13 billion dollars in state spending over two years.
true,"If you go back to 1999, Wayne LaPierre testified on behalf of the NRA that background checks were appropriate and should be done."
barely-true,Exposure to the electromagnetic fields from power lines has been associated with childhood leukemia and other diseases.
mostly-true,"According to the most recent report, Wisconsins high school graduation rates are also up again -- to third best in the country."
barely-true,"During the Reagan administration, ""Millions of people were thrown out of work."""
true,Says over 90 percent of Travis Countys eligible residents have registered to vote.
pants-fire,"Sheila Jackson Lee of Texas said: Hey, all you wrinkly, white-aged has-beens: Its time for you to die and let the next generation have your spot on the planet."
mostly-true,About 85 percent of hotel guests who will pay the new $5 hotel/motel fee will be from outside Georgia.
mostly-true,"Georgia is now the eighth most populous state in the nation, moving from the number 10 position in just four years."
mostly-true,"Twelve percent of the garbage collected in those SOLV cleanups, by volume, is plastic bags."
barely-true,Bike lanes and sidewalks have been proven to reduce crashes by up to 38 percent on Austins streets.
false,Nobodys addicted to marijuana.
true,A majority of drunk driving deaths and injuries are caused by drunk driving offenders with no prior convictions.
barely-true,"John McCain, ""one of the richest people in a Senate filled with millionaires,"" says the solution to the housing crisis is for people to get a ""second job"" and ""skip their vacations."""
true,Exporters are using a federal loophole to deceptively sell products made from cat and dog fur to U.S. consumers.
half-true,Florida election officials requests to some residents to submit proof of citizenship is a backdoor poll tax.
half-true,"John Cornyn has voted to increase the debt, raise taxes, bail out Wall Street banks and fund Obamacare."
false,Virginias current unemployment rate is the lowest in Virginia history.
barely-true,Every major city which has a center of poverty is run by Democrats. Every major city.
half-true,The Legislature needs to spend $500 million to shore up the pension fund this year and the next 28 years to keep it afloat.
false,"Hillary Clinton has already said shes going to wipe out the Second Amendment. She doesnt believe in the First Amendment. And, she also believes in big government, which flies in the face of the 10th Amendment"
pants-fire,"Under current policies, were going to reduce the overall debt of the United States by $3 trillion over the next 10 years."
pants-fire,"Over 73% of all donations raised (from the ALS Ice Bucket Challenge) are going to fundraising, overhead, executive salaries, and external donations."
barely-true,"In 45 out of 50 states, on average men are seeing their premiums double, going up 99 percent. Women up 62 percent."
barely-true,"Mark Herring voted to allow sex offenders, including rapists, to serve shorter sentences."
true,Congressional Budget Office says 8 (percent) unemployment till 2014!
mostly-true,"The Orange County, Florida, school board voted to make it impossible for a student to receive a grade below 50."
mostly-true,Says Hillary Clinton was literally present when we pressed the reset button with Russia just a few months after Russia had invaded Georgia.
half-true,Who will raising the minimum wage actually help? More than half work full-time. The average worker is 35 years old.
half-true,Expanding Medicaid would create 63k jobs.
mostly-true,"When lenders foreclose on homes, they typically suffer losses that exceed 30 percent of the value of the home."
mostly-true,"The Republican plan for tax cuts is to give each millionaire -- the top 1 percent of income in this country -- $83,347 a year in tax cuts."
half-true,Says the number of Democrats who voted for the GOP measure allowing health plan renewals is close to the number who voted on GOP bills to delay mandates on employers and individuals.
false,"Under David Dewhursts leadership, the Texas Senate passed an expansion of in-state tuition and free health care to illegal immigrants."
true,There is over 20 times more energy in a proposed Southside uranium mining site than there is in all the oil thats estimated to be off Virginias coast
false,Wisconsins lawsuit rules are so anti-business that the states system is one of the most promiscuous in America.
true,President Obama's proposed 'spending freeze' will only reduce the $42 trillion in government spending proposed between 2011 and 2020 by little more than one-half of 1 percent.
mostly-true,Sixty-four percent of Americans support the Arizona immigration law.
false,Richmond is the most vegan-friendly city.
mostly-true,The state budget has gone up over 80 percent under Rick Perry.
true,Guantanamo detainees get taxpayer-paid-for prayer rugsthey had honey-glazed chicken and rice pilaf.
mostly-true,"Says that Republicans bragged about how every bill was going to be paid for, right from the beginning and that the first vote, the repeal of health care reform, violated that rule."
true,More people are struck by lightning than commit in-person voter fraud by impersonation.
half-true,Oil production is down 14 percent this year on federal land.
mostly-true,"The new Arizona immigration law ""says that any police officer can stop anyone who appears to them to be reasonably suspicious of being an undocumented person."""
barely-true,Says Mark Udall decided Obamacare. ... He passed Obamacare with his vote.
pants-fire,There was a loss of eight million jobs during the Bush eight years.
true,"Buono voted 154 times to raise our taxes -- like the sales tax, the income tax, health care taxes, even small business taxes."
half-true,"For the first time in more than a decade, imports accounted for less than half of (the oil) we consumed."
half-true,"Minnesota is kicking butt relative to Wisconsin on everything from employment and job creation to school test scores, educated work force and a host of other factors and rankings"
barely-true,"Two million federal workers negotiate zippo, zero. There is no collective bargaining for federal employees."
true,I don't do earmarks. I've never done one. I'm not going to do one.
half-true,A statewide poll showing 76 percent support and other surveys are a strong indicator of broad public support in Milwaukee County for a $10.10 minimum wage
half-true,Wendy Davis is fighting to bring ... Bloomberg-style gun control to Texas.
barely-true,Says a new report shows the devastating tax hikes (in the health care law) will have on middle-class Kentuckians.
false,"Most of your serial killers, most of your people who commit domestic violence, they start off by abusing animals."
false,Bill Nelson actually voted in favor of higher taxes 272 times.
half-true,"Under his leadership, more people in Wisconsin have access to health care."
pants-fire,Im beating (Kelly Ayotte) in the polls by a lot.
true,The U.S. Constitution is the oldest written constitution still in use today among nations.
half-true,"Obama ""voted for and even sponsored amendments that were intended to kill the (immigration overhaul) legislation."""
false,"There is no $30 million pot of money for redistricting issues, including defending redistricting lawsuits. Your tax dollars are not being spent on anything like that."
half-true,Says 95 percent of people caught crossing the U.S.-Mexico border said in a survey we are coming because weve been promised amnesty.
half-true,The United States is 65th out of 142 nations and other territories on equal pay.
false,When I was U.S. Attorney we wound up putting 10 percent of the state Legislature in jail during my seven years.
mostly-true,Says Hillary Clinton sent a memo to all State Department staff that said you should not do State Department business on personal email.
true,"Even hunters are restricted from using large capacity magazines: there is a five cartridge limit for large game hunting, and three for bird hunting."
pants-fire,Says the University of Wisconsin football program is spending almost all of its Bowl Championship Series payout on a Rose Bowl junket for politically connected officials
barely-true,"Every time you buy an airline ticket, the federal government runs a background check on you."
true,"Says that except for foreign policy, Ron Pauls voting record and his voting record are virtually identical."
false,"Californias Capitol building is second only to Disneyland, among visitor sites in the state."
half-true,"If the sequester hits, hundreds of thousands of Americans will lose access to primary care and preventive care like flu vaccinations and cancer screenings."
mostly-true,The Tampa Bay Rays prices have been judged the most affordable in all of professional sports.
half-true,"Says Bill Clinton signed a law very similar to, and Barack Obama voted for a law something like, Indianas Religious Freedom Restoration Act."
mostly-true,Texas ranks 49th in per-pupil funding among the states.
mostly-true,"Even members of the NRA, when they were polled recently, were under the impression that everyone has a criminal background check."
false,"Says Crist campaign website ""has eliminated all references to our Republican Party."""
half-true,We now have our kids go to school about a month less than most other advanced countries.
true,The poverty rate amongst women is the worst its been in 17 years and the extreme poverty rate is the worst its ever been.
mostly-true,November 2012 was a record year of turnout. More people voted before Election Day using absentee ballots and voting early than ever before in our history.
half-true,The Obama administration actually cut out the democracy in Egypt funds inside the State Department.
false,"As a Member of Congress, Chris Murphy was raking in $1 million in salary."
mostly-true,We (in Illinois) have the fifth-highest tax burden in the country.
false,Says Scott Walkers bad budget includes: No weekend for workers.
half-true,Says Donald Trump is for a single-payer health care system.
half-true,The Redskins Training Camp deal generated $40 million in new private investment in the city.
barely-true,Taxpayers subsidize 80 percent of each MARTA trip
false,"As we near the 10th anniversary of the 9/11 terrorist attacks, we should not forget that some of the hijackers used New Jersey drivers licenses to board those aircraft."
false,The Providence teacher contract is one of the longest in the country.
mostly-true,"This budget also reflects the smallest state government workforce per 1,000 residents in Florida in this century."
false,"Says climate scientist James Hansen says we have until perhaps 50 years from now, or maybe a little longer and at that point, we are looking at 10, 20, 30 feet of sea-level rise."
half-true,Secular Americans are the fastest-growing religious identification demographic in this country.
false,"When Jim Doyle was governor and Mary Burke was commerce secretary, Wisconsin saw billions in middle-class tax hikes on nursing home beds, gas, phones and garbage."
half-true,Says our 12 month job increase was the sixth highest in the nation.
half-true,"Scary fact about our national debt. In 1791 it was $75 million. Today, it rises by that amount in about an hour."
half-true,"Says that when adjusted for inflation and population growth, state general revenue spending has decreased 10.7 percent on his watch."
half-true,Says Rick Perry increased spending in Texas by more than 50 percent.
true,"In the past three years, state legislatures have enacted more of these restrictions (on abortion) than in the previous 10 years combined."
half-true,Nearly 45 percent of the women who receive health screenings through (the Womens Health Program) do so at a Planned Parenthood health center.
false,"Gov. Romney himself, with 28 other Republican governors, supported policies that would have eliminated the time limits in the welfare reform law and allowed people to stay on welfare forever."
half-true,Gubernatorial candidate Maggie Hassan supported 33 tax and fee increases as Senate Majority Leader.
barely-true,"A new federal program provides subsidized ""Obama phones"" with 70 free minutes of cell phone service every month."
pants-fire,"A data-storing microchip ""would be implanted in the majority of people who opt to become covered by the public health care option."""
mostly-true,More than 70 percent of American adults have committed a crime that could lead to imprisonment.
pants-fire,The Civil War wasnt about slavery.
true,Liberty University students were mandated to attend Sen. Ted Cruzs presidential announcement or they would be fined.
half-true,The governor switched his position once again on offshore oil drilling.
pants-fire,The unemployment rate may be as high as 42 percent.
true,"Hillary Clinton ""agreed with (John McCain) on voting for the war in Iraq."""
true,"Democrats have said that ""even one hearing (on the stimulus bill) would be one too many, and that we have a single day to approve these five complex propositions that will affect the lives of millions."""
false,State Department officials actually directed contracts for the Haitian recovery after the earthquake to friends of the Clintons.
half-true,Says Mark Warner has supported Harry Reid down the line.
mostly-true,Says Michelle Nunn has acknowledged allowing a convicted felon to hold a fundraiser for her.
true,Ill be the only economist in the (U.S.) House.
barely-true,"It doesn't make sense ""historically"" to drop out because the 1968 race was still competitive when ""Bobby Kennedy was assassinated in June in California."""
mostly-true,Says that Josh Mandel voted to let insurance companies deny coverage for autism
barely-true,Congressman Patrick Murphy voted to keep the scandal-ridden IRS in charge of enforcing Obamacare.
mostly-true,Manufacturing wages today in America on a per-hour basis are actually a bit lower than average wages in the economy as a whole.
mostly-true,There has never been a panther attack in the history of Florida.
half-true,"Every single day in this country, 1,000 people are deported and the vast majority of those people that are deported arent criminals."
barely-true,Employees in workplace freedom states make more money
half-true,"Education funding of $7,176 per student is a historic level."
pants-fire,A bill by Earl Blumenauer would mandate GPS tracking devices on all our vehicles.
mostly-true,High school students arrested on campus are twice as likely not to graduate and four times less likely to graduate if theyve appeared in court.
false,On the Bush tax cuts.
pants-fire,"Says Marco Rubio believes the earth is 9,000 years old and that humans hunted dinosaurs to extinction; says Rand Paul believes the earth is 10,000 years old and God removed dinosaurs to make space for humans."
false,Says he has engaged in the political process only in the past decade.
false,"You have to be a citizen to vote, but with same-day voter registration, you have places where people just walk in and vote."
false,"On support for Trade Promotion Authority, calledfast-track"
mostly-true,Obamacare carries on even under a government shutdown.
mostly-true,"Palin ""fired Wasilla's Police Chief because he 'intimidated' her."""
true,Hair stylists are required to undergo more government scrutiny than foreclosure consultants.
mostly-true,"Irans regime is responsible for more than 1,000 American casualties during the Iraq war and has plotted a terrorist attack here in our nations capital."
mostly-true,Marijuana is less toxic than alcohol.
half-true,"Says his father-in-law, former Gov. Linwood Holton, integrated Virginia public schools."
true,Health care reform will not affect veterans' benefits.
mostly-true,We have a governor whos vetoed measures like increasing our minimum wage and restoring the earned income tax cut.
false,At least a quarter of those apprehended at the border have criminal records.
half-true,More private-sector jobs were created in the first eight months of 2010 than in the eight years of the Bush administration.
barely-true,"Since President Obama took full control of Washington every single day, more than 1,500 of our jobs have been lost."
mostly-true,More people without health care since George Bush took office; more children in poverty since George Bush took office.
half-true,"During the year Kagan barred military recruiters from Harvard Law School's Office of Career Services, ""military recruiting actually went up."""
false,Says Colorado food stamp recipients can use ATMs to get cash to buy marijuana.
half-true,"In fact, oil spills from tankers are far more common than the very rare leaks from rigs or pipelines."
barely-true,"In Afghanistan, it is very, very rare that someone who is killed in action is not killed by an improvised explosive device, or IED."
mostly-true,"Says Jeb Bush doesnt believe in a path to citizenship. If he did at one time, he no longer does."
mostly-true,Says it wasnt until he and a Senate colleague were able to wrangle the actual streaming video from BP that scientists were able to calculate the oil spill flow.
pants-fire,Says over 25 percent of the Texas budget funds services to non-U.S. citizens.
false,The Clean Power Plan is something that Sen. Sanders has said he would delay implementing.
mostly-true,"In my home state, nearly one in five Floridians live in poverty."
false,"Over half of the people who would be taxed under (a millionaire surtax) are, in fact, small businesspeople."
half-true,We are within the margin of error.
false,"The 90 percent statistic ofsupporting background checks, thats been debunked."
barely-true,It is a fact that it costs more to run the schools in August.
false,''I have received more contributions than any other candidate in the race Republican or Democrat.''
pants-fire,"Says getting ex-cons to successfully return to society is important so we are not always faced constantly with recidivism, which is a big problem in the penitentiary today in the 70 to 80 percent range."
half-true,"When Mitt Romney was governor, Massachusetts ... (had) more debt per person than any other state in the country."
mostly-true,"California gubernatorial candidate Steve Poizner, a Republican, ""gave $10,000 to Al Gore's recount"" effort in 2000."
barely-true,Says Hillary Clinton gave up 20 percent of Americas uranium supply to Russia.
half-true,No one knows who bought the [38 Studios] bonds. And there was some language put in the bond offer that they must remain anonymous.
mostly-true,"Says that illegal immigrants get a $100,000 break on University of Texas tuition over four years."
false,U.S. House opponent Paul Ryan supports cutting funding for veterans by 24 percent.
mostly-true,"For Social Security, which is projected to remain solvent through 2033, Whitehouse has cosponsored [a bill that] . . . would extend the life of the program by an additional 75 years."
true,Says Portland has higher standards than feds on allowed police use of force.
true,"Donna Shalala left me with 12 million doses of smallpox vaccine and I created enough to vaccinate every man, woman and child against smallpox in America."
barely-true,"While President Obama says all options are on the table for preventing a nuclear Iran, Hagel says military action is not a viable, feasible, responsible option."
half-true,Says Rick Santorum voted to let convicted felons vote.
barely-true,Weve had the same leadership in the Travis County DAs office for 30 years.
half-true,Says Hillary Clinton voted for virtually every trade agreement that has cost the workers of this country millions of jobs.
mostly-true,We built a new prison every 10 days between 1990 and 2005 to keep up with our mass incarceration explosion of nonviolent offenders.
true,Obama put a 10 percent tax on tanning.
barely-true,"Many of the alarmists on global warming, theyve got a problem because the science doesnt back them up. In particular, satellite data demonstrate for the last 17 years, theres been zero warming."
false,Says Texas Railroad Commissioner Michael Williams has attended more than 150 tea party gatherings.
false,"The health care reform plan would set limits similar to the socialized system in Britain, where people are allowed to die if their treatment would cost more than $22,000."
barely-true,Most of the people who have signed up through the Obamacare exchanges already had insurance.
pants-fire,"In Japan, permanent residency is not given to Muslims, the propagation of Islam is banned, one cannot import a Koran published in the Arabic language, and Muslims cannot even rent a house."
false,The increase in the garbage tax that [Mayor Allan Fung] imposed in Cranston for some people has been as much as $200.
pants-fire,Welfare programs caused more long-term damage to Detroit than the atomic bomb caused to Hiroshima
barely-true,Says gas costs $4.50 a gallon.
false,Says eight Americans died in a knife attack at a Minnesota mall.
barely-true,Says six studies verify that the math adds up for Mitt Romneys tax plan.
mostly-true,Says President Barack Obamas approval rating gained 3 points in the last couple months.
half-true,The Republican governor who stood up and cut spending instead of raising taxes.
false,Students at the University of Texas in Austin have been advised not to wear cowboy boots or cowboy hats on Halloween.
false,Says Thomas Jefferson helped craft the Constitution.
true,"If we had the same staffing ratio (of officers to residents) as Seattle, wed have 300 more officers in our department."
half-true,Says opposing the Paycheck Fairness Act is part of the Koch brothers agenda.
pants-fire,"My ""border security efforts have led to a 60 percent decrease in border crime."""
true,I belong to the AFL-CIO.
false,Says our economy in New Jersey gets $38 billion from the businesses at the Shore.
half-true,21-million Americans could have a four-year college scholarship for the money we've squandered in Iraq. 7.6-million teachers could have been hired last year if we weren't squandering this money.
pants-fire,"Says a tweet he sent out wasnt saying, check out a sex tape. It was just take a look at the background of Alicia Machado."
mostly-true,"In 1998, nearly half of Floridas fourth-graders were functionally illiterate. Today, 72% of them can read."
mostly-true,Theres no statistical evidence that a waiting period for handgun purchases reduces violence whatsoever.
barely-true,Says that 9 million to 50 million undocumented immigrants live in the United States.
mostly-true,Says his Act 10 reforms have saved the taxpayers some $3 billion.
true,"When the Republicans were in charge, they actually expanded government health care with the prescription drug program."
barely-true,I do provide universal health care.
half-true,"Governor (Perry), you were a Democrat, having worked for Al Gore as his campaign manager..."
mostly-true,"Congressman Paul introduces numerous pieces of substantive legislation each year, probably more than any single member of Congress."
half-true,"The primary election results show Democrats are strong in Kentucky because the Democratic candidates ""both got more votes than Rand Paul did."""
half-true,The average age a child is trafficked into the commercial sex trade industry is between 11 and 14 years old.
true,The budget currently being debated significantly decreases the use of one-time resources.
barely-true,The party in the White House is responsible for a massive tax increase on the middle class.
false,It still had not gotten terrible on the roads by 2 to 3 p.m. Tuesday.
false,"Says I worked with our Mayor and other commissioners to help save the school year when a budget crisis in Salem threatened to cut four weeks of the school year, including negotiating with teachers to work for free."
pants-fire,Bill White is discriminating. Hes taking jobs from African Americans and giving them to his friends.
mostly-true,@Jorge_Elorza still think your plan is safe? Rescue Captain Kenyon just worked 96 hours straight. 96 hours.
false,The proposed Gogebic iron ore mine is just up the hill from the Apostle Islands National Lakeshore caves along Lake Superior.
mostly-true,"As Jim Doyles Commerce secretary, Mary Burke spent $12.5 million dollars to buy a vacant lot for a company that said it had no plans to create jobs in Wisconsin and had laid off 800 workers."
pants-fire,"Says that when Michelle Fields found out that there was a security camera, and that they had her on tape, all of a sudden that story changed."
half-true,On the importance of judicial experience for Supreme Court nominees.
false,"In 2011, (the Islamic State) attempted to attack Fort Knox."
mostly-true,"Says that in Texas, Republican nominees get 40 percent of the Latino vote on average."
mostly-true,Offshore wind power is significantly less expensive than solar energy.
mostly-true,Says he holds the record for most appearances on Meet the Press.
half-true,Let's not blame President Bush for all of this. We've got a Congress who sat around on their hands and done nothing but spend a lot of money ... leaving us $9-trillion in debt that we're passing on to our grandchildren.
false,Says Panasonic stayed in New Jersey because of the Business Retention and Relocation Assistance Grant (BRRAG) program.
true,McCain voted 19 times against a minimum-wage increase.
mostly-true,Joe Straus is the first Jewish speaker of the Texas House.
barely-true,A married couple that use the same last name is rarer and rarer in our country.
mostly-true,"New school testing standards will consume approximately twenty days of testing for elementary, middle and high school students."
true,"Ken Buck wants to outlaw abortion, even in cases of rape or incest."
true,Says the U.S. Department of Homeland Security must report to about 100 congressional committees and subcommittees.
half-true,"Says Alison Lundergan Grimes supports Obamacare, which cuts $700 billion from seniors Medicare."
true,"Research performed by economists has shown no consistent, positive impact on jobs, income or tax revenues arising from stadiums or sports franchises."
mostly-true,"The average 401(k) in America of a person whos 60 years old is under $100,000."
pants-fire,Says Chuck Hagels nomination as defense secretary has been publicly celebrated by the Iranian government.
half-true,The number of people who believeinsocialism ...is increasing.
true,Florida ranks last in the ratio of employees to residents...And Florida is dead last in the nation in state employee payroll expenditures per resident.
half-true,"Says that under Gov. Rick Perry, Texas Department of Public Safety troopers have had standing orders not to inquire into the immigration status of people unless theyre under arrest."
mostly-true,"Mike Trainor...still owes $250,000 to the state."
half-true,Says Amazon has removed aneducational game about Gettysburg.
mostly-true,"McCain ""said the other day that he would not meet potentially with the prime minister of Spain, because he . . . wasn't sure whether they were aligned with us."""
mostly-true,Says Mitt Romney raised business taxes 20 percent in Massachusetts.
true,Says Newt Gingrichs contract was with the lobbyists at Freddie Mac.
half-true,"I did very well with young people in Ohio, Massachusetts, California."
false,Wisconsin Gov. Scott Walkers budget okays disposing of unclaimed pound dogs to university research facilities.
half-true,While Sarah was Mayor of Wasilla she tried to fire our highly respected City Librarian because the Librarian refused to consider removing from the library some books that Sarah wanted removed.
barely-true,Cities like Seattle have decided to ban food carts.
false,The Senate immigration bill unleashes a massive increase in overall immigration. Were talking about a population increase under the Senate bill of over 70 million people in 20 years.
true,"Of the 25 wealthiest nations, were the only one that doesnt provide basic health coverage."
barely-true,Says Donald Trump wants us to pull out of NATO.
half-true,Solyndrahad robots that whistled Disney songs. Im not kidding.
mostly-true,"The average person only pays about $1,800 in state taxes which is the lowest of all 50 states."
mostly-true,One out of every five law enforcement officers thats killed is killed with an assault weapon.
false,"Remember that developers are forced to use the 195 land union contractors, so tap an extra $10 million into any construction project."
false,"Rick Scott has destroyed over 100,000 jobs."
false,More people in this country have seen UFOs than I think approve of George Bush's presidency.
half-true,The United States stopped plans to build a missile defense shield in Eastern Europe as a gift to Russia.
true,Says Republican-approved changes to make it more difficult to participate in Ohio elections include reducing in-person early voting from 35 days to six.
pants-fire,"In 2006, Planned Parenthood performed more prevention services and cancer screenings than abortions, but in 2013, there were more abortions."
pants-fire,I didn't endorse the federal stimulus bill.
true,Sen. Obama has been to Iraq once.
half-true,The Mack Penny Plan for the federal budget would balance our budget by 2019 and continues to gain support.
true,Says Paul Ryan is still endorsing Trump.
half-true,Florida's cost for the Medicaid expansion will be $1.6 billion a year or more.
half-true,"400,000 Oregonians have gained access to health care through the Affordable Care Act."
false,The Ukraine Orange Revolution in 2004 was the first color revolution.
false,Millennials are more pro-life than baby boomers and older Americans.
pants-fire,Says Barack Obama is a socialist.
barely-true,Says there are a half a trillion dollars in cuts to Medicare that are going to go in place as a result of health care reform.
false,"Says that under President Barack Obamas health care law, your insurance premiums could go up by 200 percent and cost as much as a new Explorer."
true,"Since 1904, the Ohio victor has won the presidency 25 out of 27 times"
half-true,Says Mitt Romney put Planned Parenthood on a state medical board but failed to put a pro-life group on the same board.
true,Says Warren Buffett has publicly said his secretary should not be paying a higher tax rate than him.
barely-true,When Republican extremists tried to take away abortion rights Blake Rocap stopped them.
true,The unemployment rate among blacks in Texas is 9.5% -- far more than double white unemployment -- and wages have fallen for black workers in Texas since 2000.
half-true,The economy always does better when theres a Democrat in the White House.
barely-true,Florida has experienced positive job growth for 39 consecutive months.
barely-true,Says he hasnt changed his view on abortion restrictions.
false,"If the House of Representatives fails to extend the middle-class tax cuts, 400,000 middle-class Rhode Island families will see their federal income taxes increase."
half-true,One in every three women has an abortion during her lifetime.
mostly-true,"Wisconsins concealed-carry permit rules demand more proof than other states that safety training requirements are met, rendering all existing (training) certificates insufficient as part of the permit application"
pants-fire,We just had someone last week in Neenah near a school kill someone with a bow and arrow.
barely-true,"In his very first budget, (Milwaukee) Mayor Tom Barrett broke his pledge to keep a lid on property taxes and has continued increasing taxes and fees ever since."
true,Georgias share of money from the Federal Highway Trust Fund declined 12 percent between 2008 and 2013.
true,"One in four Texans lacks health insurance, the highest proportion in the nation."
mostly-true,Obamas position on nuclear arms is a march toward global zero.
half-true,On responding to chemical weapon use in Syria
mostly-true,Says the majority of Americans support gay marriage.
false,Says he faced a record budget deficit in Virginia in 2014.
true,Distracted driving such as texting behind the wheel is behind a rise in traffic deaths on Georgia roadways this year.
pants-fire,I remember landing under sniper fire.
mostly-true,The founders advised non-interventionism.
half-true,"In Flint, Mich., the pipes still havent been replaced. The water is still poisoned."
mostly-true,The six largest cities in Ohio all have higher rates of violence and crime than every major city along the U.S.-Mexico border.
half-true,Says the American public overwhelmingly opposed Democratic-steered health care plan.
false,Lee Zeldin missed 2/3rds of Veterans Affairs Hearings
barely-true,"If you took every penny of the 1 percent, including their dog, you wouldnt even begin to balance the budget."
mostly-true,"During my tenure as governor, Wisconsins overall tax burden went DOWN."
false,Wisconsins effective unemployment rate is 20 percent.
barely-true,Says President Abraham Lincoln enforced the Fugitive Slave Act until the Civil War ended.
half-true,"Team Trump has accused Ted Cruz of fraud in Iowa, Texas, Colorado, Oklahoma, Louisiana, Kansas, Maine, Utah and Wisconsin."
half-true,"In Cobb County, every meeting opened with a prayer. The ACLU objected. Sued ... [Sam] Olens took on the ACLU and won!"
true,"When President Barack Obama said ISIS, or ISIL, was contained, he was responding very specifically to the geographic expansion of ISIL in Iraq and Syria."
half-true,"Only 15 percent of drug users are African-American, yet 74 percent of all drug offenders sentenced to prison are black"
half-true,"I told the Congress 'thanks, but no thanks,' on that Bridge to Nowhere."
false,"Says Rand Paul thinks drug-dealing, theft, burglary and prostitution should be decriminalized."
half-true,"Our debt to GDP ratios, our deficit to GDP ratios are quickly approaching the countries we have been reading about for the last year and a half. We are not far behind Ireland, Greece, Portugal and Spain and all these countries we have been reading about."
barely-true,We had the biggest drop of the rate of unemployment (in)all but 4 states.
half-true,Says Scott Walker gave $6 million in tax breaks to a corporation and told them that they can keep that money even if they lay off half their workforce.
false,"Today, the Social Security system is broke."
half-true,"In Iraq and Syria, American leadership, including our military power, is stopping (the Islamic States) advance."
mostly-true,Mercedes-Benz USA moving its headquarters to Atlanta will create at least 800 jobs.
false,Leticia Van de Putte voted to give illegal immigrants in this country free health care--not emergency health care but total free health care.
barely-true,New energy standards will take away our freedom of choice and selection in the light bulbs we have in our homes.
true,Proposed NClaw for body camera footage gives police broad authority to keep video footage secret even from individuals who are filmed.
half-true,On residency requirements for public workers
barely-true,"Since January 2015, the majority of our Austin City Council meetings have extended past 10 p.m. and many of our meetings have gone past midnight."
mostly-true,Ronald Reagan met with Gorbachev; Kennedy met with Khruschev; and Nixon met with Mao and these were folks who have done horrendous damage not only to their own countries but to other countries.
true,The unemployment rate for folks whove never gone to college is almost double what it is for those who have.
half-true,I opposed the only multilateral trade deal that came before the Senate while I was there.
half-true,Its estimated we leave somewhere north of $350 billion a year - thats billion - a year on the table uncollected because IRS doesnt have the resources.
true,Did U know? Block Island Wind Farm would mean 40% est. drop in BI electric rates.
true,The House of Representatives has never sued a sitting president in all of U.S. history.
pants-fire,"Maj. Nidal Hasan, the man accused of the Fort Hood shootings, ""was an ADVISOR to the Obama Administration."""
true,"As attorney general, I have prosecuted judges, district attorneys and other public officials across Texas who violated that (public) trust, who have been corrupted."
mostly-true,Sharron Angle voted to protect sex offenders.
half-true,"Josh Mandel used to be pro-choice, now hes anti-choice. He used to be sympathetic towards gay and lesbians and now hes [not]."
true,"Says with Jon Corzine, its the first time, I think, in history where a former Senator has been subpoenaed to testify before his former colleagues."
half-true,"In 2011, (Debbie) Wasserman Schultz missed 62 congressional votes one of the worst records of any member of Congress."
true,Says Texas is last in workers compensation coverage.
true,Says Donald Trump supports eminent domain and the Supreme Courts Kelodecision.
false,"Says U.S. Senate candidate Tommy Thompson admitted that Washington, D.C., changed him into an insider selling his influence to make millions from powerful special interests."
barely-true,I dont think Ive ever hired an illegal in my life.
false,The proportion of Rhode Islanders entering substance abuse treatment primarily due to marijuana use has reached its highest point in 20 years.
false,I have tremendous support from women.
true,Agriculture is the strongest industry in Ohio.
false,On a cap-and-trade plan.
mostly-true,The Russians didnt wear uniforms when they came in to Ukraine.
half-true,Suzanne Bonamici supports a plan that will cut choice for Medicare Advantage seniors.
barely-true,"Newgard owed more than $13,000 for unpaid taxes on his $1 million Milwaukie apartment complex."
mostly-true,The (Florida) casino proposed by Malaysian gambling conglomerate Genting would be nearly double the size of the largest casino in the world.
half-true,Tommy Thompson made millions from corporations who outsource American jobs and now hes trying to lavish huge tax breaks on them.
true,"Certainly were going to be the most restrictive state in the land in terms of who can get medical marijuana, how it will be prescribed and how it will be achieved in terms of moving it into the marketplace."
half-true,"Theres only three countries in the entire world wheretheres no paid vacation by law, we happen to be one of them."
half-true,Says Newt Gingrich supports amnesty for illegal immigrants.
half-true,The 2013-15 state budget backed by Gov. Scott Walker and Republican lawmakers left our technical colleges funded at 1989 levels.
mostly-true,The budget I managed at the Department of Education was more than $60 million.
false,"Public support for abortion is actually going down a little bit, polls show."
pants-fire,A Texas law says that you cant shoot bears out of the second floor of a window.
half-true,I didnt inherit money from my parents.
half-true,Says Romney would add trillions to the deficit while Obama would cut the deficit by $4 trillion.
half-true,Obama's liberal fiscal agenda: Over $874-billion in new spending.
mostly-true,Milwaukee is the most segregated city in America.
false,Only a few months ago the FBI arrested three Broward County Commissioners for accepting millions of dollars in trade for illegal favors.
mostly-true,"North Carolina spends $855 less per student than it did before the Great Recession, and we have one of the lowest per pupil spending levels in the nation."
true,The numbers make it clear that Georgia voters are increasingly taking advantage of early voting opportunities.
mostly-true,"By the time I left the State Department, economic growth was up and opium production was down in Afghanistan, while infant mortality declined and school enrollment rose by more than sevenfold."
false,Says large majority of Republicans believe Obama is a Muslim and not U.S.-born.
true,"The United States is no longer top nation in the globe on infrastructure, having fallen to 15th."
half-true,The top 1 percent pay 45 percent of all taxes in the country.
true,"Says New Jersey has gained 143,000 new private-sector jobs."
mostly-true,Russia and China absolutely said clearly they would not keep economic sanctions on Iran if the United States walked away from the deal.
pants-fire,Obama Announces Plans For A Third Term Presidential Run
false,The Milwaukee County bus system has among the highest fares in the nation.
half-true,"Pending a federal waiver, the 2013 Legislature eliminated the overtesting of students in grades 3-8 by decreasing the number of tests from 17 to 8."
false,On calling Supreme Court nominee Sonia Sotomayor a racist.
mostly-true,"Huckabee ""was one of the highest taxing governors that we had in this country and rivaling Bill Clinton in terms of the Cato ratings."""
half-true,"Says he has repeatedly praised Chuck Hagels character, patriotism, bravery, and personal service defending our nation."
false,This unit is the only one in the state that strives to implement the principles of Mother-Friendly care as outlined by the national Coalition for Improving Maternity Services Mother-Friendly Childbirth Initiative.
half-true,"As governor of Arkansas, I cut taxes and fees almost 100 times, saving the taxpayers almost $380-million. I left a surplus of nearly $850-million."
barely-true,The only people in this town that have voted to cut Medicare spending are the people who voted in favor of Obamacare. Thats a fact.
true,"To get out of the (teachers) union, you pay 85 percent of $731. Then youre out of the union, but youve got to pay it every year, also required by statute. Thats called a representation fee."
half-true,Says Russ Feingold formed his own political group to pay himself and his staff millions.
half-true,"If Florida expanded Medicaid, some studies indicate it would create about 120,000 jobs."
false,"Due to actions by President Barack Obama, the Burger King national headquarters announced this month that they will be pulling their franchises from our military bases."
true,President Reagan did it (raised the debt ceiling) 18 times. George W. Bush did it seven times.
half-true,"Says Rep. Maxine Waters, D-Calif., only needs about 40,000 to 50,000 votes to win election to Congress compared with the 120,000 votes King needs, because Waters has a higher immigrant population."
barely-true,"Since sequester began federal employment has been subtracting 6,000-7,000 jobs per month"
pants-fire,The federal Hate Crimes Prevention Act bill would create special protection for pedophiles.
barely-true,"Its bad enough that (Stephen) Silberkraus appeared in a sexual fetish film where women were kidnapped from their homes and forced to live naked in kennels and trained to be pets. But when Silberkraus isnt acting in films that degrade women, hes stalking them in his personal time."
false,"The Chamber of Commerce says new carbon regulations will kill 244,000 jobs a year and cost average families $1,200 a year."
half-true,"Says a federal judge in San Antonio issued a ruling that not only could the students not pray at their graduation, if they used the word benediction, the word invocation, the word God, asked the audience to stand or asked for a moment of silence, he would put the superintendent in jail."
half-true,Democrats rang up a $1.42 trillion budget deficit in 2009 the single largest in American history.
mostly-true,Tide gauges measuring sea level in Rhode Island since 1930 have risen maybe about 10 inches since that time.
barely-true,Climate change is directly related to the growth of terrorism.
mostly-true,Point Pleasant Beach does not own its beaches; they are privately owned and operated by businesses such as Jenkinsons
false,Herman Cain is a pro-choice candidate.
half-true,"Says under Mitt Romney, Massachusetts was 47th in job creation."
mostly-true,"For every extra year that a girl stays in secondary school, her chance of getting infected with HIV/AIDS decreases by half."
mostly-true,"By the end of 2015, more than 1,300 people will have died on Georgia roads. One of out evey four fatalities resulted from drunken driving."
half-true,"Charlie Crist stopped layoffs of some 20,000 school teachers during the global economic meltdown."
mostly-true,We in Indiana have . . . the highest credit rating in the nation.
false,Signs letter saying Consumer Product Safety Commission is acting without consultation or input from the company to stop the sale of Buckyballs.
pants-fire,"Americas gun-related homicide rate would be about the same as Belgiums if you left out California, Illinois, D.C. and New Jersey, places with some of the strictest gun control laws in the U.S."
barely-true,U.S. Senate candidate David Perdues company took $3 million from the federal stimulus program that President Barack Obama created.
false,A major part of the climate change bill sponsored by Sens. John Kerry and Joe Lieberman was essentially written by BP.
false,Fewer than 10 percent of those in the House are what anyone would classify as wealthy.
true,Im the only candidate for Milwaukee County executive that has voted against increasing government pensions.
half-true,Georgia Public Service Commission member Stan Wise has received about 95 percent of his campaign money from the utilities he is supposed to be regulating.
false,"Says opponent Bill Flores helped run a company that laid off over 3,000 workers and paid off executives with millions."
false,Martin Luther King Jr. was a Republican.
barely-true,"Part of his ride was to warn the British that were already there that, Hey, youre not going to succeed."
false,Justin Amash is rated Michigans No. 1 conservative by National Right to Life.
half-true,Says Florida is a model for successful pretrial release programs.
half-true,"Says New Jerseys unemployment is significantly lower than it was when I got here. And weve created 50,000 new private sector jobs in the last 20 months after having lost 117,000 in the year before I got here."
true,Says Oregonians for Food and Shelter proudly features board members from Monsanto and Syngenta and the (Oregon) Farm Bureau also receives funding from biotech companies.
mostly-true,The Georgia Lottery paid out $2.3 billion in prizes during the last fiscal year.
false,"The State Department says the 42,000 jobs created by the Keystone XL pipeline are ongoing, enduring jobs."
pants-fire,"U.S. Reps. Eric Cantor and Luis Gutierrez were touring the country last year joined at the hip, working together in a bipartisan fashion indeed for the goal of immigration reform."
half-true,David Perdue led efforts to ship thousands of jobs overseas.
mostly-true,"When these same Republicans - including Mr. Boehner - were in charge, the number of earmarks and pet projects went up, not down."
half-true,"Since President Obama took office, there are over 450,000 more unemployed women."
true,"Obama worked with ""Sen. Dick Lugar, a Republican, to help lock down loose nuclear weapons."""
half-true,(GM and Chrysler) repaid their loans.
false,Says the states budget shortfall is not that much different than it was in 2003.
true,"While I was working on those streets watching those folks see their jobs shift overseas, you were a corporate lawyer sitting on the board at Wal-Mart."
half-true,John Boozman is excited about putting a 23 percent national sales tax on everything you buy.
mostly-true,Said he won the Democratic primary without one ... negative TV spot.
true,"The truth is, Planned Parenthood does not provide mammograms. Planned Parenthood refers women to mammography providers, serving as the middlewoman, if you will."
mostly-true,Today 46 percent of all Floridians owe more on their home than it is worth.
barely-true,The Obama administration gave Iran $400 million in ransom payment cash.
mostly-true,Women make 77 cents for every dollar a man earns.
true,Says judges get better benefits at a lower cost than everybody else in the state.
barely-true,"Governor Christie, his idea of jumpstarting the economy is to propose a trickle-down income tax cut last year and in his budget address this year, he stated his support for it again."
half-true,"Mayor Giuliani made New York City what's known as a 'sanctuary city,' where illegal aliens were allowed to come. And he instructed the leaders of the city not to enforce the law, not to enforce immigration law."
pants-fire,"Blue Cross Blue Shield cancelled all their individual (health care) policies in the state of Texas, effective Dec. 31."
half-true,Says the Texas House has a record number of new members joining our ranks.
barely-true,"Last week Senator Obama's running mate said, get this, 'Raising taxes is patriotic.' "
false,The elimination of essentially every automobile would be offset by one volcano exploding.
pants-fire,"President Barack Obama wants to take in 250,000 (people) from Syria."
barely-true,"Not even expensive bottled water, like Perrier and Evian, are of good enough quality to pump out of mines in Southwest Virginia, according to the EPA regulation."
true,Foreign companies in the United States have a significantly higher unionization rate than other companies overall.
pants-fire,"Religious groups like Knights of Columbus have been forced to allow same-sex marriage ceremonies in their facilities, against their beliefs."
true,More than half of women under 30 who give birth do so outside of marriage...
true,Rhode Island has a very generous unemployment compensation rate compared to most other states.
mostly-true,The federal government borrows $4 billion every day.
mostly-true,"As a senator, Barack Obama supported ""an amendment that basically gutted the legal temporary worker program."""
half-true,The majority of people in polls do not support Obamacare.
barely-true,Gov. Kitzhaber oversaw creation of the Oregon driver card law behind closed doors without allowing any input from citizens who represent the public interest.
pants-fire,Congresswoman Kathy Castor voted to spend $2.6 million to teach prostitutes in China to drink responsibly.
half-true,Says Sherrod Brown voted for the $1.17 trillion health care law that adds a new tax on Ohio manufacturers.
half-true,"If anyone should know irresponsible it should be Senator Buono. Shes the one, her budget left us with a $2 billion budget deficit in fiscal 10 that I had to fix. Her mistakes. And for fiscal year 2011 an $11 billion budget deficit. Her mistakes, along with her partner Jon Corzine."
false,And the #jerseycomeback keeps rolling! Thanks to @GovChristie NJ now has lowest corruption risk of any state.
half-true,The city of Atlanta ranks 25th among U.S. cities with the highest crime rates.
barely-true,"They were going to build the wall a while ago, not so long ago, like in 06. And they couldnt get environmental impact statements."
half-true,The health care reform plan being proposed in Congress would mean big tax increases.
half-true,"If youre born poor, youre more likely to stay poor than any time in American history."
barely-true,"The Congressional Budget Office ""estimates that only 15 percent of this stimulus package will be spent in 2009"" and only 37 percent in 2010."
half-true,The federal health care law tells the American people precisely what type of coverage they have to have.
false,"A Congressional Budget Office report says President Barack Obamas executive order to raise the minimum wage for new federal contract workers will cost the economy 500,000 jobs."
mostly-true,Says Marco Rubio has the worst voting record there is today.
pants-fire,Says Hillary Clinton will receive her congressional salary until she dies and the Secret Service pays her mortgage.
barely-true,"The Democrat majority in the Senate has failed to submit [a] budget in the past 1,000 days."
half-true,"Says an election clerk in Green Bay refused to allow early voting on the UW-Green Bay campus because she was afraid it would help Democrats, showing outrageous partisan bias."
mostly-true,Nearly 6 in 10 uninsured Americanscan get health insurance for what may be the equivalent of your cell phone bill.
barely-true,"Says his hometown of Paint Creek, Texas, doesnt even have a ZIP code."
mostly-true,"When the Constitution was written, (only) 20 to 25 percent of the people in the country could vote."
barely-true,Scientists project that the Arctic will be ice-free in the summer of 2013.
false,"One of the most troubling aspects of the Rubio-Schumer Gang of Eight bill was that it gave President Obama blanket authority to admit refugees, including Syrian refugees, without mandating any background checks whatsoever."
false,The presidents proposed budget will help reduce the deficit by $400 billion over the next decade to the lowest level since Dwight Eisenhower was president.
half-true,Says the largest tax increase in American history is set to occur on January 1st unless President Obama and Congress can come to an agreement.
half-true,"Says weve accomplished balancing two budgets without raising taxes. Weve now created 60,000 new private-sector jobs. Weve made government smaller."
false,Says U.S. Senate rival Tommy Thompson ran Medicare into the ground and nine years closer to bankruptcy.
barely-true,Says Ron Johnson supported a plan to cut benefits and raise the retirement age for Social Security.
true,"Like Marco Rubio, Sen. Barack Obama had one of the worst attendance records in the Senate."
false,Says the Simpson-Bowles deficit reduction proposal went from President Barack Obamas desk to the garbage can.
mostly-true,"The Hispanic population in Gwinnett and Henry counties has increased by 153 percent and 339 percent, respectively, since 2000 while Republican presidential candidates are getting a smaller percentage of the vote in those counties."
barely-true,"Says Austin Mayor Steve Adlers transportation plans linked to Proposition 1 on the ballot remove 27+ miles of traffic lanes around the city, replacing them with lanes dedicated to usage by bicycles and buses."
true,Says Obama flip-flopped on warrantless wiretapping.
half-true,Says 85 percent of Milwaukee shootings involve people with extensive criminal records shooting other people with extensive criminal records.
false,There's no evidence anywhere that offshore drilling has hurt tourism in any area where it has been allowed.
half-true,"Under the current procedure, if someone on a terror watch list tries to buy a gun, authorities are notified."
false,"While Mayor Kenney personally doesnt support DROP, he cant fault highly qualified city employees for appropriately utilizing a benefit thats available to them."
mostly-true,Neither Hillary Clinton or Donald Trump has a plan to address the civil war in Syria.
mostly-true,Dan Patrick called for increasing the gas tax and the state sales tax.
mostly-true,AIG has fully repaid the federal government plus a profit of more than $22 billion.
true,"Says Gov. Charlie Crist has called him ""a rock star."""
barely-true,One person has been fired at the Veterans Administration for withholding services.
false,Obamacare adds trillions to our deficits and to our national debt.
mostly-true,We've won twice as many states. We've won a greater share of the popular vote.
true,"Since that famous day in February where the governor campaigned with Barack Obama on behalf of the stimulus program, 211,000 Floridians have lost their jobs."
pants-fire,Says some Austin school district classrooms lack electrical outlets.
mostly-true,Barack Obama's church gave a lifetime achievement award to Louis Farrakhan.
false,The McCain campaign is roughly in the position where Vice President Gore was running against President Bush one week before the election of 2000.
mostly-true,Women in Florida make 83 cents for every dollar a man makes.
false,Glen Sturtevant is against smaller class sizes.
true,Ninety percent of the job growth in Virginia has been in the private sector.
false,The economic impact of Atlantas 2000 Super Bowl was $292 million.
mostly-true,"Almost 88,000 United States service members are still missing and unaccounted for, dating back to World War II."
pants-fire,"The president said hes going to bring in 250,000 (Syrian and Iraqi) refugees into this country."
mostly-true,Rhode Island has taken its federal Medicaid funding and shown it can run the program more cost-effectively than the federal government.
barely-true,Says House Republicans tried to change the definition of rape.
half-true,Says Sen. Kay Bailey Hutchison took 154 private flights all funded by taxpayers though commercial flights were readily available at a fraction of the cost.
pants-fire,Obama Signs Bill Forgiving All Student Loan Debt.
half-true,"Twenty four states have voter ID or comparable restrictions; before Barack Obama was elected, it was two."
false,Says U.S. House candidate Carlos Curbelo supported ending the Medicare guarantee.
false,Any Floridian who has ever requested an absentee ballot henceforth gets one automatically.
barely-true,"Federal Reserve policies have led to a 69 percent rise in corn prices, 44 percent rise in wheat prices and 15 percent spike in sugar prices over the last year."
false,Says John McCain has done nothing to help the vets.
barely-true,"Rather than work to secure the border, (Marco Rubio) supported Obamas amnesty plan for illegal immigrants."
half-true,Says Hillary Clinton has been given tens of millions of dollars by countries that treat women horribly ...and countries that kill gays.
half-true,"Over the last several years, 40 percent (of) the jobs created in Texas were created for illegal aliens."
barely-true,"Workers in the United States are making less than they were almost 20 years ago, and yet they are working harder."
barely-true,Says Chuck Hagel has called for an end to our nuclear program.
pants-fire,The United States has never stood by and seen innocent people slaughtered to the extent thats happening in Syria.
pants-fire,President Obama was raised Muslim.
barely-true,The folks in Washington are already forcing you to buy government health care.
mostly-true,"Says 3,000 Americans died of gunfire between the time of the Ebola scare in Dallas and the midterm elections."
true,Sherrod Brown has been running for public office since Richard Nixon was president.
mostly-true,Says Gov. John Kasich can remove the president of the State Board of Education.
true,Providence has the lowest crime rate in three decades.
false,A 2005 gay pride vote had nothing to do with discrimination.
false,"The Clintons now charge the Secret Service $10,000 monthly rent for the use of (a) Secret Service residence and that rent is just about equal to their mortgage payment."
mostly-true,The U.S. has the highest unintended pregnancy rate of any Western industrialized country.
barely-true,Eight million Americans have dropped out of the work force since (Barack) Obama became president. ... The real unemployment rate is 19 percent.
false,"If youre from Syria and youre a Christian, you cannot come into this country as a refugee."
barely-true,Most of the (Affordable Care Act) has already in some sense been waived or otherwise suspended.
mostly-true,"His proposed budget would ""cut our deficit in half by the end of my first term."""
true,The Koch network (is) spending more money (in a Senate race) in Ohio than anywhere else in the country.
barely-true,"Says Carlos Lopez-Cantera even voiced enthusiastic support for bringing an Arizona-style immigration law to Florida, calling the measure common sense."
true,Wrong precinct rules exacerbate our provisional ballot problems (and) HB 194 does nothing to solve the wrong-precinct problem.
true,Forty cents of every dollar being spent by the federal government is being borrowed from my children.
half-true,John McCains chief economic adviser during the 08 race estimated that Trumps promises would cause America to lose 3.5 million jobs.
true,The Chicago Bears have had more starting quarterbacks in the last 10 years than the total number of tenured (UW) faculty fired during the last two decades.
mostly-true,"When Rick Scott was deposed in lawsuits about his company, he took the Fifth 75 times."
barely-true,John McCain wants to privatize Social Security.
mostly-true,"The war on drugs led to a 500 percent increase in incarceration in our country, disproportionately affecting poor and disproportionately affecting minorities."
half-true,"Some 20,000 Delphi salaried retirees lost up to 70 percent of their pensions as a result of political favoritism and backroom deals."
false,"As a result of Obamacare, California seniors face benefit cuts of over $1,700."
pants-fire,Say water fluoridation started in Nazi Germany ghettos and death camps to pacify the Jews.
true,"For now, we are still below average in the metro region."
false,"Barack Obama ""openly supported (opposition leader) Raila Odinga during his visit to Africa in 2006."""
true,"Her opponent: zero times a judge, zero rulings, zero experience on the bench."
false,"John McCain refuses to support a new bipartisan energy bill ""because it would take away tax breaks from oil companies like Exxon Mobil."""
half-true,"Obama ""voted for ... $3-million for an overhead projector at a planetarium in Chicago."""
mostly-true,"The average time someone used to hold a share of stock back in the 60s was eight years. Now, the average time is four months."
true,"If sea levels rise six feet due to climate change, Waterplace Park in Providence and Wickford village would be swamped"
false,We have more illegal immigrants here than we did five years ago.
half-true,"Requiring photo ID would keep about 200,000 Missourians from voting."
pants-fire,I don't describe your plan as amnesty in my ad. I don't call it amnesty.
false,Nevada Democratic Party leaders hijacked the process on the floor of the state convention ignoring the regular procedure and ramming through what they wanted to do.
pants-fire,"When Obama was sworn into office, he DID NOT use the Holy Bible, but instead the Kuran (Their equivalency to our Bible, but very different beliefs)."
half-true,"Mitt Romney did not endorse Ted Cruz, even though he said he is voting for Cruz and urged others to do likewise."
barely-true,"The White House has ""refused"" international help in dealing with the oil spill."
false,Republican candidate for governor Nathan Deal explicitly voted to fund abortions ...
mostly-true,Weve seen property taxes go down for the first time in 12 years on a median valued home.
mostly-true,"Unemployment for those with college educations is now 4.5 percent. Unemployment for those with more than a college education, below 4 percent."
half-true,The Republican candidate [John Loughlin] has talked about privatizing Social Security ... so we know where he stands on the issue.
mostly-true,"The United States of America, right now, has the strongest, most durable economy in the world."
false,Says U.S. Rep. Martin Heinrich spent a trillion of our tax dollars on a stimulus for failed companies here and jobs overseas.
false,"We have trade agreements with 20 countries, and we have trade surpluses with each one of those 20."
mostly-true,Their New York casino deal was called rigged and corrupt.
mostly-true,Rick Perry accepted more stimulus funds than any other governor except the governors of California and New York.
half-true,Onthe Iran nuclear deal
false,"Dan Seals has been running for office since before there were, like, iPods."
false,"Nobody has been talking about it (Medicaid fraud), focused on it, or paying attention to it."
false,Americans invented the automobile.
barely-true,Federal law requires that hospitals treat people whether or not they can pay. So someone (who) doesnt have health insurance -- they can go to the hospital and get free care.
pants-fire,"RNC version of a Hillary Clinton valentine: ""Roses are red, violets are blue, I'll raise your taxes and there is nothing you can do."""
false,"In Arizona, there are only one and a half (Border Patrol) agents per every 10 square miles."
true,"Virginia spends $400,000 on abstinence programs while losing $2.5 million in federal funds due to Gov. Bob McDonnells political agenda."
mostly-true,"The Kenosha casino would be one of the states largest employers and pay more to the state than any other company or Tribe essentially, it would be Wisconsins biggest taxpayer."
half-true,"Murder went up when Romney was governor. ""Robbery went up. Violent crimes went up."""
mostly-true,"Says President Barack Obama gives students the right to repay (federal) loans as a clear, fixed, low percentage of their income for up to 20 years."
mostly-true,"Mike Pence voted against expanding the Childrens Health Insurance program, which Hillary helped to start."
pants-fire,The health care law includes a 3.8% sales tax on all real estate transactions.
mostly-true,"Says Mitt Romney is wrong to claim that spending under Obama has accelerated at a pace without precedent in recent history, because its actually risen slower than at any time in nearly 60 years."
half-true,"As Bernie Sanders said, Hillary Clinton voted for virtually every trade agreement that has cost the workers of this country millions, millions of jobs."
barely-true,"Says in 2003 Texas cut $10 billion out of the entire budget, yet we put $1.8 billion more into public education. We put $800 million more into health and human services."
mostly-true,"The last six polls, including this week's Time magazine, show that I beat John McCain by six or seven points."
true,Wisconsin still ranks first among the 50 states in manufacturing jobs per capita.
true,"If someone is in a room that has measles and leaves and you walk in two hours later, you could get measles from that person."
half-true,"UW-Madison spent down reserves as it was told to do two years ago and, facing new state budget cuts, has no more reserves to spend down."
half-true,"Obama ""voted against funding our troops."""
true,"The nuclear test conducted in our nation this time is the Earth's 2,054th nuclear test. The five permanent members of the U.N. Security Council have conducted 99.99 percent of the total nuclear tests."
true,Rhode Island is almost dead last among Northeastern states in the length of time first-degree murderers must spend in prison before theyre eligible for parole.
true,As governor of Florida I defunded Planned Parenthood.
mostly-true,"As governor, [Mitt Romney] balanced the budget without raising taxes and created jobs."
true,Tells President Barack Obama that he also asked former President George W. Bush about how he felt about Americans hating him.
mostly-true,"In our community college system (state) cuts have reduced funding per student by $1,908."
pants-fire,A report by the US General Accountability Office (GAO) in 2008 found that the disposal of Katrina wastes by AshBritt in the south resulted in the creation of contaminated sites along the Gulf Coast and two new Superfund sites in New Orleans.
barely-true,Vern Buchanan has been completely exonerated in a Federal Election Commission action.
half-true,A new Republican litmus test would have resulted in (the GOP) kicking out Ronald Reagan.
half-true,On President Barack Obamas stimulus
half-true,"Says that while Foster was mayor, Rick Kriseman was ineffective in the Florida House of Representatives because there was no legislation that passed the House that had (Krisemans) name on it."
pants-fire,This incident of supposed feces depicting a swastika on the wall of a bathrooms in one of the halls ... has been supported by zero fact.
mostly-true,Rhode Island charter schools are nationally recognized as outperforming their counterparts across the country.
true,"Taxpayers earning $1 million pay an effective tax rate that is about four times what taxpayers earning $100,000 pay."
mostly-true,Polls show Bernie Sanders would do better than Hillary Clinton in a head-to-head battle against Donald Trump.
half-true,Says Iowa Republican Senate candidate Joni Ernst would privatize Social Security.
barely-true,"Deregulation of the states telecommunications industry will create 50,000 jobs in Wisconsin."
half-true,The Constitution doesnt allow the governor to not-spend appropriations funds.
mostly-true,The video doesn't show the broader picture of the firing that was going on at American troops.
half-true,"Since Sherrod Brown and the Democrats rammed the economic stimulus bill through, Ohios unemployment rate has risen to 9.6 percent, above the national average."
false,"The Obama administrations cap-and-trade plan would create a $1,761 yearly energy tax."
mostly-true,Nearly 46 million Americans don't have health insurance coverage today.
true,Says people who signed recall petitions against Wisconsin state Sen. Jim Holperin received harassing phone calls from out-of-state telemarketers claiming to represent the Democratic Party and insinuating foul play by petition circulators.
barely-true,President Barack Obama has weakened the respect for America abroad.
false,"Says he didnt call Dr. George Tiller a baby killer, as liberal groups charge, but was merely reporting what some prolifers branded him."
barely-true,"Says President Barack Obama added $6.5 trillion to the national debt in his first term, more than the $6.3 trillion added by the previous 43 presidents combined."
mostly-true,BP is setting up claims offices throughout the state.
false,Its coming. Nobody can stop this train.
true,That luxury jet was over the top. I put it on eBay.
half-true,We need to pass a carbon tax to stop climate change. Break up the Wall Street banks. And stop the government spying on innocent Americans. Cory Booker doesnt support any of these ideas.
mostly-true,"Texas is experiencing the fastest population growth in the country, adding more than 1,000 people a day."
mostly-true,"We have 41,000 people right now on the waitlist for financial-based assistance for our tech colleges and universities, most of them for tech schools."
barely-true,"Milwaukee County taxpayers paid $370,000 to settle a lawsuit over a decision by Sheriff David A. Clarke Jr. to use untrained corrections officers rather than deputies to patrol the lakefront."
true,"Following the 2009 session, Texas House Speaker Joe Straus was acknowledged and thanked for his tireless efforts by Planned Parenthood, the nations premier abortion provider."
half-true,"This generation, on average, is starting their careers, if theyve been to a four-year college, with just under $30,000 in debt."
barely-true,Says Catherine Cortez Masto was happy to line her own pockets with taxpayer dollars when state employees were slammed with frozen salaries.
barely-true,After the 2001 and 2003 Bush tax rate cuts ... there was more money coming into the treasury.
mostly-true,"In Austin, Ive got half-a-dozen or more schools on a list to be closed one of which I presented a federal blue-ribbon award to for excellence. And several hundred school personnel on the list for possible terminations."
false,Says opponent David Dewhurst is a career politician.
true,"We created 800,000 new jobs, we cut the unemployment rate almost in half and today New York State has more private sector jobs than it has ever had in its history"
pants-fire,"Says while serving in the city council, Rachel Zenzinger voted to use tax dollars to take a taxpayer-funded junket to China."
half-true,"Says Republican Reid Ribble says stimulus bill failed to jumpstart the economy, but his roofing company made almost $300,000 off stimulus funded projects."
pants-fire,"Says Mitt Romney, as governor of Massachusetts, put into place socialized medicine."
half-true,Multnomah County has faced 11 straight years of cuts
mostly-true,Recent reports state that the U.S. Customs and Border Protection has apprehended several members of known Islamist terrorist organizations crossing the southern border in recent years.
false,Milwaukee police and firefighters are routinely getting 4 percent raises annually while everybody else is either getting zero or one percent raises.
half-true,"We should be seeing numbers in the 500,000 jobs created per month. (Creating 115,000 jobs, the total from April 2012) is way, way, way off from what should happen in a normal recovery."
barely-true,Says the NAACPs Ohio chapter has endorsed Issue 2.
mostly-true,Women in Ohio earn on average 77 cents for every dollar earned by a man.
mostly-true,Slavery is still allowable under Wisconsin law as long as its a punishment for a crime.
barely-true,Says that Romney touted the Massachusetts health plan for the nation in his hardcover book but then deleted it for the paperback edition.
false,"Says that under City Council Member Randi Shade, Austin had the highest city debt per person in Texas."
mostly-true,Zika mosquitoes cant catch me.
true,"Grateful insurance company executives and their lobbyists from Bermuda gave McCain $50,000."
half-true,Many of the great scholars say that anchor babies are not covered by the 14th Amendment.
mostly-true,7 out of 10 Oregon families living in poverty have at least one parent who works.
false,"The USAFreedom Act undercuts privacy becausethe phone records will be in the hands of the phone companies with hundreds of people available to look at the records, versus 20 or 30 people in the government."
true,Twenty-five percent of our kids in foster care are there because their parents are involved in drugs.
false,Mike Morell testified and told Congress that the reason Obama has not bombed ISISoil fields is theyre concerned about global warming.
mostly-true,"In a majority of states, you can now marry freely, but can still be fired for who you love."
pants-fire,An anonymous e-mail says that Hillary Clinton advocates communism.
mostly-true,"In Wisconsin, only half of all the adults with serious psychological distress received mental health treatment or medication."
pants-fire,"Mitt Romney, Rick Perry, and Newt Gingrich all say they would cut foreign aid to Israel and every other country to zero."
false,"Sarah Palin ""has more experience than Barack Obama."""
half-true,Missouri is the state with the lowest paid workers.
barely-true,"As governor, Mitt Romney raised nursing home fees eight times."
half-true,We have tougher standards holding toy gun manufacturers and sellers to account than we do for real guns.
true,It is rare that a retirement grade determination is conducted for an officer previously retired from the U.S. armed forces.
barely-true,"Says Hillary Clinton voted to raise taxes on workers earning as little as $41,500."
true,Says Jim Frishe wanted to tax us for doing our taxes through an accountant.
mostly-true,1.53 million jobs are at risk (from potential defense cuts).
false,On bipartisan redistricting.
barely-true,"Says President Barack Obama promised he would cut the deficit in half, but instead will at least double it."
false,"When Obama was interviewed by American reporters in Asia, ""Not one of them asked me about Asia. Not one of them asked me about the economy."""
mostly-true,Says he helped save the Olympic games.
barely-true,"During his 18-year Senate career, (Russ Feingold) supported judges who voted to deny your individual Second Amendment right. (He) promises to protect those rights, but thats not what his record shows."
half-true,Workers who pick produce in Georgias fields can make $12 to $18 an hour.
mostly-true,"Since 2001, higher education in the state has been cut or allowed to erode ... by 35 or 40 percent."
true,Says the Congressional Budget Office estimates a cap-and-trade program would cost the average family the equivalent of a postage stamp a day.
barely-true,"Says Travis County Commissioner Gerald Daugherty claims to have taken a pay cut, but for 2016, he voted to raise his salary by 19.6 percent."
half-true,"Says his reform efforts improved performance at all 10 low-performing schools in Palm Beach, Florida."
true,The fact is it's not amnesty.
barely-true,Says the treasurers office has saved $37 million in management costs for the oversight of public investments.
barely-true,"Obama's plan to raise the capital gains tax ""hurts the middle class."""
mostly-true,The NRA supported background checks...
mostly-true,I was speaking out on pension reform almost 17 years ago.
barely-true,"Less than 2 percent of illegals are picking crops, but 41 percent are on welfare."
barely-true,"Studies suggest the 2017 College Football Playoff Championship game will bring about 1,700 to 1,800 full-time jobs."
pants-fire,Theres no wildlife in the Arctic National Wildlife Refuge.
true,"Again today (Ahmadinejad) made light of 9/11, and said that he's not even sure it happened and that people actually died."
barely-true,"If you look worldwide, the number of terrorist incidents have not substantially increased."
half-true,"The health care bill ""dumps 15 to 18 million low-income Americans into a Medicaid program that none of us want to be a part of because 50 percent of doctors won't see new patients."""
true,"On the day that (the Republican) state leader resigned in disgrace, a Shred-It' truck rolled up to Republican headquarters."
barely-true,"Says any attempt to try to compare the Massachusetts health care law with the federal health care law is completely, intellectually dishonest. Governor Romney did not raise one tax in doing what he did."
true,(T)he United States government and its Constitution says that people can be put to death.
half-true,Any government-run 'public' plan ... creates an entitlement that will cost another $1 trillion over the next 10 years.
pants-fire,A simple review of the Backrooms health code records will reveal that the restaurant already has a long-standing problem with rodent infestations.
pants-fire,A friends sister died from Obamacare becauseBlue Shield completely just pulled out of California.
half-true,Says Rick Scott is letting Duke (Energy) keep collecting billions despite troubled power plants.
true,"When (John) Brennan ... was asked directly Is there any geographic limitation to your drone strike program? Brennan responded and said, no, there is no limitation."
true,"In the Illinois Legislature, Barack Obama ""voted 'present,' instead of yes or no"" on seven votes involving abortion rights."
mostly-true,8.5 million Americans have gotten rebate checks because their insurance companies were spending too much money on executive bonuses and administrative costs and not enough on health care.
true,"The national debt increased $16,000 every secondGeorge Allen served in theU.S. Senate."
half-true,"More than a quarter of mortgage borrowers are underwater, and 11 percent of all homes are vacant."
barely-true,"Regarding the Iraq War, I was the one that said, Dont go, dont do it, youre going to destabilize the Middle East."
pants-fire,A flight from Atlanta to Houston was canceled due to a terrorist dry run.
pants-fire,Scott Walker has a plan to privatize state lands and wants to sell our deer to the highest bidder.
false,The pass rate for a high school level test to join the military is 35 to 40 percent.
true,I dont understand what Republicans are doing against this. It was their idea. John McCain introduced cap and trade legislation three times.
true,"You know, Sen. McCain said the other day that we might have troops (in Iraq) for 100 years..."
mostly-true,Today the top 1 percent earn a higher share of our national income than any year since 1928.
false,The amount of money that we put into running our own state legislature is nearly as much as we put into the University of Rhode Island.
pants-fire,Wendy Davis raised money for a U.S. House Democrat who is a member of a Democratic socialists group.
true,More people are apprehended after illegally crossing the U.S.-Mexico border a week than are born in Texas each week.
half-true,The rate of U.S. female homicide victimsoutnumbers 24 other developed countries by more than 2 to 1.
false,"As unbelievable as it sounds, your tax dollars are funding the federal governments Zombie Apocalypse Plan. I kid you not."
mostly-true,I am very proud that over my almost 30 years of public service I have had no scandals.
half-true,The election bill allows persons to correct an absentee ballot if they did not sign it and requires an extra two hours a day for early voting. Everything else in this bill is discretionary.
false,"The president went on a stimulus-fueled spending binge that stuck every American man, woman and child with a $50,000 share of this $16 trillion debt."
pants-fire,New food safety legislation will regulate backyard gardening.
pants-fire,Congressman Scott DesJarlais is spending his one year anniversary on vacation -- only working 6 days in all of January.
mostly-true,"If you are born poor in America, we rank ninth or tenth in our citizens ability to climb up through that ladder and get themselves into the middle class."
mostly-true,Says Patrick Murphy has taken more money from Wall Street than any other member of Congress other than the speaker and the majority leader.
true,You can import as many hemp products into this country as you want...but we cant grow it.
true,We have more coal reserves in the United States than they have oil reserves in Saudi Arabia.
pants-fire,Page 992 of the health care bill will establish school-based 'health' clinics. Your children will be indoctrinated and your grandchildren may be aborted!
false,Clackamas County Commissioners approved a re-negotiated agreement to lower the countys contribution to TriMets Portland-Milwaukie Light Rail project to $19.9 million from $25 million.
mostly-true,State employees havent received a raise in five or six years.
barely-true,"Charlie Crist attacks me for positions he held, like, six months ago, (when) he was running in the Republican primary."
mostly-true,Sixteen [federal] programs exist to fight homelessness and some of them are duplicative.
pants-fire,"Under the cap-and-trade bill, homes would have to be retrofitted to meet energy and water efficiency standards before they could be sold."
half-true,"Bernie Sanders voted with Republicans to protect the Minutemen, a hate group that used military tactics against our community."
true,Guantanamo Bay detainees will get the H1N1 vaccine.
mostly-true,"If you look at the states where soccer is most popular, theyre overwhelmingly blue states, and the states where soccer is least popular are red states."
false,The Muslim Brotherhood has openly stated they want to declare war on Israel.
pants-fire,U.S. Rep. Phil Gingrey wants public schools to teach women to stay in their place.
half-true,Our government has spent $2.6 million to teach Chinese prostitutes how to drink responsibly.
half-true,Rick Scott says he supported in-state tuition for Dreamers while Charlie Crist was against it.
false,"Sen. Obama wants to ""enact the single largest tax increase since the Second World War."""
half-true,"Do you know which state has the worst ratio of white voter turnout to African-American voter turnout? Massachusetts. Do you know what has the best, where African-American turnout actually exceeds white turnout? Mississippi."
half-true,"300,000 Floridians will lose their current health plans because of Obamacare, a plan Alex Sink supports."
barely-true,"As governor, Kasich delivered the largest tax cut in the nation."
mostly-true,Says the area damaged by Hurricane Sandy represents roughly 10 percent of our nations economy.
mostly-true,TheU.S. economyis three times asbig as Chinas.
true,McCain tells of a fellow Vietnam POW who was beaten for fashioning an American flag that became an inspirational symbol to fellow POWs.
mostly-true,The Cathedral of Christ the King is one of the Archdiocese of Atlantas largest and fastest-growing parishes.
mostly-true,"John McCain ""voted against the tax cuts of 2001 and 2003, wrongly claiming they helped only the rich."""
barely-true,"Rick Perry ended full-day Pre-K for 100,000 Texas children."
mostly-true,"The CBO found that the House Republican health care plan would lower premiums by ""up to about 10 percent"" and, for purchasers in the individual market, ""those cost savings could even be higher."""
false,"Says Milwaukee Mayor Tom Barrett is responsible for the roughly $7,800 I pay in property taxes per year."
pants-fire,Says Ken Cuccinelli wants to eliminate all forms of birth control.
true,"In its current state, this bill is the most restrictive voter ID legislation in the nation."
false,Only one out of 10 minimum wage workers today are teen age or a young person.
mostly-true,The United Nations has conducted 172 successful peacekeeping missions and negotiations.
half-true,She [Hillary Clinton] has also said unequivocally that she didnt receive classified documents.
half-true,"Sarah Palin endorsed a Wasilla policy that charged sexual assault victims for their ""rape kits."""
half-true,The poorest counties in the U.S. are in Appalachia and happen to be more than 90 percent white.
true,The governors budget proposal reduces the state austerity cut to education to under $500 million for 2016.
barely-true,"Well over 90 percent of felony cases, all over the nation, are committed by defendants who grew up in father-absent households."
barely-true,"When SACS came back to the DeKalb County School District to give a midterm review, we got straight As."
mostly-true,"In 1990, the U.S. led the world in the percentage of 25-34 year olds with college degrees. Today we are in 12th place."
pants-fire,It is Hillary Clintons agenda to release the violent criminals from jail. She wants them all released.
barely-true,"Research shows that a vast majority of arriving immigrants today come here because they believe that government is the source of prosperity, and thats what they support."
true,Ed Schultz said Alan Grayson is what its all about.
mostly-true,"Says, when this governor came to office, he had (an) 11 billion dollar - I call it mismanagement deficit."
barely-true,"Says I never billed a single hour of my time to the City of Portland in the last 10 years -- so, no revolving door."
mostly-true,Says the Obama Administration has fulfilled all of Texas requests for fire management assisting grants.
true,San Antonio is now the largest city in the United States ever to have an African American woman mayor.
false,On running for re-election to U.S. Senate
false,Says the president of the University of Texas has raised four-year student graduation rates to 75 percent.
pants-fire,Says for the duration of this recession not a single person in government middle management has lost (a) job or taken a pay cut.
false,Labor union president Andy Stern is the most frequent visitor at the White House.
true,A government shutdown could disrupt ... veterans benefits.
barely-true,"In fighting collective bargaining changes, Democrats are trying to protect a system that pays unionized government workers 42 percent more than non-union workers."
barely-true,"Palin ""stopped the Bridge to Nowhere."""
half-true,Says he has been able to attract independents and Democrats to win elections in Pennsylvania.
false,"Under a proposal by Rep. Paul Ryan, people on Medicare will only have $15,000 from the federal government to spend on their health care."
false,Says we could have saved ourselves the cost of building the Powell Butte water reservoir.
true,Says John Bolton supported the Iraq War and said last year thatI still think the decision to overthrow Saddam was correct.
barely-true,"Says Howard Zinn, an anti-American Marxist, wrote the most popular textbook thats taught in our high schools in America."
true,Saudi Arabia has the third-largest military budget in the entire world.
half-true,"The health care law was a 2,733-page bill! . . . No amendments!"
barely-true,"Most of the stimulus money will be spent not this year, not next year, but in 2011."
barely-true,"One of the things I would immediately do is bring back the warrior class -- Petraeus, McChrystal, Mattis, Keane, Flynn. ... Every one was retired early because they told President Obama things that he didnt want to hear."
true,"In 2008, candidate Barack Obama attacked John McCain for proposing cuts to Medicare."
barely-true,Millennials will be 75 percent of the workforce in the next 10 years.
pants-fire,Boston Marathon bombing suspect Tamerlan Tsarnaev is buried not far from President Kennedys grave.
false,Says Ron Wyden spent $2 million to study exotic ants.
false,Health care premiums up 90 percent in New Hampshire.
barely-true,This president spends 30 times as much money on global warming research as he does on weather forecasting and warning.
false,The Republicans just voted last year to end Medicare.
false,"In the first year of the Obama administration, more jobs were created in the private sector than in the eight years of the Bush administration."
mostly-true,"Georgia has the nations fifth largest Women, Infants and Children (WIC) Supplemental Nutrition program, serving more than 270,000 mothers, babies and children every day."
barely-true,"John McCain worries about nuclear waste in Arizona, but not in Nevada."
mostly-true,"Currently, Florida is one of only five states in the nation that prohibit citizens from buying electricity from companies that will put solar panels on your home or business."
barely-true,"Says 220,000New Yorkers would have immediately benefitted had President Obamas executive action been affirmed.So almost a quarter million of our fellow New Yorkers who are hurting right now whose rights and opportunities were taken away by the Supreme Court."
half-true,Says he passed a bill to stop a military requirement that wounded soldiers pay for meals and phone calls.
false,"Under a proposed bill, a $100,000 homes flood insurance premium would be maybe $200 or $300 annually."
half-true,Sotomayor has had her rulings thrown out by the court a troubling four times.
false,On whether to run for the U.S. Senate as an independent.
barely-true,The total unemployment rate for Hispanic or Latino workers has increased from 10% to 10.3% between January 2009 and March 2012.
true,On allowing a vote on universal gun background checks in the U.S. Senate.
half-true,"The Obama administration willfully leaked the existence of STUXNET (a computer worm used against Iran), allowing our enemies to learn more of our secrets and of our operations."
barely-true,"An image of nine white, blondwomen shows the amazing diversity of Fox News anchors."
pants-fire,"Under President Obama: $4,000 tax hike on middle-class families."
mostly-true,There are a larger number of shark attacks in Florida than there are cases of voter fraud.
half-true,Today we stand as the highest-performing urban school district in America.
mostly-true,"Florida has the most concealed weapon permits in the nation, nearly double that of the second state, which is Texas."
true,Says President John F. Kennedy released a star Green Bay Packer from military reserve duty so that he could play in the 1961 NFL Championship Game.
true,"Voting in the wrong precinct led to over 14,000 registered voters statewide to lose their vote in 2008."
mostly-true,Fifty percent of Speaker Gingrichs tax plan goes to the top 1 percent.
true,"A couple retiring today will pay about $119,000 in lifetime Medicare taxes and receive about $357,000 in lifetime Medicare benefits. ... about 3 bucks in benefits for every dollar in taxes."
barely-true,Says Russ Feingold cast the deciding vote for the largest tax increase in history
true,"Marco Rubio made it clear: Not only does he think Donald Trump is a con man, hewent on to say he doesnt trust Donald Trump with the nuclear codes."
mostly-true,There is no planned air-conditioned restaurant out on the Lens.
half-true,"Current projections indicate that Medicare will go bankrupt by 2017, while Social Security will bottom out by 2037."
pants-fire,Austin is effectively imposing a ban on barbecue restaurants.
false,Martin Luther King Jr. was a Republican.
false,"Shows in a television ad that police took evidence fromSolantic, Rick Scotts new health care company, after allegations emerged that the company was engaging in fraud."
false,Hillary Clinton and Barack Obama want to raise taxes on all income brackets.
half-true,"Obama spokesman Bill Burton says Clinton gave Bush ""a blank check on a critical foreign policy issue."""
mostly-true,"In the last 29 months, our economy has produced about 4.5 million private-sector jobs."
barely-true,"In 2005 and 2007, Joe Straus received a 100 percent rating by NARAL (the National Abortion and Reproductive Rights Action League)."
true,"Despite what Donald Trump claims, there werent 15,000 people who turned out in Phoenix to see Trump speak."
half-true,Says three Ukrainians recently captured on a West Texas ranch are among individuals from countries that have strong terrorist ties being apprehended near the states border with Mexico.
pants-fire,Mitch McConnell voted with Harry Reid to infringe on our gun rights.
false,"There are more atheists in the country right now than Jews, Muslims, Hindus and Buddhists combined and doubled."
half-true,"Say in November 2010, voters overwhelmingly supported the idea of creating a (library) district."
pants-fire,"Says Donald Trump said of women, And you can tell them to go f--- themselves."
half-true,"According to David Cay Johnston, the average American pays about 22 percent of their income to federal taxes. The richest 400 Americans pay about 16 percent of their income to federal taxes."
true,The state budget has increased almost $800 million a year in each of the last two years.
true,"Among Milwaukee Public Schools students, 86 percent are behind in reading and 80 percent are behind in math."
false,"If Barack Obama would apply for a job with the FBI or with the Secret Service, he would be disqualified because of his past associations with William Ayers."
barely-true,"Premeditation, in murder cases like the Oscar Pistorius case, can be formed in the twinkling of an eye."
false,Personal income is growing faster in Tennessee on average than any other state in the country.
false,"Says if we do nothing and continue to let Obamacare siphon off that $700 billion dollars off the top of it, Medicare goes away in less than 10 years -- certain accounts of it -- and it just falls apart at the seams."
mostly-true,"In the city of Milwaukee, weve still got a mayor and a police chief who are furloughing police officers at a time when we have violence all across the city."
half-true,"After losing 750,000 jobs a month before this administration, the U.S. economy under Barack Obama has had 20 straight months of growth, has added 2.8 million jobs in the private sector and added millions of jobs in manufacturing."
false,Ben Franklin once quipped that only two things in life were certain: death and taxes. I think even he didnt envision that the tax man would visit on the day of your death.
true,Obama promised to cut the deficit by half by the end of his first term but he hasnt even come close.
pants-fire,President Barack Obamas policies have forced many parts of the country to experience rolling blackouts.
half-true,"Since 9/11, right-wing extremists (incl anti-abortion, anti-gov) have killed more Americans than Islamic extremists."
true,The state budget will include scholarship money for minority students as a concession to Senate Democrats for supporting the GOP-initiated transportation bill.
mostly-true,Says there have been well over 54 million abortions since 1973.
false,We have doubled the distance our cars will go on a gallon of gas.
barely-true,Says Jeb Bush extended early voting after seeing long lines.
mostly-true,Federal spending on entitlements is projected to consume all revenue by 2045.
half-true,Virginia ranked near the bottom of the nation 50 years ago in per capita income but is in the top 10 today. It had a very low rate of higher education attainment but is now above the national average.
half-true,Both the state and federal governments make more per gallon in gas taxes than the oil companies make themselves for doing all the work.
half-true,"The firefighters, the policemen and others who supported (Wisconsin Gov. Scott Walker) in his election bid ... dont have to worry about their collective bargaining rights."
mostly-true,This is not a joke: the president wants to house illegal aliens on our nations military installations.
true,"We definitely lost way more jobs in Texas this year than we gained we lost 300,000 jobs in Texas alone this year."
true,"A national study of 2,500 charter schools shows that maybe 20 percent do better than the community public schools, 40 percent or so do worse and the rest are not having any significant difference."
half-true,"Secretary Clinton changes her position on (gun issues) every election year, it seems, having one position in 2000 and then campaigning against President Obama and saying we dont need federal standards."
half-true,Two of the top three (rated) public high schools in Wisconsin Ronald Reagan College Prep and Rufus King International are MPS schools.
false,Passage of a referendum on an aquarium for Clearwater means NO future funding for our neighborhoods.
mostly-true,Gov. Kasich and the Republican-dominated legislature have foregone the popular option of closing tax loopholes that amount to $7 billion annually in this state.
false,Say George Washington said that when government takes away citizens right to bear arms it becomes citizens duty to take away governments right to govern.
true,"During the Bush administration, you actually had a prominent liberal write a book about how Bush was preparing for a fascist takeover of this country."
pants-fire,Says PolitiFact says Amendment 4 will force counties and cities across Florida to raise taxes and fees.
true,Uber and other ride-share firms are not required to carry auto insurance under Georgia law.
false,On public financing of his campaign.
true,Its taken more time to complete the Towpath Trail than it did to build the (Ohio Erie) Canal.
barely-true,Says U.S. Rep. Patrick Murphy has sided with the GOP on key votes twice as often as he sided with Democrats.
half-true,One Wisconsin school district is so worried about losing state funding that it has stopped giving milk to elementary school kids during snack time.
mostly-true,Gov. Bob McDonnell launched a raid on public education to pay for roads.
mostly-true,We are the only industrialized nation that doesnt guarantee workers paid family leave.
true,"Over the past three years, deep poverty has reached its highest level on record."
half-true,Says Rick Perry cut taxes.
pants-fire,Creflo Dollar needed a $65 million Gulfstream G650 to carry thousands of pounds of food and other supplies -- as well as the Word of God -- worldwide.
barely-true,"Days after the (Osama bin Laden) raid, Hollywood was invited into the White House so that they could receive a briefing that revealed intelligence sources and methods."
pants-fire,The Books Sarah Palin tried to have banned.
true,"The U.S. unemployment rate has remained above 8 percent for 43 consecutive months, the longest stretch since the Great Depression."
mostly-true,"Says Mitt Romney has said we dont need more firemen, more policemen, more teachers."
half-true,Says signs posted at projects funded by the federal stimulus act has cost 20 or 40 million dollars.
barely-true,Almost nine out of every 10 pennies that would be spent turning a 200-mile stretch of Interstate 70 into a toll road would be from folks outside Missouri.
barely-true,"Says my advocacy questioning contracting out in Parks delayed and altered the renewal of the Brooks contract, and reduced the number of contracted employees in Parks from over 100 to fewer than 40."
half-true,Says Barack Obama has deported more people than any other president in this countrys history.
half-true,Weve seen more manufacturing jobs created since Ive been president than anytime since the 1990s. Thats a fact.
half-true,"Says Americans invented Pong, Space Invaders and the iPhone."
false,"Minnesotas advantage in economic growth has been having Republicans in charge of at least one part of government for all but two years, while Wisconsin Democrats for many years before 2011 controlled both legislative chambers and the governorship."
half-true,More whites than blacks are victims of deadly police shootings.
half-true,More than 90 percent of the guns recovered in Mexico come from the United States.
half-true,"Romneys Medicare plan was estimated to cost the average senior about $6,000 a year."
false,"San Antonio has seen 67% growth in water customers in the last 25 years, 0% more water used."
barely-true,"Since 1978, California has spent $5 billion to put 13 people to death."
mostly-true,The average Atlanta resident spends an extra $924 each year in additional gasoline and wasted time.
false,Reporters have uncovered another Scott company accused of criminal acts. But Scott wont come clean.
false,Were the highest taxed nation in the world.
mostly-true,"Under the Endangered Species Act, only 1 percent of the species that have been listed have actually been delisted."
true,Says the U.S. Supreme Court found that Social Security is not guaranteed.
mostly-true,"Thanks in part to our all-of-the-above strategy for American energy, the United States generates more natural gas than anybody."
half-true,"Says that in some Texas communities, our unemployment rate is still at 10 and 20 percent."
true,"In fact New Jersey is a donor state, we get 61 cents back on every dollar we send to Washington. And interestingly Kentucky gets $1.51 on every dollar they send to Washington."
barely-true,Says Tammy Baldwin had the opportunity to vote to honor the victims of 9/11 and she voted against it.
pants-fire,"Ive been a cop in Lake County, Michigan, since 1982 thereabout. I conduct federal raids with the DEA and ATF and U.S. Marshals and the FBI and Texas Rangers."
true,Only 18 percent of jobs are accessible by transit for metro Atlanta residents. 33 percent for those living in the city.
mostly-true,Obamacare is not a popular law.
mostly-true,Florida Statutes require (Attorney General Bill) McCollum to consult with members of Florida's Congressional delegation before filing a lawsuit against the health care reform law.
false,David Perdue has never voted in a Republican primary until his name was on the ballot.
half-true,"Fred's never had a 100 percent record on right-to-life in his Senate career. The records reflect that. And he doesn't support the human life amendment, which is most amazing because that's been a part of the Republican platform since 1980."
half-true,"Says Ohio Gov. John Kasich had the worst rating on spending of any governor in the country, Republican or Democrat."
barely-true,"Says its a statistical reality that most single moms are very poor, under-educated, cant get a job, and if it werent for government assistance, their kids would be starving to death."
half-true,53 percent of Americans cut back on their health care in the last year because of costs.
half-true,"In Texas, we created over 1 million new jobs while the rest of the nation lost over 2 million."
mostly-true,"Susie Lee and her husband own 17 homes across the country and use their private jet to take vacations, and invest in companies like Walmart, Halliburton and GEO Group."
true,The last time Republican U.S. Senate candidates beat more than two (incumbents) was 1980.
barely-true,Wisconsin is not walking away from a dime in federal funds by rejecting the Obamacare Medicaid expansion.
false,The Red Sox waited 87 long years to win the World Series.
true,I never had a filibuster-proof Senate.
mostly-true,"The Wisconsin state Assembly chambers extend to the bathroom and the parlor, and rules allow members to vote for each other if the member is in the chambers."
true,"The Keystone pipeline creates 35 permanent jobs after construction, according to a government report."
pants-fire,"Wisconsin is broke, and state government is $3 billion in debt."
mostly-true,[T]his breed (of pit bulls) is most often associated with aggressive behavior.
mostly-true,Speaker Gingrich for 20 years supported a federal individual mandate for health insurance.
false,"Says Wisconsin Gov. Scott Walkers actions are directly responsible for killing at least 15,000 jobs."
true,The tax penalty that the government imposes if you dont buy health insurance is lower than it would have cost to buy insurance.
false,22 Countries Invaded by the U.S. in 20 Years.
mostly-true,We are the only industrialized nation that relies heavily on a for-profit medical insurance industry to provide basic health care.
mostly-true,Austin is the biggest city in America with a Tier One research university (UT-Austin) but without a medical school.
true,"Despite having their budget increased by over 40 percent since 2009 pending claims for benefits with the (Department of Veterans Affairs) have increased from 391,000 to 890,000 under the Obama Administration."
true,By registration fewer than 20 percent of Florida voters are Independents.
half-true,President Barack Obama put in place historic fuel efficiency standards for cars and trucks to lower costs at the pump and reduce dependence on foreign oil.
true,Says that the federal gas tax has not been raised since 1993.
half-true,Under the Obama economy ... utility bills are higher.
false,"Under a bill before the legislature, youd have to go to court to fire an employee."
pants-fire,Says Barack Obama founded ISIS. I would say the co-founder would be crooked Hillary Clinton.
false,A recent economic uptick appears to coincide with the expectation of a new Republican Congress.
half-true,"Today, there are more Hoosiers going to work than ever before in the 200-year history of the great state of Indiana."
mostly-true,"Over the last 40 years, this countrys prison population has grown by 500 percent."
true,Rhode Islands legislature is the strongest in the country.
false,Jeanne Shaheen was principally involved in a plot with Lois Lerner and President Barack Obamas political appointee at the IRS to lead a program of harassment against conservative nonprofit groups during the 2012 election
half-true,Says his administration has created 5 million jobs over the last 30 months in the private sector alone.
half-true,Sen. George LeMieux voted to let oil companies off the hook and overturn pollution rules.
half-true,"Says that during President Barack Obamas tenure, the United States has created 15 million new jobs."
false,Says students who receive free or reduced lunch are performing just as well as students who do not.
pants-fire,"Says in the 2012 State of the Union address, President Obama didnt even mention the deficit or debt."
false,"Obama for President and Baldwin for Senate have kept their campaign offices up and running in Fox Valley, Eau Claire and La Crosse with their staffs preparing for the next battle."
mostly-true,"When John Kasich became governor of Ohio, there was an $8 billion budget deficit and now theres a $2 billion surplus."
barely-true,"﻿﻿Since Mayor Kennedy OBrien took office Sayreville has issued 22,081 building permits! Now OBrien is holding secret meetings with big developers."
true,Senator McCain voted against the Bush tax cuts. Now he's for them.
barely-true,"Congressman Jeff Denhamhas agreed all illegal immigrants should be detained, arrested and deported."
barely-true,Gov. Romney cut off kosher meals for Jewish senior citizens who were on Medicaid to save $5 a day.
mostly-true,We have a $2 trillion to $3 trillion infrastructure deficit. Weve got work that needs to get done. Weve got people that want to go to work.
half-true,Says history suggests sports will quickly subsume a lot of the attention span of the country in the presidential primary.
mostly-true,Marco Rubio voted against authorizing President Obama to strike Syria after Assad used chemical weapons on his own people.
half-true,Halliburton defrauded American taxpayers of hundreds of millions of dollars in Iraq.
true,"Virginia was named best managed state, best state for business and best state toraise a child while I was governor."
half-true,"We had 2 percent of the global market (for advanced batteries) when he (Obama) started. We now have 16 percent, headed to 40 percent by 2015."
mostly-true,"During the last election, Democrats won over a million votes more than Republicans, but because of the way districts are designed, the Republicans got 33 more members of the House of Representatives than the Democrats did."
mostly-true,"Rand Paul wants to end all federal faith-based initiatives, and even end the deduction for religious charities."
mostly-true,"A single mother of two cant qualify for basic healthcare through Medicaid if she makes more than $3,504 dollars a year."
false,You cant pass a budget in the Senate of the United States without 60 votes.
true,The highest paid employee of the State of Rhode Island is a basketball coach.
false,There is a 34 percent increase in violent crime in the state of California. And thats just within the last year.
pants-fire,Sixty percent of the Hispanics support the Arizona immigration law
half-true,Obamacare could force thousands of volunteer fire stations to cut service or close entirely!
half-true,Twenty-five or 24 million people are out of work or stopped looking for work.
true,"After World War II, we tried, convicted, and, in some cases, executed Japanese soldiers for war crimes that included charges of waterboarding."
false,"In Wisconsin, more than 300,000 people have some kind of addictive gambling problem, whether its pathological or what wed categorize as a problem gambler."
false,"A new ruling by the EPA would force dairy farmers to comply with the Spill Prevention, Control and Countermeasure Program when dealing with spilt milk -- the same regulations oil and natural gas producers must follow."
barely-true,"Says after Hurricane Sandy, New York Mayor Michael Bloomberg refused to allow the National Guard into the city to restore civil order because Guardsmen carry guns!"
false,Obama will charge a 28 percent tax on all home sales.
half-true,Portland Bureau of Transportation barely break(s) even ticketing motorists.
mostly-true,Its expressly prohibited by law that you can read and wholly surveil domestic email traffic in the United States.
barely-true,"The incoming Republican freshman class well, its no ordinary group: nearly half of its roughly 80 members have never served in elective office before."
false,Heroin and prescription opioids are the number one cause of accidental or preventable death in Wisconsin.
half-true,"Amendment 2 will put almost 2,000 pot shops in Florida ... more pot shops than Walmart and Walgreens combined."
mostly-true,Says U.S. Senate candidate Joni Ernst does not support a national minimum wage.
half-true,The U.S. spends more money on its military than the 16 biggest military budgets in the world combined.
barely-true,"In Liberia, a girl is more likely to be married by 18 than to know how to read."
mostly-true,"Of the 18 stadiums built from 2004 to 2013, 47 percent of the total cost came from public sources."
true,"Since Volvo spurned Georgia for South Carolina in early May, some 3,455 jobs promising more than $800 million in investments have come to the Peach State."
half-true,"Thanks to restrictive and anticompetitive ballot laws, candidates in November 2014 ran unopposed in nearly half of Wisconsins state representative races but in Michigan and Minnesota nearly all races had challengers."
half-true,Says U.S. Senate candidate Adam Hasner cited his efforts to weaken pro-life and school choice legislation as unequivocal proof that hes a moderate.
true,Florida shelled out more money for drug testing than it saved by denying welfare benefits to people who tested positive for drugs.
half-true,"A gas tax holiday is a gimmick that ""every economist says will just go into the pockets of the oil companies."""
mostly-true,Says Nevadans will have a double-digit hike in their Obamacare premiums for the year and 10 of Nevadas 16 counties will only have one Obamacare...exchange insurer
false,"After how hard you work and how much you pay in taxes, New York City ends up getting the money. Im Chris Jacobs. I think its time we have someone in Albany thats making sure our region gets our fair share"
true,Says New Hampshires second congressional district includes two counties where almost 5 percent if not more of residents are enrolled in the states expanded Medicaid program.
true,Last year we spent more than $40 billion on highways. And Lord knows we need that. But thats more than we spent on Amtrak in its entire 40-year history.
mostly-true,I still live in the same working-class neighborhood I grew up in.
barely-true,"I have the most Grammys of anyone my age, but I havent won one against a white person."
pants-fire,Says Texas voters are being asked to act this November on a proposed constitutional amendment affecting property taxes.
half-true,On toll roads.
barely-true,The American people support defunding Obamacare and oppose shutting down the government.
half-true,Amendment 2 will bring kid-friendly pot candy to Florida.
mostly-true,"With the tax controls we already put in place, property taxes on a typical home in December of 2014 will actually be lower than they were in December of 2010."
false,We can save $125 billion in simply not giving out money to Medicare recipients that dont exist for procedures that didnt happen.
half-true,"Obama's wife said her goal in life was to put the black community ""first and foremost."""
mostly-true,In other states (where illegal immigrants have been allowed to get drivers licenses) their insurance premiums for everybody have gone down.
barely-true,Women pay 48 percent more for health insurance.
barely-true,"Says 70,000 children have lost their Head Start slots because of the sequester."
mostly-true,"Ultimately, after an exhaustive investigation, the National Transportation Safety Board concluded that a Minneapolis bridge collapsed in 2007 because of an original design flaw dating back to the 1960s."
barely-true,"Under the administration of Gov. Scott Walker, northern Wisconsins mining economy is moving forward and more people are getting good, high-paying jobs."
half-true,Says the pension and health benefits reform eliminated collective bargaining for health benefits.
mostly-true,Illegal immigrants currently occupy 8 million jobs.
false,White men account for 69 percent of those arrested for violent crimes.
true,Wisconsin is below the national average in wage growth and job growth.
half-true,Says Katie McGintyactually agrees with Hillary Clinton and the most liberal wing of the Democrats on everything.
half-true,"Were at the point of reaching 2 million deportations ...this is a historic level, more than any other president of the United States."
false,"But if my opponent had his way, the millions of Floridians who rely on it would've had their Social Security tied up in the stock market this week."
mostly-true,"Since I took office, weve created 76,800 jobs."
false,On gay marriage
true,"At nearly 19 million people, the population of Florida is larger than all the earlier primary and caucus states combined."
half-true,We have record numbers of people living in poverty.
half-true,Says the acting chief of the IRS said he and the majority of IRS employees would rather stay with his current health plan than switch to Obamacare.
barely-true,"Says Jeff Wentworth, bending the rules, has used $211,743.96 in campaign contributions to lease luxury cars."
half-true,"On U.S.-Israeli relations, Prime Minister Benjamin Netanyahu set the record straight he said, our two countries have exactly the same policy (and) our security cooperation is unprecedented."
true,"Were. . . keeping and creating jobs in our state. From American Greetings, to Wendys, to Diebold, weve gone to their doorsteps to keep jobs right here in Ohio."
true,"Trey Radel does not even qualify to drive a Lee County school bus at this point, yet he occupies a seat in Congress."
true,The world food demand is going to double sometime between now and 2070.
true,"If the space-shuttle program is terminated, Russia and China will be the only nations ...with the capability to launch humans into space."
barely-true,Gov. Romney's own health care plan in Massachusetts ... requires by law that a representative from Planned Parenthood sit on the MassHealth advisory board.
barely-true,Says President Barack Obama attacked potential terrorist targets in Syria in the middle of the night to minimize terrorist casualties.
half-true,The new Atlanta Braves stadium will require no tax increase for homeowners and provide $3 million annually for Cobb County schools.
half-true,"In Congress, (Cresent Hardy) voted to defund DACA."
barely-true,"Regarding sexual assault against women, Its actually safer not to be in college than it is to be in college."
false,There is no record of congresswoman Betty Sutton ... ever holding a single in-person town hall meeting open to the general public.
true,"In Chicago, theyve had thousands of shootings, thousands since Jan. 1. Thousands of shootings."
mostly-true,"Newt Gingrich was fined $300,000 for ethics violations."
true,"Says as Co-Chair of the Joint Ways Means Committee, I secured the key piece of funding for the Portland-Milwaukie Light Rail project bridge."
true,Says Congressmen Paul Ryan and Todd Akin co-sponsored legislation to limit federal funding for abortion to victims of forcible rape.
true,"Here in Wisconsin, weve put in previous budgets more money into mental health services than any governor has in the last 25 years."
barely-true,Gasoline would rise in price by approximately 50 cents a gallon if the McCain-Lieberman bill became law.
false,Paul Broun Jr. sides with sexual deviants to support sale of crush videos.
false,"Says unions take away hard-earned money of teachers, firefighters and police officers to play politics."
false,Every 28 hours an unarmed black person is shot by a cop.
false,"New Jersey alone, my home state, is facing a ten-and-a-half billion dollar shortfall in its 2012 fiscal budget. This means more cuts in state and local spending for education, which means our kids are hurt."
false,The Bush tax cuts created about 8 million jobs over the first 10 years that they were in existence. Weve lost about 5 million of those jobs during this recession.
half-true,We dont have bridges being built in the United States.
mostly-true,"In 1968, a full-time worker earning minimum wage, could actually support a family of three above the poverty line. Today, that same worker would earn less than the poverty line for a family of two."
half-true,Congresswoman Bachmann actually said we should be 'weaned' off our Social Security and Medicare. She wants to privatize Social Security and replace Medicare with some kind of voucher system.
false,"If an Iranian woman shows too much hair in public, she risks being beaten or killed."
false,No fracking waste is being dumped in New York State
false,"Since Wisconsin Gov. Scott Walker took office, we are losing jobs at rates not seen in decades."
false,Obama couldn't have afforded his home without Rezko's help.
mostly-true,"According to one study, the minimum wage today is worth $2 less than in 1968."
mostly-true,"Since Barack Obama became president of the United States, 95 percent of economic gains have been made by the richest 1 percent."
half-true,State revenue projections have missed the mark month after month.
false,"An Iowa policy ""provides for a state round up of Iowa citizens who might be exposed to the swine flu virus."""
true,Says Ron Johnson likes to say there are too many lawyers in the Senate 57. Hed be the 70th millionaire.
half-true,Says Ron Johnsons company got government loans and a grant to help expand his business
half-true,The top 1 percent in recent years has earned 85 percent of all new income.
true,Weve seen six months of positive job growth by the private sector.
true,A million people a year come into the U.S. legally. No other country even comes close to that figure.
barely-true,"Its hard to get people in Portland to vote yes on ballot measures, especially when theres opposition."
false,Youre supposed to throw away your shoes ifmercury from a broken CFL light bulb gets on them.
barely-true,Says signers of recall petitions against Wisconsin Gov. Scott Walker are at risk because of newly discovered provisions in state law.
true,"Charlie Crist ""bizarrely vetoed"" $9.7 million for a teaching hospital at the University of Florida ""despite having previously argued the budget request had merit."""
mostly-true,"In 2008 (Mandel) was re-elected to a second term, representing a district with a 2:1 Democrat to Republican voter ratio."
true,Says that U.S. Rep. Allen West is a constituent of mine.
barely-true,Says he voted to remove Common Core from our schools.
half-true,It isnt me cutting the budget. Its the Congressdecision on sequestration. So it isnt secretary of defense or the president doing this.
mostly-true,U.S. Senate candidate Jack Kingston requested more earmarks than any other GA Congressman and all GA GOP members combined.
pants-fire,Unfortunately we have documented instances where people defecated in the (Statehouse) building.
mostly-true,"If we ban the practice of earmarks, we could save the American taxpayer anywhere between $15 (billion) to $20 billion dollars a year in pork-barrel spending."
half-true,Texas has more full-time state employees per capita than California and Illinois.
true,We havent passed a budget in more than three years and not a single appropriations bill has been brought to the floor this year.
half-true,"I vetoed more than $3 billion in spending. Lawmakers and I cut taxes for 40,000 small businesses. Now Texas is No. 1 in job creation. The nations five best housing markets are right here in Texas. We balanced five state budgets and we cut state spending."
false,"Most young Americans right now, theyre not covered by health insurance."
false,"Says state Senate President Stephen Sweeney gave us the nations highest income tax rates, driving out jobs."
barely-true,ISIS is now the predominantIslamist group in Benghazi.
half-true,"Georgia spends in the top 10 nationally on education, yet, most of our education metrics hover in the bottom five."
pants-fire,President Barack Obama has virtually no one in his cabinet with private-sector experience.
half-true,Says Rick Scott pled the Fifth 75 times to avoid jail for Medicare fraud.
pants-fire,Says she was never a member of the Georgia Log Cabin Republicans.
half-true,"Americans bought into climate change in 2004-06, but then most began wandering away from this issue."
barely-true,Health insurance companies pay CEOs $24 million a year
mostly-true,"The tax on job creating businesses is 35 percent in the United States, second worst in the entire world."
false,I have voted every year in Wisconsin.
barely-true,Says she made a cold call and persuaded an Illinois company to relocate to Wisconsin.
half-true,Barack Obama has doubled our national debt. Doubled it. Its going to be close to $20 trillion when he leaves.
false,China owns more of our bonds than do Americans.
mostly-true,Says Pope Francis took the name of a saint who basically reached out to Muslims.
half-true,Says Gov. Scott Walker didnt balance the budget so we now have a larger state deficit 14 months into (his) term than we did when he was elected.
barely-true,"You dont have to be as smart as a fifth-grader to know what causes the climate is the sun. The sun. I have people tell me, Carbon dioxide warms the Earth. No, it doesnt. The sun warms the Earth."
pants-fire,Birthers have obtained a copy of Obamas Kenyan birth certificate.
mostly-true,"In Libya, America spent $2 billion total and didnt lose a single life."
true,"Of the four statewide races this century within a 300-vote margin, three have been overturned in a recount."
half-true,"Ninety-six percent of failing schools are spending above $8,400, the average annual per student expenditure, and 26 percent spend considerably more than that."
true,"Let's pay attention to kids who are not going to college, which ends up being about 60 percent of the kids... and get them trained for the jobs that are there. Because, you know, there are auto mechanic jobs paying $50,000, $60,000 that they can't get filled. There are airline mechanic jobs paying a lot of money that can't get filled. Remarks at AFSCME forum 6/19/2007"
barely-true,"In the Republican presidential debate in New Hampshire, none of the candidates mentioned the middle class or education."
true,"In 2006, Charlie Crist opposed in-state tuition for illegal immigrants."
barely-true,The government is going to have the right to get into your bank account with the health care bill and make transfers without you knowing it.
half-true,"Says Donald Trump, in his campaign announcement speech, also said, And many of them (Mexicans) are good people. You keep leaving that out of your quote."
false,The Benghazi victims were left helpless to die as Hillary Clinton soundly slept in her bed.
mostly-true,"Even after collective bargaining reforms, most Wisconsin public employees are still paying about 12 to 13 percent of their health insurance premiums, while most state residents who work in the private sector pay 20 to 25 percent."
false,On lifting the U.S. Cuban embargo and allowing travel to Cuba.
true,Says Obama broke his promise to offer a comprehensive immigration bill in his first year.
half-true,"Says Mitt Romney said we are going to have to live with high gas prices, its a good thing because it will reduce consumption, we dont want to produce any more gasoline."
false,Says President Obama has doubled the deficit.
false,The tax cut deal is giving $700 billion to millionaires and billionaires.
false,"We continue to see these isolated incidents of people trying to vote five, six times a day."
pants-fire,Says Obamacare is the largest middle-class tax increase in history.
pants-fire,"No Republicans voted for recent hikes in the income tax, payroll tax, capital gains tax, dividend tax and estate tax. These taxes were all passed under Obamacare."
mostly-true,"Donald Trump rooted for the housing crisis, because he knew he could make money off of it."
false,"The Iraq war has been ""our longest war."""
barely-true,Says Washingtons reach extends to even telling us what kind of light bulb we can use.
pants-fire,Says President Barack Obama delivered $2 billion to Brazil to help with offshore drilling projects.
mostly-true,"As a Congressman, J.D. Hayworth was an avid earmarker who supported such pork as $220,000 to renovate a Maine Blueberry farm and $5.8 million for a Vermont snowmobile trail."
half-true,The states that are doing better are the ones that have no state income tax.
barely-true,"In 2009, Jim Doyle and the Democrats rushed through a budget repair bill with billions in tax increases and held no public hearings."
true,"The labor force participation rate -- the share of the potential workforce that is actually working or looking for work-- currently stands below 63%, the lowest level since the 1970s."
true,Less than four cents of every health care dollar is spent on prevention and public health.
true,You've heard endlessly about waterboarding. It happened to three terrorists.
false,The payday loan industry does not exist in a state like Minnesota.
true,"Congress shoveled $700 billion into the Troubled Assets Relief Program, $325 billion of which has been spent without purchasing any toxic assets."
half-true,Roy Cooper wont say how he will pay for free college tuition.
mostly-true,Says U.S. Senate candidate David Perdue flip-flopped on releasing his tax returns.
mostly-true,Says he can be on the ballot for Congress while serving time in jail.
barely-true,"The Republicans still want to privatize (Social Security). In fact, their whole idea is to turn over the Social Security trust fund to Wall Street."
half-true,"Today, the United States is the most respected country on Earth."
mostly-true,A regulatory thing means you cant show someone drinking beer on camera.
half-true,"Sixty-two percent of all personal bankruptcies are ""caused by medical problems."""
barely-true,"When Atlanta Police Chief George Turner was interim head of the department, overall crime fell 14 percent and violent crime dropped 22.7 percent."
false,This Congressadjourned earliest of any time in congressional history before an election.
false,2008: Unions Spent $400 Million to Elect Obama.
mostly-true,The United States already has the highest corporate tax rate in the world.
true,"When Sen. Edwards ran in 2004, he wasn't for universal health care. I'm glad he is now."
mostly-true,Weve got to find 2 billion gallons (of water per day) between now and 2025.
true,"Last year, we borrowed $1.4 trillion -- or 41 cents of every dollar we spent. Over half of this debt is held by foreign investors."
true,Snitker has been virtually ignored by the major media.
half-true,"Barack Obama was ""a trial attorney for ACORN."""
true,"A fairly limited number of people, 25 million to 30 million, will be allowed to access a national health insurance exchange."
false,"The ammunition used in the Orlando shooting is banned by Geneva Convention. It enters the body, spins explodes."
half-true,Says Lois Frankel took a 40 percent pay raise as mayor while West Palm Beach lost jobs.
half-true,Says it will cost $220 per square foot in hard construction costs to rebuild Portland Public high schools.
true,No openly gay man has ever been elected to the Georgia Legislature.
mostly-true,(Mexican immigrants) are more law-abiding than U.S. citizens and that is a statistic.
barely-true,Says Ken Cuccinelli supported a law that could allow people to carry missile launchers into airports.
barely-true,Only one out of five of the so-called Syrian refugees who went into Europe were actually Syrian.
false,"After Hurricane Katrina, Dallas and San Antonio took in 5,000 to 10,000 refugees each, but (Bill) White brought in 250,000 and put them up in his buddies empty apartment buildings and let the federal government pay their rents for over two years. They did not return to New Orleans, most of them are on welfare."
pants-fire,Dan Patrick changed his name from Danny Goeb to hide from his debts.
false,On expanding Medicaid as part of the health care law
mostly-true,"While (Barack) Obama preaches we are our brothers keeper, his brother and aunt live in real poverty in Kenya."
false,The president of the United States will be taking a trip over to India that is expected to cost the taxpayers $200 million a day.
mostly-true,"Almost 400 arrests in the city last year for panhandling-related offenses involved just 78 suspects, an indication that the same people are panhandling over and over."
mostly-true,"Nevada is No. 1 in unemployment, violent crime, car theft, divorce, robberies and foreclosures."
half-true,Al-Qaida has grown fourfold in five years.
half-true,There was even a time when (Donald Trump) didnt get an Emmy for his TV program three years in a row and he started tweeting that the Emmys were rigged.
true,"Whether you like to admit it or not, half our general revenue goes to education."
pants-fire,Barack Obama and Hillary Clinton are negotiating with the United Nations about doing a treaty that will ban the use of firearms.
mostly-true,The stock market has almost tripled since April of 2009.
half-true,Ninety percent of the people in Arkansas still love Bill Clinton.
half-true,"The United States doesnt have the highest murder rate among developed countries. You look at Russia, you look at Brazil, those are countries that have 3 to 5 times higher murder rates than what we have here in the United States."
mostly-true,"Barbara Buono by the numbers: As a Trenton politician, she voted to raise taxes 154 times. Under her, property taxes up 70 percent. Backed a 16 percent sales tax increase. Utilities, nursing homes, cell phones, parking lots, lottery wins, gyms She taxed them all. Architect of Corzines budget, she drove New Jersey $2 billion into debt. Barbara Buono by the numbers: taking New Jersey backwards."
half-true,"Says we have put more boots on the U.S.-Mexico border than at any time in our history, and illegal crossings are down by nearly 80 percent from their peak in 2000."
half-true,The recent process of awarding $3 billion worth of airport vending contracts was the most open and transparent procurement process in the citys history.
mostly-true,"Says Jennifer Horn, chairwoman of the N.H. Republican Party, owes $92,000 in back taxes."
true,I wake up every morning in a house (the White House) that was built by slaves.
barely-true,In this country we have more natural gas than Saudi Arabia has oil.
false,Tarpon Springs takes its homeless to St. Petersburg.
barely-true,Harry Reid has voted to give illegals Social Security benefits even for the time they were here illegally.
true,"Since being elected in 2002, Scott Walker has given back over $370,000 of his salary to the county."
false,"The 2011 Rebuild America Jobs Act would have cost the average American family $1,000 a year while making no significant impact to fix our infrastructure and roads."
mostly-true,Taxpayers are paying a fortune for the use of Air Force One on the campaign trail by President Barack Obama and Hillary Clinton.
half-true,Joe Biden is the only candidate with a plan to get us out of Iraq and keep us out.
half-true,Says the director of NASA says its main mission is Muslim outreach.
true,Ohio companies export more goods and services globally than 41 other states.
pants-fire,"Congressional Republicans have introduced dozens of bills on social issues and other topics, but zero on job creation."
true,"Marco Rubio spent $400K of your tax dollars remodeling offices, and building a members-only lounge."
mostly-true,"Weve added, in the last eight years, $4 trillion of debt to the nations obligations."
half-true,"People buy more items during Georgias sales-tax holidays, boosting economic activity."
barely-true,Says Sen. Elizabeth Warren lives in a $5.4 million mansion.
false,Jobs that involve the minimum wage are overwhelmingly jobs for young people starting out in the workforce.
true,The ratio of corporate profits to wages is now higher than at any time since just before the Great Depression.
false,"Says the Internal Revenue Service estimated it must hire 16,500 agents at a cost of $10 billion to the taxpayer to enforce the federal health care overhaul."
false,"Ryan Sittons company accepted over $650,000 in Obama stimulus dollars."
pants-fire,Says there was a NATO base in Turkey being under attack by terrorists.
true,"Black voter turnout in 2012 exceeded the rate of white voter turnout, even in the states with the strictest voter ID laws."
half-true,"When it comes to transportation funds, Georgians spend more in taxes and on red tape than they get back from the federal government."
true,States with the highest gun ownership rates also have the highest suicide rates.
mostly-true,The vast majority of people in this country are keeping their (health insurance) plan.
half-true,Sherrod Brown and his special interest allies in Washington are plotting to spend over $13 million to defeat Josh Mandel.
true,Says you need a photo ID to purchase Sudafed in Texas.
half-true,"Wisconsin requires, by law, a photo ID to vote."
half-true,Says private-sector job growth in 2011 places New Jersey in the top third among all of the states.
false,Glenn Hegar promised to eliminate the property tax.
false,Says unemployment in Ohio is significantly higher than the unemployment rate in states which are not forced union states and its always been that way.
half-true,"Among manufacturers with fewer than 50 employees, the average cost in terms of regulations is $34,000 per employee."
true,"Approximately 43 percent of all college grades today are As, an increase of 28 percentage points since 1960."
half-true,"The prosecution of state Sen. Don Balfour cost less than $100, excluding prosecutors salaries."
mostly-true,Net immigration from Mexico last year was zero. Fact-check me.
false,I was the first member of Congress to call him (Barack Obama) a socialist...
barely-true,"Californias marijuana legalization initiative, Prop. 64 allows marijuana smoking ads in prime time, on programs with millions of children and teenage viewers."
mostly-true,"Inequality in Texas is steadily getting worse, with very few rich people, a great many poor people, and fewer and fewer in the middle."
mostly-true,A child born in America today will inherit $1.5 million in debt the moment theyre placed in their mothers arms.
barely-true,Says Schaufler was the only Democrat who voted to stop the states health care reform plan.
false,Obamacare is the biggest tax increase in American history.
false,The Obama administration just issued instructions that terrorism training should not involve any reference to Islam.
true,You have to get a license to fish on our beaches.
mostly-true,There have been at least 100 shootings each year [Angel Taveras] has been mayor of Providence.
pants-fire,"Obama says America is great, but let's ""try to change it."""
false,"On Sandra Day O'Connor: ""I think one reason she was a good judge is she had no judicial experience"" before she joined the Supreme Court."
half-true,Veterans unemployment is actually now lower than (the) general population. It was higher when I came into office.
pants-fire,I never said that Marco Rubio was Mark Zuckerbergs personal senator.
barely-true,Senator Jeff Plale saved my job -- and some 300 others at Bucyrus International.
half-true,George Allen and his colleagues in the Senate turned the biggest surplus in the history of the United States into the biggest deficit in the history of the United States.
mostly-true,41 cents out of every dollar (the U.S. spends) is borrowed from places like China.
half-true,"While the countrys economy was battered, nine states with no income tax actually grew jobs from 2001 to 2010."
half-true,"The senior senator from Arizona (John McCain) said he couldnt support repealing dont ask, dont tell because of the economy."
false,The Miami Dolphins are the only NFL team in the entire nation that pays property taxes.
mostly-true,"Says Ronald Reagan understood repeatedly that when the deficit started to get out of control, that for him to make a deal he would have to propose both spending cuts and tax increases."
barely-true,We confer more PhDs each year than any other university in America except Berkeley.
barely-true,President Barack Obamas health care reform slashed $500 billion from Medicare.
barely-true,The Government Accountability Office estimated (Obamacare) will add to the long-term deficit by $6.2 trillion.
false,Theres only one candidate under investigation -- Terry McAuliffe.
true,The United States has one of the highest corporate tax rates in the world.
mostly-true,We have the lowest per-capita spending of any state in the nation except for South Dakota.
true,"Rick Scott has heavily invested in a company that is geared to helping illegal aliens transfer money to family and friends out of the country."""
false,"When (Marcy) Kaptur fought for the Democrats prescription drug benefit for seniors, (Dennis) Kucinich voted no."
barely-true,The city of Pembroke Pines doesnt have a vote in a plan to build a detention center in Southwest Ranches.
barely-true,"Rep. Carol Shea-Porter votes with Nancy Pelosis Democrats 95 percent of the time, but Frank Guinta will take on both parties and has independent New Hampshire values."
true,Supreme Court 15 times over the last 120 years has said marriage is a fundamental right and never said it had to be between a man and a woman.
false,"I am the only person in this field who is against amnesty. Every other person in this field wants to allow people who are here illegally to be able to stay here, in one form or another."
true,Foreign aid is less than 1 percent of our federal budget.
false,Says Hillary Clintons State Department blocked investigation into Orlando killers mosque.
false,Hillary Clinton believed NAFTA was a 'boon' to our economy.
half-true,"[Mitt] Romney and [Brendan] Doherty certainly have a lot in common, like flip-flopping on abortion -- in Dohertys case, in a little over a week."
mostly-true,More than 10 years of free trade has brought a $2 billion per day trade deficit.
true,California is home to the largest death row populationin the Western Hemisphere.
barely-true,Says Mitt Romney once supported President Obamas health care plan but now opposes it.
false,This president went before the United Nations and castigated Israel for building settlements. He said nothing about thousands of rockets being rained in on Israel from the Gaza Strip.
false,The President wants the U.S. to sign on to the U.N.s International Criminal Court.
half-true,More than 25 million Americans are unemployed. More than 50 million live without health insurance. Perhaps 100 million live in poverty.
mostly-true,"In almost every other country in the world, artists and musicians are paid when their music is played on the radio. In fact, the only countries besides the U.S. who do not have a radio-performance right are China, Iran and North Korea."
barely-true,Common Core means there are over 300 data elements the government is going to be collecting about your children and about you.
mostly-true,Says George LeMieux falsely attacked Marco Rubio.
false,Portland spent nearly $1 million in federal stimulus money to install bike path signs where they already existed.
false,Says Donald Trump always pays his bills promptly.
true,"When Moammar Gadhafi was set to visit the United Nations, and no one would let him stay in New York, Trump allowed Gadhafi to set up an elaborate tent at his Westchester County (New York) estate."
mostly-true,Says Mitt Romney supports a plan to slowly and gradually raise the retirement age of Social Security.
half-true,"We are dealing with an administration that, quite frankly, has shown a reluctance to enforce the immigration law."
true,"It costs $10,000 a year to keep a child in school; it costs $30,000 a year to keep someone in prison."
pants-fire,"When (Barack Obama) took office, 2.3 million people were out of work. Five-plus years later, we have 5 million-plus out of work."
barely-true,"Youre paying for...(state Sen. Diane Allens) health care, and she took yours away."
half-true,"Every dropout costs us $72,000 for the life of that person."
false,"Every year since Gov. Walker and the Republicans have been in control of the Legislature weve created fewer jobs, according to the Bureau of Labor Statistics."
pants-fire,"Any child born prematurely, according to the president, in his own words, can be killed."
half-true,Obama voted for the Bush-Cheney energy bill that put $6-billion in the pocket of big oil.
pants-fire,Says a Senate resolution would restore $140 in monthly general assistance payments and prevent people from committing crime.
false,A legacy of taxing and borrowing crippled the economy we inherited two years ago.
mostly-true,Georgia and other states with weak gun laws have more crime.
false,"George Allen had 40,000 earmarks while he was a senator."
false,The gun industry isthe only business in America that is wholly protected from any kind of liability.
pants-fire,Says the Obama administration plans to ban all weapons for U.S. citizens through international treaties.
false,Says Mark Pryor voted to give Social Security benefits to illegal immigrants.
half-true,Ponzi schemer Scott Rothstein gave hundreds of thousands of campaign cash to control Crists appointments of key state judges.
true,"In Harrisburg, I passed more bills than all the Democrats combined, in terms of legislation affecting the city."
mostly-true,"Since 1970, the Clean Air Act has reduced toxic and health-threatening air pollution by 60 percent while our economy has grown more than 200 percent."
half-true,90 percent of fires in Arizona are human-caused.
mostly-true,If upstate New York split from downstate the economic indicators of upstate New York would be among the lowest in the country.
half-true,Women make 77 cents for every dollar earned by men.
mostly-true,"For the last decade, funding in the health and human services budget has grown at twice the rate as other parts of the budget, and I think that context is important."
true,"Says Mitt Romney had millions in the Cayman Islands, a tax haven."
mostly-true,"Says she introduced a ban on ""dirty dancing."""
barely-true,Obama has proposed 442 tax hikes since taking office.
false,"Says during George W. Bushs administration we were losing millions of jobs per month, while under Barack Obama we have three years of gaining hundreds of thousands of jobs per month."
half-true,We spend a staggering amount of money on health care over $2-trillion and almost twice as much as any other country per person.
false,Under the Iran deal: If Israel attacks Iran were supposed to be on Irans side.
true,The number of people in Atlanta dying from HIV and AIDS declined 59 percent between 2004 and 2012.
barely-true,"My plan actually gives the middle class the greatest break: $2,000 per family."
mostly-true,"On day one, six people were able to sign up for health insurance through the federal marketplace."
mostly-true,The Seattle Times called Patty Murray a prolific sponsor of earmarks. Patty even defended the Bridge to Nowhere.
mostly-true,Says legislation pending in the House would effectively limit or eliminate time-and-a-half for people who work overtime.
false,This is the first time since the Depression that unemployment has stayed above 9 percent for two consecutive years.
half-true,The nation as a whole has created jobs at a rate that is two times the rate that we have created jobs here in Wisconsin under Gov. Walker.
pants-fire,"Medicare monthly premiums will go up to $104.20 in 2012 and $247.00 in 2014 due to provisions incorporated in the Obamacare legislation, purposely delayed so as not to confuse the 2012 re-election campaigns."
true,Says 88 Texas constables have died in the line of duty.
true,The federal government is spending 25 percent of our entire economy versus 100 years ago we spent only 2 percent.
false,Many just call him Lyin Ted. ... HisTV ad about John Kasich? Lie! Stations had to pull it off the air.
false,"Studies show that if we opened one reserve in Alaska now, in five years, gas prices could be at $2 a gallon."
half-true,"Says Donald Trump has said he loves war, including with nukes."
mostly-true,"Under Obamacare, premiums have doubled and tripled in Wisconsin."
mostly-true,"In February, John McCain suggested the Bergdahl-Taliban swap that he now calls outrageous and dangerous."
barely-true,Eliminating affirmative action in admissions in Florida led to more African American and Hispanic kids attending our university system than before.
pants-fire,"Despite opposition from national Club for Growth, Club for Growth Wisconsin has endorsed him for U.S. Senate."
false,The presidents first major foreign policy speech in Cairo was to apologize for our country.
false,We are bogged down in a war that John McCain now suggests might go on for another 100 years.
true,"If youre a Mexican, you get sent back. ... But if youre from a noncontiguous country like the Central American countries then you can stay in the United States."
pants-fire,Rhode Island: 3% bigger at low tide.
half-true,"Says the United States has the highest incarceration rate in the world with 2.3 million inmates, and the majority of Americans are imprisoned because they sold small amounts of drugs."
barely-true,"Obama ""promises more taxes on small business, seniors, your life savings, your family."""
pants-fire,"According to recent reports, a group of death panels organized under Obamacare ordered their first execution."
mostly-true,500 percent more traffic here?
false,Fast and Furious began under the Bush administration.
true,"Instead of fighting ISIS, (the Saudis) have focused more on a campaign to oust Iran-backed Houthi rebels in Yemen."
mostly-true,"For the first time in history, the share of the national popular vote margin is smaller than the Latino vote margin."
false,Says less than half of 1 percent of all the Texas legislators who ever served draw a benefit from pensions tied to the salaries of state district judges.
false,"The fundraising numbers are in, and our grassroots support is unmatched!"
true,Three thousand felons voted in Rhode Island in 2008.
false,A Paul Ryan-Scott Walker (or Scott Walker-Paul Ryan) ticket for the White House in 2016 would be unconstitutional because both men live in Wisconsin.
half-true,"Says Justice Elena Kagan recused herself in many cases where she had little role as solicitor general, simply because of the appearance of a conflict of interest."
true,American oil production is at its highest level since 2003.
false,"I have a perfect voting record from organizations like the Veterans of Foreign Wars, the American Legion and all the other veterans service organizations."
mostly-true,"In 1978, a student who worked a minimum-wage summer job could afford to pay a years full tuition at the 4-year public university of their choice."
mostly-true,"Says that under the Obama administration, the debt has nearly doubled."
barely-true,Suntrust Bank cancels account because company sells guns.
true,"Says Rep. Jim Weidner proposed a bill taking away health care for 80,000 of Oregons children."
false,"In the House health care bill, ""Something like 2 percent of the people would [be] eligible even to get the public option."""
half-true,Surveys of teens in high school reveal that knowing a classmate who sells cannabis is 90 times more common than knowing a classmate who sells alcohol.
half-true,Says the state budget doubled property tax credits for seniors and middle class New Jerseyans and had no tax increases for any New Jersey family for the second year in a row.
half-true,95 percent of the worlds customers are beyond our shores.
true,Incoming House Speaker Dean Cannon and incoming Senate President Mike Haridopolos have said they plan to champion efforts next legislative session to allow oil rigs off Florida's coast.
mostly-true,"Last year, we produced 14 percent less oil on public lands than we did the year before."
pants-fire,"U.S. Rep. Jim Langevin didn't want a border fence to block illegal immigration ""because he is afraid that someone will get hurt trying to go around the fence."""
barely-true,An average of nine children a day in the U.S. die of gunshot wounds.
mostly-true,"Says that in 2008, President Barack Obama said normalization with Cuba would first require liberation of all political prisoners and some basic steps toward freedom, including freedom of the press, political parties, labor unions."
true,Says New Jerseys public school students have the best Advanced Placement scores in the nation.
barely-true,"In two terms in the Missouri General Assembly, Jason Kander passed ZERO bills that were signed into law."
half-true,"Says that according to a report, the tech sector now drives more than one-quarter of Austins economy."
half-true,Israel has seen a 90 percent reduction in terrorist attacks that it attributes to building a 500-mile fence.
half-true,"Says they said it was impossible to balance a budget at the same time, with an $11 billion deficit and we did it."
mostly-true,Says Gov. Rick Scott returned $1 million in federal funding that would have helped the state cover the cost of overseeing insurance rates under the new health care law.
half-true,Says Senate Minority Leader Mitch McConnell has blocked the Senate over 400 times.
false,"Obama ""refused to not only put his hand on his heart during the Pledge of Allegiance, but refused to say the pledge."""
half-true,"You said you would vote against the Patriot Act, then you came to the Senate, you voted for it."
false,Says attorney general candidate Jon Richards went so far to say he would only enforce the laws with which he personally agreed.
barely-true,Ted Cruz is unknown to the vast majority of Texans.
half-true,Says today unemployment has been running near 12 percent or more for the last four years and the Legislature hasnt done much to lower it.
pants-fire,President Barack Obama has doubled the size of government since he took office.
barely-true,A 2011 measure passed into law with Wendy Davis support removes from the attorney general the ability to settle lawsuits just like the school funding case.
barely-true,"Republicans actually doctored emails between administration officials about Benghazi. Then, they released them to the press, trying to pass them off as real."
barely-true,"The U.S. ""only ranks 25th worldwide on defense spending as a percentage of GDP."""
barely-true,The Hollywood celebrities endorsing Hillary Clinton are in many cases celebrities that arent very hot anymore.
half-true,People are five to seven times more likely to be murdered in workplaces that allow firearms than in those that prohibit it.
half-true,"Rural schools ""face the highest dropout rates, the lowest college enrollment rates, have the lowest average teacher salaries..."""
pants-fire,I have always said that I would be for drilling.
mostly-true,"The top man at Yale Law School came out ... with just a raging report about former HP CEO Carly Fiorina,saying she isone of the worst executives in his memory in history running the company."
false,"The alternative to higher state worker pension and health care payments is to look at 1,500 layoffs of state employees or close to 200,000 children who would be bumped off Medicaid-related programs."
false,Obamacare puts the federal government between you and your doctor.
true,Nearly 65 percent -- almost two-thirds -- of all new permanent residents obtained that status by virtue of their family status.
mostly-true,An amendment inserted by lawmakers into the state budget exempts scientific researchers from all state animal cruelty laws.
pants-fire,Obama used $20 million in federal money to emmigrate (sic) Hamas Refugees to the USA.
barely-true,Says Donald Trump has given more money to Democratic candidates than Republican candidates.
barely-true,Says President Barack Obama failed to stand up for the bipartisan debt solutions of the Simpson-Bowles Commission.
mostly-true,I have always opposed drivers licenses for illegal aliens.
mostly-true,"Arizona schools rank 45th in the nation, dead last in funding per student."
false,Hate speech is excluded from protection under the First Amendment.
true,The number of inmates since 2000 on death row dying of natural causes has now surpassed the number of inmates executed.
pants-fire,Says Wisconsin Supreme Court candidate JoAnne Kloppenburg put an 80-year-old farmer in jail for refusing to plant native vegetation on his farm.
mostly-true,Greg Abbott heads up a party whose platform calls for the repeal of the Voting Rights Act.
barely-true,"Wisconsin election officials to accept Mickey Mouse, Hitler signatures on recall petitions."
half-true,The number of new illegal immigrant families who have crossed the border so far this year already exceeds the entire total from 2015.
true,"You can go to Georgia and make about $6,000 more a year as a teacher."
barely-true,"I would love to see us have in this country what I helped lead in Arkansas...Amendment 65 (which) says that we believe life begins at conception, and that we ought to do everything in the world possible to protect it until its natural conclusion."
false,"If Austin voters reject Proposition 1, a completely new City-run criminal background check process will cost millions in processing fees, additional staff, and bureaucracy with taxpayers getting the bill."
half-true,Corporate tax holidays pushed by Presidents John F. Kennedy and George W. Bush brought billions of dollars back into the United States.
half-true,"We moved 100 times as many people out of poverty as moved out when President (Ronald) Reagan was in office, with 40 percentmore jobs."
true,Cigarette butts poison babies and small children because of the nicotine in them.
mostly-true,"Every day, a black name resume is 50 percent less likely to get responded to than a white nameresume."
mostly-true,Says the states new collective bargaining law effectively eliminates police unions ability to negotiate.
barely-true,Ann McLane Kuster is for a government takeover of health care more radical than Obamacare. And she supports a $700 billion cut to Medicare for current retirees.
false,The incandescent light bulb has no effect whatever on the planet.
false,"Our National Guard, as we saw in the Midwest flooding, can't function as effectively as it could. I was talking to National Guard representatives. Fifteen of their 17 helicopters in this region were overseas during the flooding."
half-true,Says Charlie Crist voted against raising the minimum wage.
half-true,Georgias U.S. senators voted for legislation that would gut clean air protections and increase oil dependence.
mostly-true,Thirteen hundred applicants in Rhode Island signed up for insurance through Obamacare.
half-true,Says Obama refuses to recognize Jerusalem as the capital of Israel.
pants-fire,Says a picture he posted on Facebook of a man posing in front of five decapitated human heads is one of the subhuman mongrels our president set free.
mostly-true,"Today, the five largest financial institutions are 38 percent bigger than they were back in 2008, when they were too big to fail."
false,"The House health care bill provides for ""free abortion services, and probably forced participation in abortions by members of the medical profession."""
true,Says that Tennessee law requires that schools receive half of proceeds -- $31 million per year -- from a half-cent increase in the Shelby County sales tax.
false,"Says Barack Obama is a hypocrite for criticizing President George W. Bushs drone attack program, then using it aggressively as president."
true,Says spending in the fiscal 2009 budget was lower than spending in the fiscal 2014 budget
barely-true,"Says no, youre wrong, responding to the assertion that stop-and-frisk was ruled unconstitutional in New York."
half-true,Mitt Romney supervised a company guilty of massive Medicare fraud.
false,"The Family Research Council, according to some government agencies, is a terrorist group."
mostly-true,"More than 1.5 million people moved into Georgia between the past two Census counts, and a majority consider themselves, African-American, Latino or Asian-American."
true,Thirty U.S. cities have Triple A baseball teams and virtually everyone of them [is] playing in government owned ballparks.
pants-fire,Sheriffs Call For Obamas Lynching While Leader Meets With GOP Senators
true,"In 1976, the first year that Pell Grants were fully funded, a full Pell Grant paid 72 percent of the cost of attendance at a typical four-year public college. Today, a full Pell Grant covers just 34 percent of those costs."
half-true,"John McCain ""began his career in Washington as a lobbyist when he was appointed in 1976 as the Navy's liaison to the United States Senate."""
false,Federal government reneging on Medicaid payments to Wisconsin caused about $240 million in extra costs in the 2013-15 state budget.
false,"Middle-class families throughout America (would) have to pay $6,000 per year to pay for tax cuts for the wealthy."
half-true,"Greg Abbott activated the state guard to monitor Jade Helm 15 in case the troops try to impose martial law, disarm innocent Texans, and detain them in tunnels beneath closed Walmart stores."
false,GOP presidential hopeful Herman Cain called Ron Pauls followers ignorant.
barely-true,"Education Week says Obama 'hasn't made a significant mark on education,' is 'elusive' on accountability, and a 'staunch defender of the existing public school monopoly.'"
true,"Say that under state law, systems development charges can only be spent on capital investment."
pants-fire,Barack Obama loves Che Guevara.
half-true,The health care bill cuts the deficit by over $1 trillion dollars.
true,There is more oil produced at home than we buy from the rest of the world the first time thats happened in nearly 20 years.
false,"In the last two years, we have reduced the deficit by $2.5 trillion."
barely-true,"Says Texas has more than 80,000 abortions each year."
half-true,"She created the Waste, Fraud and Mismanagement Hotline.... (that) has saved Wisconsin taxpayers hundreds of thousands of dollars."
half-true,"In a period of roughly 72 hours, a small group of angry black students managed to force the resignation of the two highest ranking officials at that school."
true,Says fewer than 30 percent of Texas college students graduate in four years and only 58 percent graduate within six years.
pants-fire,Fundamental changes made to the language describing the Wisconsin Idea in the University of Wisconsin Systems mission statement were the result of a drafting error.
barely-true,"There is not one of the Muslim nations that doesnt have discrimination against women, discrimination against gays, subjugation of other religious beliefs."
mostly-true,Seventy percent of all Texans are overweight or obese.
false,"Nearly 70 percent of all federal spending will go towards Social Security, Medicare, and Medicaid in fiscal year 2014."
half-true,"Says Donald Trump cashed in on Sept. 11,collecting $150,000 in federal funds intended to help small businesses recover even though days after the attack Trump said his properties were not affected."
mostly-true,"Raising the minimum wage to $10.10 an hour, would help lift over a million Americans out of poverty."
pants-fire,The goal of Common Core is to instill federally determined attitudes and mindsets in students including political and religious beliefs.
barely-true,Says Hillary Clinton viciously attacked women abused by Bill Clinton.
half-true,"Says that 98,184 Texans are now driving with temporary drivers licenses lacking their photos."
barely-true,Says Gov. Mike Pence and Rep. Mike Coffman take the same positions on a number of things... Coffman and Pence oppose equal rights for LGBT Americans.
false,"A report just came out that if we continue with President Obamas policies, were looking at over 9 percent unemployment next year in the fourth quarter."
barely-true,Some of our states educational administrators joined the feds in seeking to mandate Arabic classes for Texas children.
true,"During Lyndon B. Johnsons first 20 years in Congress, he opposed every civil rights measure that came up for a vote."
pants-fire,Congress Approves Bill Offering Free Cars To Welfare Recipients.
barely-true,Roy Blunt voted to raise his own pay 12 times while in Congress.
mostly-true,"The Internal Revenue code has ballooned to a 5,600-page, 4 million-word complicated mess that is seven times as long as the Bible with none of the good news."
mostly-true,"More than 50 percent of immigrants from (El Salvador, Guatemala and Honduras) use at least one major welfare program once they get here."
barely-true,Says drug cartels are using social media to offer rebates so more children from Central America get smuggled to the United States.
half-true,Says Kelly Ayotte voted to fix background checks.
false,Studies have shown that voter fraud is non-existent in Texas.
barely-true,"In 2012, the state put together a list of over 100,000 people that they thought were ineligible to vote. Came out there were less than 10."
mostly-true,Theres going to be a slowdown and delays in flights as a result of the sequester.
true,I saved the taxpayers $2-billion on a bogus Air Force Boeing tanker deal where people went to jail.
false,"I remember one of [Curt Schillings] teammates said he painted his sock, the bloody sock."
true,My office sends federal money back every year.
true,"Switzerland and the Netherlands . . . cover all their citizens using private insurers, and they do so for much less cost."
half-true,I never said I was on the Falkland Islands.
half-true,On the propriety of budget reconciliation.
mostly-true,Obama taps porn lawyer for #2 at Justice.
false,Let me say that I dont think (Bernie Sanders has) had a single negative ad ever run against him.
false,President Barack Obamas policies have resulted in gas prices being reduced from $3.07 per gallon when he was sworn in in 2009 to $2.30 today.
barely-true,The Health Care and Education Reconciliation Act is the largest-ever investment in higher education.
half-true,"Over $1 trillion was spent on anti-poverty programs in 2011, enough to give every single poor American a check for $22,000."
barely-true,You dont know if this (the H1N1 vaccine) is gonna cause neurological damage like it did in the 1970s.
half-true,(Pete) Sessions has held at least two fundraisers at adult-themed clubs and made no apologies.
half-true,Donald Trumps decision to skip the Fox News/Google debate in Des Moines is near unprecedented.
true,The majority support (raising) the minimum wage.
mostly-true,"H.B. 194, the Voter Suppression Bill, invalidates a vote where a voter properly marks the ballot in support of a particular candidate, but also writes in the name of that same candidate."
true,"Tommy Thompson created the first school choice program in the nation, giving thousands of Milwaukee students the choice of where they go to school no matter where they live or how much money their parents make."
mostly-true,"When career politician Daniel Webster became speaker of the House, he wasted $32,000 of our money on a spiral staircase for his office."
barely-true,"Chile ranks third internationally in economic freedom, while the U.S. ranks 17th."
true,"Before I was governor, tuition was skyrocketing and we stopped that. We capped and then we froze college tuition."
half-true,Says she helped lead the launch of curbside recycling.
true,"In 2009, Democratic Wisconsin state senators rammed through a billion-dollar tax hike in 24 hours with no public input."
half-true,Says potential GOP U.S. Senate candidate Tommy Thompson supported Obamacare
half-true,"170,000 of the jobs created in Texas under Gov. Rick Perry were government jobs."
true,Im the only governor in America ... who signed a law that says there needs to be an independent investigation any time theres a death of someone in police custody.
false,Says his tax plan wouldnt leave the federal government with a $1.1 trillion hole.
barely-true,Grocery prices have risen significantly over the past year or so.
false,Says we are going to sell this house and use the proceeds to stabilize rates.
true,More women were killed by their husbands or boyfriends since Sept. 11 than all the Americans who were killed by 9/11 or in Afghanistan and Iraq.
half-true,Obama has racked up more debt than any president in history over $5 trillion.
true,Wisconsin is one of several states where you can change your early ballot if you think youve made a mistake.
false,"Taxpayer-funded benefits to illegals in California are ""a skyrocketing cost under Obamacare."""
mostly-true,Says under the Romney-Ryan budget ... the American Opportunity Tax Credit for college tuition would be eliminated.
pants-fire,PolitiFact Oregon gave Rob Cornilles a Pants on Fire for a claim about taxes and fees.
barely-true,The U.S. Constitution owes its notion of democracy to the Iroquois Tribes.
false,"We had a massive landslide victory, as you know, in the Electoral College."
true,"Here in Virginia, we have the opportunity to become the first state on the East Coast to explore for and produce oil and natural gas offshore."
barely-true,"It was Hillary Clinton who left Americans in harms way in Benghazi and after four Americans fell said, What difference at this point does it make?"
pants-fire,"President Barack Obama is the first president to keep a dog-trainer on retainer for $102,000 a year at taxpayer expense."
false,"In 1916, the U.S. government predicted that by the 1940s all paper would come from hemp and that no more trees would need to be cut down."
true,"There is no war on coal. Period. There are more coal jobs and more coal produced in Ohio than there were five years ago, in spite of the talking points and the yard signs."
barely-true,David Simpson actually voted for drivers licenses for illegal immigrants.
barely-true,"Three years after getting the $100 million (from Mark Zuckerberg), less than two-thirds of students in Cory Bookers Newark graduate."
barely-true,I didn't say it doesn't really matter whether Gore or Bush is president.
true,"Says Apple CEO Steve Jobs told President Obama that the company moved factories to China because it needed 30,000 engineers."
half-true,"In Rhode Island, Nearly 9 percent of covered employees go out on short term disability every year, with an average outage from work of almost 12 weeks each."
mostly-true,Republican House candidateMarilinda Garcia even opposes closing the loophole that allows dangerous criminals to get a gun without a background check.
true,"Every family health insurance policy has ""a $900 hidden tax"" to subsidize health care costs of the uninsured."
false,We dont need a separate (prescription drug) database ... Pharmacies already have a database in place.
pants-fire,"Says Sen. Robert Cowles, her recall opponent, supported the sale of state-owned power plants not to the highest bidder, but to the biggest donors with no oversight."
barely-true,Wisconsin was embroiled in a constitutional crisis brought on by the Democratic senators fleeing the state for Illinois to block Gov. Scott Walkers budget-repair bill.
true,North Carolina has one of the fastest growing populations as well as the fastest growing economy in the country.
false,"When I came into office, our vaccination rate in Texas was 65 percent. When I left two weeks ago, it was 95 percent."
barely-true,"If women seeking an abortion see their ultrasound, the odds are pretty high theyre going to keep the baby."
false,Milwaukee County has a parks capital budget thats bigger than its been in the last 10 years.
half-true,"As we watch the news from Colorado with horror and sympathy for the families, we should remember that each day more than 80 Americans are killed by gunfire, unnecessary tragedies."
mostly-true,Ohio currently ranks 50th out of all states in income growth.
mostly-true,A majority of the candidates on this stage have supported amnesty ... I have never supported amnesty.
barely-true,"After Sandy Hook, Ted Cruz stopped Obamas push for new gun control laws."
pants-fire,Far more children died last year drowning in their bathtubs than were killed accidentally by guns.
mostly-true,Almost every country on Earth sees America as stronger and more respected today than they did eight years ago when I took office.
false,"When Disney was looking to build Disney World, they came to Miami and we told Disney to take a hike."
mostly-true,California has robust job growth that outpaces the rest of the nation.
false,Cap-and-trade is wildly unpopular with Americans.
pants-fire,"Look, we are at war with these people and they dont wear uniforms. This is a war against people that are vicious, violent people, that we have no idea who they are, where they come from. We are allowing tens of thousands of them into our country now."
pants-fire,"My opponent in November of 2008 sent a missive to the White House, to President Obama-elect, and said, Heres how you need to sell cap-and-trade to the American people."
half-true,"In Texas, weve had three ISIS-related incidents already."
false,On timing of announcement for president.
barely-true,"Maggie Hassan raised tuition, making it the highest in America."
false,"Dem-controlled Ohio House voted to change the process, to create objective criteria, to modify the Constitution ... to take politics out of the efforts to draw legislative boundaries."
mostly-true,Says Bernie Sanders advocated putting Iranian troops into Syria to try and resolve the conflict there. Putting them right on the doorstep of Israel.
false,The New York Times had to retract its story that Hillary Clintons email handling had broken certain laws.
false,"Just on the issue of immigration alone, it is next to impossible to find a policy difference between (Donald) Trump and Congressman (Joe) Heck."
half-true,"But it was Hillary Clinton, in an interview with Tom Brokaw, who quote 'paid tribute' to Ronald Reagan's economic and foreign policy."
barely-true,"A little-known unit of the Department of Justice, the Community Relations Service, was deployed to Sanford, FL, following the Trayvon Martin shooting to help organize and manage rallies and protests against George Zimmerman."
mostly-true,Says the foreman of the jury that convicted him was a Greenpeace activist.
pants-fire,An Obama campaign tactic for rallying voters is to offer them cell phones.
false,Not a single unarmed white person has been shot by the police in New York in about 45 years.
pants-fire,"McDonalds hamburgers are only 15 percent real beef. The other 85 percent is meat filler cleansed with ammonia, which causes stomach and intestinal cancer."
mostly-true,Rep. Peter Petrarca voted on two pieces of legislation that helped auto body shops ... and at that point I think there is a conflict of interest.
pants-fire,Dan Gelber: On the record against scholarships to help our needy children attend Jewish private schools.
half-true,I have the experience as Senate Budget Chair of cutting $4.5 billion in spending -- to close the deficit while protecting education and health care.
false,On counting state budget shortfalls
barely-true,"Says 160,000 kids stay home every day because they are afraid to go to school because of bullying."
true,The Florida Legislature raised taxes and fees by almost $2 billion in the 2009 session.
pants-fire,"Congressional lawmakers earn their salaries FOR LIFE, which for House Minority Leader Nancy Pelosi would add up to $803,700 Dollars a year for LIFE including FREE medical."
false,Wisconsin Gov. Scott Walkers estimate of a $3.6 billion state budget deficit is manufactured and a bogus figure.
mostly-true,"Were fifth in the world (in executions), behind China, Iran, Iraq and Saudi Arabia."
false,The White House branded the memorial service for the Tucson shootings with a Together We Thrive logo and slogan.
true,On support for gay marriage.
true,"The truth is David Cicilline voted for tougher laws against child abusers, domestic abusers and abusers of the elderly."
half-true,"Says Charlie Crist stood there, over 3 African-American prisoners inchains, on their knees, on the side of the road. Saying that it was a great sight. Saying we needed to bring it to Florida.And you did this whether you know or not on the eve of Juneteenth, the day the African-American community celebrates the end of slavery."
half-true,Georgias illegal-immigration legislation simply follows existing federal law.
false,Says Connie Mack failed to pay his child support.
pants-fire,I was banned from talking about Bill Ayers during the 2008 presidential campaign.
mostly-true,Shaheen votes with Obama 99 percent of the time.
barely-true,Currently we have some 40-45% of Americans who are not paying any taxes.
pants-fire,Theres no negative advertising in my campaign at all.
barely-true,Says the unemployment rate for African-American youths is 59 percent.
mostly-true,The turnout on May 14th was just 7 percent -- the lowest turnout in decades.
pants-fire,Abortion is the second-most conducted surgical procedure in this country.
false,Says Houston National Cemetery is preventing Christian prayers from being said at military funerals.
barely-true,"Says as a result of the national health care reform, the Congressional Budget Office says we save $250 million over the first 10 years. Over the next 10 years, we save $1.2 trillion in savings in terms of health care."
barely-true,"Says Hillary Clinton has been saying lately that she thinks that I am, not qualifiedto be president."
barely-true,"Historically, the Social Security tax has been assessed on about 90% of U.S. income. Now it captures 83% because theres been such a growth of income among the highest earners."
mostly-true,The United States invented the community college. Nobody else had ever done anything like it.
true,"During three and a half years of campaigning, Lamar Smith has never once appeared at a moderated debate to defend his positions on the issues."
true,Probably less than 4 percent of Wisconsin residents are enjoying the subsidies from Obamacare.
half-true,"Says U.S. Sen. Ron Johnson, R-Wisconsin, was elected in a very low turnout race."
half-true,Hollywood is #1 in Broward homicides in 2013. Thanks Chief Fernandez!
half-true,"The United States accounted for 26 percent of worldwide military spending during the Cold War, but now accounts for 41 percent."
barely-true,"Here, we have Thanksgiving, we have Christmas, we have the 4th of July. Every year in Iran, they celebrate Death to America day."
true,The health insurance plan that (members of Congress) have is no different than any other federal employees in the United States government.
half-true,Weve introduced a bill that includes $12 billion in cuts over the next week.
barely-true,GOP candidate for governor Nathan Deal is a former Clinton Democrat.
mostly-true,The Trans-Texas Corridor is dead.
false,"State House incumbent Jill Chambers, R-Atlanta, personally profits from taxpayer money."
half-true,The new Ukrainian government introduced a law abolishing the use of languages other than Ukrainian in official circumstances.
pants-fire,Transporting drugs is the price of admission for people crossing the border illegally.
half-true,Its typical for a presidential candidate to release 10 or 11 years of tax returns.
false,"[If] you apply for a job, the chances are 1 in 7 that you are going to be denied that job unfairly if everybody is forced to use E-Verify."
true,There are more pain clinics in Broward County than there are McDonalds in Broward County.
false,On support for gay marriage.
pants-fire,"If I have affordable coverage in my workplace, Im not eligible to go into the marketplace. ... Its illegal."
mostly-true,Says Obama replaced the American flag on the tail of his plane with his campaign logo.
mostly-true,"As part of legislative fights over abortion rights,Mike Coffman co-sponsored a bill to redefine rape."
barely-true,Very little of (the defense) budget less than 10 percent actually goes into fighting ISIS and international terrorism.
barely-true,Florida's new fingerprint identification system is improving our rate of solving cold cases by 300 percent.
false,"Under Barack Obama, the fewest number of adults are working since Jimmy Carters presidency."
false,"Under a public health care option, 120 million Americans will lose what they now get from private companies and be forced onto the government-run rolls as businesses decide it is more cost-effective for them to drop coverage."
half-true,Says Donald Trump says he has foreign policy experience because he ran the Miss Universe pageant in Russia.
true,"Since 2008, we have cut 5,000 positions from Virginia public schools."
true,Says opponent Ted Cruz has not led businesses.
mostly-true,President Obama has the worst ratings of any president at the end of his first year.
mostly-true,"In Richmond, Va., theres more moving vans coming in than going out."
barely-true,"Says Did you know that the #KeystoneXL project is expected to create 20,000 American jobs, including more than 800 in Oregon?"
mostly-true,Says he earned the highest possible credit ratings as state treasurer.
true,Jim Renacci tried to avoid paying taxes on nearly $14 million that he made.
half-true,"Texas ranks: #1 in worker deaths, #1 carbon emissions, #50 in high school graduates, #50 in funding for mental health patients."
mostly-true,"The so-called doc fix in the fiscal cliff deal will cut payments for treating illnesses disproportionately impacting minorities, including end stage renal disease and diabetes."
barely-true,"Romneycare is a top-down, government-run health care system."
mostly-true,We spend more on our military than the next eight nations combined.
true,"We have 80,000 abortions in Texas every year."
true,Uncompensated care has gone down by 30 percent just in the first few months of Medicaid expansion in the states that adopted it.
false,"New financial regulation ""actually guarantees future bailouts of Wall Street banks."""
mostly-true,Says Alex Sink supported more taxes on water and TV.
false,"The 9/11 terroristsfriends, family, girlfriends in the United Stateswere sent back for the most part to Saudi Arabia. They knew what was going on. They went home, and they wanted to watch their boyfriends on television."
pants-fire,"In Providence, R.I., its illegal to sell toothpaste and a toothbrush to the same customer on a Sunday."
half-true,"There are 60,000 fewer jobs today in this state than we had in 2008."
barely-true,Says State Comptroller Matthew Boxer pointed out that many towns are artificially lowering the real estate values that they report to Trenton in order to get hundreds of millions of dollars of additional school aid. This is the kind of fraud that needs to be addressed immediately.
barely-true,Eric Cantor voted to fully fund Obamacare in October.
barely-true,Says Barack Obama put in place a board that can tell people ultimately what treatments theyre going to receive.
false,Says Russ Feingold voted to give Social Security benefits to illegal immigrants
barely-true,Says President Obama promised hed keep unemployment below 8 percent if the stimulus passed.
true,Iraq is costing each household about $100 a month.
half-true,"Sewer backups into basements caused the vast majority of the damage to homes and buildings in Milwaukees July floods, but federal flood insurance doesnt cover them."
mostly-true,Venezuela is a country whose defense budget is probably 1/600th of the United States.
barely-true,"The people who were running the budget, in the Corzine years, decided to steal from the unemployment trust fund. As did other Governors before. We simply dont do that, havent done it, and wont permit it."
pants-fire,Says Ohio Treasurer Josh Mandel supports allowing the United States to default on its obligations.
false,"Governing magazine has estimated that in the states that dont expand Medicaid, a minimum, they said of 40 percent of rural hospitals will close in those states..."
barely-true,Says President Barack Obama already passed all these Obamacare taxes. About a dozen of them hit middle-income taxpayers.
mostly-true,Says he predicts the weather better than Punxsutawney Phil.
mostly-true,"If Obama's economic plan creates 600,000 new government jobs, ""that's about the size of the post office work force."""
true,There are 3 million jobs that go vacant each month in this country.
mostly-true,Half of illegal immigrants come on legal visas and then overstay.
barely-true,Says $6 billion projected to accumulate in the states rainy day fund is already used.
mostly-true,71% of WIs roads are in poor or mediocre condition and 14% of WIs bridges are structurally deficient or functionally obsolete.
barely-true,"Says economists Harvey Rosen and Martin Feldstein have said that paying for (Mitt) Romneys tax cuts would require large tax increases on families making between $100,000 and $200,000."
true,On oil drilling
barely-true,Discretionary spending went up 84 percent in the last two years
mostly-true,"The U.S. initially had three federal felonies: treason, piracy, and counterfeiting securities and money."
false,Anybody who is familiar with the historical data from the IRS knows that raising income tax rates will likely actually reduce federal revenues.
half-true,China is going to have twice the number of submarines we have in just over a decade.
mostly-true,A gallon (of gasoline) delivered to the front lines for our troops in Afghanistan cost more than $400.
half-true,"As mayor, every year I was in office I did reduce taxes."
half-true,"The Obama administration is ""cutting back on defense"""
mostly-true,I delivered to you a budget that ... cuts taxes by $2 billion.
mostly-true,Says 85 percent of IDEA charter-school students come from low-income families and about 99 percent of its graduates go to college.
half-true,The proposed Gogebic mine in northern Wisconsin could be extended as long as 21 miles.
false,The $5 billion website for Obamacare never worked. Still doesnt work.
mostly-true,"The U.S. Department of Defense spends $80 million a year on prostate cancer research, $25 million a year on ovarian cancer research and $150 million a year on breast cancer research."
true,"In 2008, 33.2 percent of those who voted early on the last Sunday before Election Day were African-American, while 23.6 percent were Hispanic."
mostly-true,"These 60 acres (the Atlanta Braves want to build a stadium on) have produced zero SPLOST money for parks and recreation, have produced zero money for education."
mostly-true,"Alabamas Crimson Tide will be the underdog in Saturdays game against the Georgia Bulldogs, the first time in 72 consecutive games that Alabama has not been favored by oddsmakers to win."
true,"In 1950, the average American lived for 68 years and 16 workers supported one retiree. Today, the average life expectancy is 78 and three workers support one retiree."
barely-true,We are imprisoning or giving jail sentences to young people who are smoking marijuana.
half-true,Says Ken Cuccinelli tried to make it more difficult for mothers to obtain divorces.
barely-true,U.S. military involvement in Libya allowed thousands of surface-to-air missiles to fall into the hands of radical Islamists.
true,More Texans have new jobs today than the entire population of Fort Worth.
true,"An audit shows there are 6.5 million people who have active Social Security numbers who are 112 years of age or older,"
half-true,More (student-athletes) graduate than the students who arent student-athletes.
pants-fire,Says Michelle Obama waved red communist flags on her trip to China.
false,"Before Congress, (Tom) Cotton got paid handsomely working for insurance companies and corporate interests."
pants-fire,Says the headlines tell the story of how Walker has mismanaged Milwaukee County
half-true,"Says Catherine Cortez Masto failed Nevada rape victims. While attorney general, thousands of rape kits were never sent for DNA analysis."
true,"Says the Pentagon has never passed a financial audit. In fact, the Pentagon is exempt from a federal law that requires all federal agencies to complete annual audits."
mostly-true,Says Mitt Romney was director of a company that stole millions from Medicare.
half-true,"The Baucus health care bill ""would drastically restrict the use of flexible spending accounts (FSAs) in order to help pay for health care reform."""
mostly-true,"Under former President George W. Bushs administration while the population in that period grew by 10 percent, the number of jobs in the nation grew by 1 percent."
half-true,Says U.S. Sen. Bill Nelson voted with the Democrats in Congress nearly 95 percent of the time.
barely-true,Obama has (a) new Christmas tree tax.
true,Sen. Obama's chair in New Hampshire is a lobbyist. He lobbies for the drug companies.
false,"By 2015, we will be sending so much interest to China that we will be paying for the entire Peoples Liberation Army."
false,A precinct in the Allen West-Patrick Murphy recount has 7 registered voters in Guatemalan community and the tally showed 900 voted!!!!!
false,"When we took office, let me remind you, there was virtually no international pressure on Iran."
true,Says Charlie Crist rode on a jet that belongs to a serial polluter with a history of environmental violations fined nearly $2 million for polluting water.
barely-true,Rob Cornilles has disputed for two years a news story that said he said he would cut Social Security and Medicare programs before trimming the U.S. defense budget.
true,Senators who have accepted millions in campaign contributions from the financial industry voted against allowing bankruptcy judges to modify home mortgages.
true,House Republicans who complained they didnt have enough time to consider a constitutional ban against oil drilling shoved through a proposal in just a few days to open state waters to oil drilling.
mostly-true,Says Mitt Romneys plan rolls back regulations on banks.
true,"Says McCain once said that on ""the most important issues of our day, I've been totally in agreement and support of President Bush."""
half-true,"Barack Obama supported keeping troops in Iraq, but now he wants a ""precipitous withdrawal"" regardless of ""conditions on the ground"" or ""consequences of a defeat for the United States,"" an RNC radio ad."
mostly-true,"One out of every four students fails to earn a high school diploma. In our major cities across America, half of our kids dont graduate."
mostly-true,"There isnt a single (Texas) legislator under the age of 30, even though millennials make up 25 percent of the electorate in Texas."
mostly-true,"In New Jersey, Gov. Christie vetoed legislation to extend early voting."
true,"In just a few decades, Social Security, Medicare and Medicaid, other mandatory spending programs, and paying interest due on the debt will eclipse our entire budget."
barely-true,"A data system that goes along with Common Core is designed to collect up to 400 data points on each child, which can include personally identifiable data."
mostly-true,Says 93 percent of blacks in America are killed by other blacks.
pants-fire,"Says there were multiple instances of voter fraud in Wood County, Ohio."
true,Says the unemployment rate for college graduates is 4.4 percent and over 10 percent for noncollege-educated.
false,Marco Rubio thinks that government shouldn't be in the health care business at all.
barely-true,Agriculture has always required a significant workforce from abroad.
half-true,Solar and wind energy are both cheaper than nuclear right now.
mostly-true,"John McCain ""took on the drug industry."""
true,Right now we are at 90 percent health insurance covered. Thats the highest weve ever been in our country.
barely-true,Gas will reach $4 a gallon under a cap-and-trade plan.
barely-true,Michelle Nunn ranks agriculture issues as the 18th most important items facing Georgia.
barely-true,Prop 56 cheats schools out of at least $600 million.
half-true,"There was a report that came out from the FBI a warning, not a report ... saying that, in fact, al-Qaida was planning to attack malls during the Christmas holidays."
true,Failure to raise the debt limit does not force a U.S. default on debt payments.
barely-true,Says he voted no on the Wall Street bailouts.
barely-true,The only two (Donald Trump tax returns) we have show that he hasnt paid a penny in taxes.
mostly-true,Says Milwaukee County Sheriff David Clarke has deputies collecting overtime while sitting passively in chairs watching courthouse security personnel work.
barely-true,"Says under Mitt Romney, Medicare could end as we know it, leaving Julia with nothing but a voucher to buy insurance, which means $6,350 extra per year for a similar plan."
half-true,"If we increase fuel efficiency standards to 40, 45 miles a gallon, we would have to import zero oil from the Middle East."
false,The Electric Reliability Council of Texas (ERCOT) has estimated that the Obama administrations Power Plan will cause energy costs in Texas to rise as much as 16 percent per year.
half-true,The unemployment rate among (the) non-college-educated is well into the double digits in America. Its 4 percent or 5 percent for people who have college degrees.
half-true,Georgias HOPE scholarship is still the richest scholarship program in America.
true,"Two million new jobs have been created, in California since 2011."
half-true,"There is no incontrovertible proof that speed, in and of itself, is the contributing factor to increasing (vehicular) fatalities."
pants-fire,Nancy Pelosi wants a Windfall Tax on Retirement Income.
mostly-true,"Among Hispanics, support for immigration reform is close to universal."
half-true,"It is wrong for the average federal worker today to make more than $100,000 while the average private-sector worker makes less than $70,000."
barely-true,"Through competition as governor, I got agreements to build a nearly $40-billion natural gas pipeline."
mostly-true,We were able to provide $428 million worth of property tax relief.
half-true,The decision to remove Chick-fil-A from Emory University was based solely on student feedback.
half-true,Texas had the highest level of turnout than ever before in the primary.
barely-true,Women make only 78 percent of what men make for the same job.
false,"Says Nikita Khrushchev brought an extra shoe to a United Nations session in 1960, which he banged on the desk in protest."
half-true,"Says President Barack Obama has amended, delayed, or repealed 19 components of his very own (health care) law."
mostly-true,An illegal immigrant who gains admission at a public college takes class space away from students who are legal residents.
true,Health care is the greatest contribution to spending increases in the state budget.
mostly-true,"Why are Muslim armies so useless against ISIS? ... There are 20,000 or 30,000 (ISIS fighters). The countries surrounding ISIS have armies totaling 5 million people."
mostly-true,Police in the United States are allowed to use tear gas even though it has been classified as a chemical weapon and banned in international conflict since 1993.
false,For every single scientist that tells you (global warming is) happening and that its our fault...I can stack up another group of reports that say just the opposite.
mostly-true,John McCain said...in December he was surprised there was a subprime mortgage problem.
false,The Navy is bringing charges against a Navy officer who shot at the Chattanooga shooter for illegally discharging a firearm on federal property.
mostly-true,Says state Supreme Court candidate Joe Donald twice supported incumbent Justice Rebecca Bradley.
false,When youre white ... you dont know what its like to be poor.
half-true,Not one tax has been raised since Ive been governor.
half-true,Florida still averages more students in its classrooms than any other state in the Southeast.
barely-true,"Every 1 percent increase in the cost of health insurance today causes about 30,000 Georgians to be uninsured."
mostly-true,Romney would turn Medicare into a voucher program.
half-true,I cut state spending more than anybody (in the 2016 GOP field).
half-true,"When Marcy Kaptur brought home $42 million for new manufacturing jobs, Dennis Kucinich voted no."
true,Says that Wall Street hedge fund managers pay a lower tax rate than does a sheet metal worker in Parma or a school teacher in Cleveland.
half-true,"According to the most recent jobs report, weve got more Americans leaving the workforce than we have finding jobs."
false,"The most realistic estimates for jobs created by Keystone XL are maybe 2,000 jobs during the construction of the pipeline."
true,Ninety-seven percent of Americans do not receive subsidies for health care under the Affordable Care Act.
true,The State of Texas is funding womens health services at historically high levels; they just increased their level another $50 million for the next two years.
true,"Under this tax cut, middle-class families dont save enough for a weeks worth of groceries, while millionaires save enough to go on an exotic vacation."
mostly-true,"Household incomes are down more than $4,000 since the year 2000."
true,Fidel (Castro) has made his preferences known in the campaign and had some very unkind things to say about me.
half-true,Georgia is nearly 50 percent Democratic and (the Republican majority) diminished our voting strength to 32 percent through gerrymandered maps.
false,Says President Barack Obama broke his promise to keep a Wisconsin GM plant from closing.
mostly-true,"In Ferguson, Mo.,youve got threeblack officers and 50 white officers with a town that is 67 percent African-American."
half-true,400 bills have my name on them either as a sponsor or a co-sponsor. You dont get that done unless you work with folks on the other side.
mostly-true,Says Georgia will send more state money per child to state charter schools and that budget cuts are not applied to those charter schools.
mostly-true,Immigrants start businesses at a faster rate; they seem to grow those businesses more successfully.
mostly-true,"Last year, Korea sold nearly half a million cars in our country. ... The United States, you know how much we sell to them? Six thousand. What kind of deal is that?"
barely-true,"When ICE releases illegal immigrants, a lot of those people are not from Honduras and Mexico. Theyre from Iraq and Somalia and Russia."
half-true,Said state insurance commissioner candidate Ralph Hudgens fights hard to strip women of life-saving coverage such as mammograms.
mostly-true,Salaries of Austin residents who dont work for city government have not been going up 3 percent a year for the last several years.
half-true,I dont own a single stock or bond I have no savings accounts.
half-true,On opposing citizenship for illegal immigrants
false,Existing law right now requires 700 miles of double-layered border fencing on the Mexico border.
mostly-true,"For every one mile of light-rail track that will be built, 16 miles of new road capacity will be built."
half-true,"Cass Sunstein, President Obama's nominee for regulatory czar, ""wants to give legal standing to animals so they can sue you for eating meat."""
true,$16 trillion (the national debt) in $1 bills would cover the entire state of Ohio nearly 1.5 times.
mostly-true,"The fact of the matter is that my colleague from New York, Senator Clinton, there are 50 percent of the American public that say they're not going to vote for her."
mostly-true,"According to the U.S. Census Bureau, 71.2 percent of Hispanic registered voters in Texas and over 86 percent of African American registered voters participated in the 2012 elections."
barely-true,"In states where beer is unregulated, the per capita production is significantly higher."
false,President Obama has spent over $2 million in legal fees defending lawsuits about his birth certificate.
false,"Its not true that since hes been the president, executions in Iran have increased by four times."
half-true,The U.S. House rule barring members from wearing hats while in session dates back to the 1800s and can be waived by the speaker.
pants-fire,"Seniors will have to find $12,500 for health care because Republicans voted to end Medicare."
mostly-true,Millions of dollars are spent by Planned Parenthood to elect Democrats to the House of Representatives and the Senate.
false,"Gas prices have doubled because Obama opposed exploring for energy in Alaska. He gave millions of tax dollars to Solyndra, which then went bankrupt. And he blocked the Keystone pipeline. So we will all pay more at the pump."
barely-true,Betty Sutton gutted Medicare by $500 billion with her vote for the presidents health care bill.
mostly-true,"If youre a terrorist you cant fly, but an assault weapon you can buy."
pants-fire,Says Bernie Sanders is going to tax you people at 90 percent.
half-true,A construction worker whos making $50 or $60 grand a year shouldnt be paying higher tax rates than the guy whos making $50 million a year. And thats how its working right now.
true,Says he was the only Republican to vote against creating a House panel to investigate Planned Parenthood.
true,Says the Senate will have a record number of female senators in 2013.
mostly-true,"We had a three-hour debate, no discussion about the national debt, very little about the economy."
mostly-true,"[W]e see Americas prison population exploding, with America having a greater percentage of its people behind bars than any other nation in the world!"
mostly-true,Says Chris Christie vetoed Planned Parenthood funding five times over the course of his governorship.
mostly-true,Says Texas does not regulate the appearance of some kinds of imitation firearms sold in Texas.
mostly-true,"Sue Lowden gave Harry Reid's campaigns a thousand dollars in five different elections, helping his Senate dreams come true."
half-true,"When we go to vote, they ask for drivers license and verify that you are a voter and a citizen in the state of Texas."
false,The crime decline in the United States would be fairly small if it wasn't for the crime decline in New York City.
mostly-true,TheHousebudget plan proposes the largest discretionary spending cut in history.
half-true,"Under Rick Scott, there has been a historic $20 billion in funds for education."
half-true,"In the Wisconsin health insurance exchange, the Society of Actuaries points out that therell be, according to them, an 82 percent increase in individual premiums over the next couple years under Obamacare."
half-true,I created the school choice program.
true,I did not vote to spend money to fight that (Amendment 6 redistricting) lawsuit.
true,The LGBT community is more often the victims of hate crimes than any other recognized group.
pants-fire,"(Barack Obama) says hes going to reduce the long-term debt and deficit by $4 trillion, doesnt say how hes going to do it."
half-true,There is not a single documented case of abuse of the bulk metadata collectionprogram.
false,"Lots of studies seem to indicate that minors find it very easy to get marijuana, easier than to get alcohol."
barely-true,The president promised that if he spent money on a stimulus program that unemployment would go to 5.7 percent or 6 percent. Those were his words.
mostly-true,Says businesses pay roughly 60 percent of taxes in Texas.
half-true,On whether the government should bail out insurance giant AIG.
mostly-true,States have cumulatively cut over $1.8 billion from their mental health services between 2009 and 2011. This is the largest reduction in state mental health services in half a century.
mostly-true,"New Mexico moved ""up to"" sixth in the nation in job growth."
true,"We reduced the government workforce by 13,000, 11 percent, during my eight years."
barely-true,The State Department asked all secretaries of state to send their emails over. Hillary Clintonsthe only one whos done it.
half-true,"When it comes to aid, ""the United States is still about half as what European countries give as a percentage."""
half-true,"Says Allen West helped thwart a terrorist plot by shooting a gun in the direction of an Iraqi detainee, then reported the incident to his superior and said it was wrong."
mostly-true,"Two months ago, Donald Trump said that ISIS was not our fight."
mostly-true,Close to half of the folks in this country illegally entered legally (but) overstayed (their ) visas.
pants-fire,A hidden provision in Obamacare taxes sporting goods as medical devices.
pants-fire,"Under Scott Walker, Wisconsin unemployments up from 4.8% to 6.2%"
false,Says Patrick Murphy wrongly conveyed Rubios stance on abortion for women infected by Zika.
pants-fire,Protesters caused $7.5 million in damage to the Wisconsin State House
half-true,Prices are going up. Unemployment is continuing to go up.
false,We must deal with the here and now and assure affordable fuel for America by increasing domestic production.
half-true,The biggest job of the surgeon general is to translate health care and health care needs into plain English.
true,Georgia lawmakers fuel up for the session by feasting on wild hogs.
false,"Under changes being debated, state employees in Wisconsin who earn $30,000, $40,000, $50,000 a year might have 20 percent of their income just disappear overnight."
false,"Gas prices have never been higher, and Exxon Mobil's profits have never been higher."
true,The federal tax code has loopholes that are giving incentives for companies that are shipping jobs overseas.
true,"Says she has bipartisan support, including 53 sheriffs throughout the state, Democrats and Republicans."
barely-true,"Barack Obama promises higher taxes on ""the sale of your home."""
half-true,"Site selectors who decide where businesses expand or relocate shun closed shop states like Wisconsin in favor of Right to Work states like Iowa, Indiana and Michigan."
true,Theres not one Democrat who endorses the Romney-Ryan Medicare plan.
half-true,"If you look at our tax mix, the share of corporate revenues as a percentage of our overall revenue mix has declined by about half over the last 30 years."
pants-fire,"Scientists tell us that we could have a cure in 10 years for Alzheimers were it not for overzealous regulators, excessive taxation and greedy litigators."
false,I was pretty proud of being the only guy on the stage that ever had a job in the private sector.
half-true,The rate of uninsured Americans (is) 8.8 percent.
half-true,"Every time we put a ballot issue on, it costs a million dollars."
barely-true,Ken Mercer wants Sean Hannity and James Dobson included in social studies texts.
barely-true,Democrats are cutting our school funding. Four times in the last 10 years before we came into office.
barely-true,The money the Clinton Foundation took from from foreign governments while Hillary Clinton was secretary of state is clearly illegal. The Constitution says you cant take this stuff.
true,"The Israelisgave up 1,000 terrorists in return for one sergeant."
half-true,John McCain fought to rein in Fannie and Freddie...but Democrats blocked the reforms.
true,"We have 17 intelligence agencies, civilian and military, who have all concluded that these espionage attacks, these cyberattacks, come from the highest levels of the Kremlin, and they are designed to influence our election."
mostly-true,Up to 45 percent of illegal immigrants are not people that physically crossed the southern border or northern border. They are visa overstayers.
half-true,The Secure Communities Program and 287(g) immigration programs were programs that worked but were recklessly gutted by the Obama administration.
pants-fire,"If President Obama signs the Copenhagen climate change treaty, he ""will sign your freedom, your democracy, and your prosperity away forever and neither you nor any subsequent government you may elect would have any power whatsoever to take it back again."""
barely-true,"About two-thirds of Medicaid beneficiaries are children, but they account for one-third of the programs cost, while one-third are elderly, and they account for two-thirds of the cost."
half-true,Says Bernie Sanders was against the auto bailout and voted against the money that ended up saving the auto industry.
barely-true,Oregons Umpqua Community College where the shooting occurred was a gun-free zone.
false,"On average, each U.S. military working dog saves the lives of between 150 and 200 servicemen and women over the span of his career."
half-true,"We have cut crime across every single zone in the city of Atlanta by between 10 percent and 16 percent, depending on the zone."
false,SaysMichael Bennet wants to close Guantanamo Bay prisonand bring terrorists right here to Colorado.
false,Every Republican Senate candidate has now announced whether or not they support the Senate taking up the Supreme Court vacancyexcept for Congressman Heck.
false,Obama raises taxes on seniors (and) hard-working families to give welfare to those who pay none.
mostly-true,"The gender gap in his support is not unique to me and theres not a huge gap from where Republicans have been in presidential, gubernatorial and US Senate elections in recent years."
true,"You know we can't just pull out now... The truth of the matter is: If we started today, it would take one year, one year to get 160,000 troops physically out of Iraq, logistically."
mostly-true,Says theres no proven instance where hydraulic fracking has polluted groundwater.
false,"Says CNNs Wolf Blitzer was wrong to say that the wealthiest Americans, they pay the most in taxes already -- 50 percent of Americans dont even pay any federal income tax."
true,"Federal officials declared that grant funds could be used only for Milwaukees streetcar project, meaning it isnt possible to redirect the money to other modes of public transportation or to our public schools."
true,Says Texas ranks first in executions among the states.
mostly-true,"Doctors, nurses, hospitals, even the pharmaceutical industry, (and) AARP say that health reform makes sense to do."
half-true,The Public Employee Retirement System is making more millionaires than the Oregon state lottery.
mostly-true,Says Hillary Clinton plans to massively increase admissions (of Middle East refugees) including a 500 percent increase in Syrian refugees coming into our country.
mostly-true,Newt Gingrichs immigration plan offers a new doorway to amnesty.
half-true,President Barack Obama deserves to be called the most successful food stamp president in American history because 47 million Americans are on food stamps.
false,"If you log into the governments Cash for Clunkers Web site (cars.gov) from your home computer, the government can seize all of your personal and private information, and track your computer activity."
half-true,More than 80 percent of sex trafficking victims in America are U.S. citizens.
false,There is no system to vet refugees from the Middle East.
false,"The five states that outlaw collective bargaining for teachers all rank below 44th in the nation in test scores, while Wisconsin ranks 2nd."
mostly-true,African-Americans dont use drugs at a higher level than whites but wind up going to prison six times more.
half-true,You cant raise taxes in Ohio. We are one of the highest taxed states in the country.
true,"(Bill) McCollum also voted for numerous amendments to weaken the legislation, even voting to make trains less accessible to those in wheelchairs."
mostly-true,The cost of the food stamp program is at an all-time high.
true,"Each year, 18,000 people die in America because they don't have health care."
mostly-true,"By some estimates, as few as 2 percent of the 50,000 (Central American) children who have crossed the border illegally this year have been sent home."
true,"I am very proud, as governor of Florida, that we signed the first divestment act, as it relates to Iran, divesting any investments in companies that would invest in Iran."
true,An effort to repeal voting-reform legislation would be the first time in Ohio history where a bill has been passed to stop a referendum.
half-true,Secretary of State A. Ralph Mollis wrongly takes credit for small-business program
pants-fire,Says the U.S. election system is rigged.
barely-true,The Florida Supreme Court has no express authority in the Florida Constitution to remove questions from the ballot proposed by the Legislature.
barely-true,Social Security doesnt contribute a penny to the deficit.
false,Oregon is the only state out of the 50 states in the USA that continues to pay 100% of the medical benefits for its employees and their families.
mostly-true,"Says Jon Corzine gave away 14 percent raises over 4 years and he stood on the front steps of the Capitol at a public-sector union rally and said, I will fight to get you a great contract."
barely-true,"Says Bill Nelson sold agricultural land for home development, pocketing at least $1.4 million."
half-true,Obama used to be a lawyer for ACORN.
pants-fire,The Cleveland police has issued a stand down order to officers.
half-true,"Says Thomas Jefferson said, You might be able to fool the people for awhile, and they may go astray, but sooner or later the American people are going to wake up and they will correct the course."
half-true,"Says that since 1975, redistricting by Texas lawmakers has always been found in violation of Section 5 of the Voting Rights Act."
false,"Charlie Crist ""worked with Acorn"" to give felons voting rights."
half-true,The policy of the Bush administration was also not to add new nuclear capabilities.
pants-fire,Says he has yet to get a response from Barack Obama to his August 2010 letter making border security requests.
true,Obama voted to support President Bush between 40 and 50 percent of the time over the past two years.
half-true,Harvard Study Finds States With Most Gun Laws Have Fewest Gun Deaths.
mostly-true,"Says Missouri families earning power is about $5,000 less today than it was at the turn of the century."
pants-fire,"Says that in a hearing, Rep. Gabrielle Giffords suggested to Gen. David Petraeus that the Army put more emphasis on less environmentally damaging methods, like stabbing or clubbing enemy forces in order to minimize the carbon output."
barely-true,Were practically not allowed to use coal any more. What do we do with our coal? We ship it to China and they spew it in the air.
half-true,The Milwaukee County sheriffs department plays only a limited role as a traditional law enforcement agency and in 2009 reported far fewer crimes to the FBI than the University of Wisconsin-Milwaukee police did.
mostly-true,"15 years ago, cancer drugs cost an average of $10,000 a year. Now its $10,000 a month."
true,"Of the 13 (Bill) Clinton speeches that fetched $500,000 or more, only two occurred during the years his wife was not secretary of state."
pants-fire,This is the true picture of Milwaukees Renaissance after 12 years of Mayor Tom Barretts leadership.
half-true,"The United States is about to have the smallest Army since before WWII, the smallest Navy since WWI and the smallest Air Force ever."
true,"If we got solar energy from an area of the Southwestern desert 100 miles on a side, that would be enough, in and of itself, to provide 100 percent of all the electricity needs for the United States of America in a full year."
half-true,"Of the more than 1.3 million temporary mortgage modifications, over half have defaulted."
mostly-true,As many as six federal department budget bills have been delayed because of opposition to amendments that would ban Confederate battle flag sales at federal building gift shops.
mostly-true,Republicans extended unemployment insurance under President Bush when he asked to extend unemployment insurance.
false,Says Kay Bailey Hutchison voted for sanctuary cities.
barely-true,"Its entirely possible that the Democratic nominee, [Hillary Clinton], earned more money giving a single speech on Wall Street than I made the six years that I was there back in the 1980s In fact, its quite likely."
true,"Tennessee students now cover about 67 percent of the cost of their education at public universities, and some 60 percent at community colleges."
half-true,The majority of Americans are conservatives.
barely-true,"As a percentage of gross domestic product, we are reducing nondefense discretionary spending to its lowest level since the '60s, lower than it was under Reagan, lower than it was under Clinton, lower than it was under Bush, or both Bushes."
false,On support for the Affordable Care Act (Obamacare).
false,"Throughout, we have kept Congress fully informed of our efforts to create a legal framework on counterterrorism."
mostly-true,Obama said he would unilaterally renegotiate the North American Free Trade Agreement.
false,"Says Lee Leffingwell has been mayor of Austin, Texas for about as long as Sarah Palin was governor of Alaska."
false,On whether global warming is man-made.
mostly-true,The recently passed transportation funding bill is a billion-dollar tax increase for Georgians.
mostly-true,The failings in our civil service are encouraged by a system that makes it very difficult to fire someone even for gross misconduct.
barely-true,Says Scott Walker said he wouldnt touch the state civil service system but now supports overhauling it.
barely-true,Says HB2 hasnt moved the needle one iota on North Carolinas economy.
half-true,"If you like your health care plan, you can keep your health care plan."
barely-true,"I was fighting against those (Republican) ideas when you were practicing law and representing your contributor, Rezko, in his slum landlord business in inner city Chicago."
mostly-true,"In Oregon, women earn an average of 79 cents for every dollar that men earn for doing the same job. Thats just wrong."
barely-true,Road construction bids are coming in at the lowest in the modern era.
mostly-true,Eighty-seven percent of private insurance plans currently include (abortion) coverage.
mostly-true,"From 1980 to 1990, the top 1 percent saw their income go up by roughly 80 percent while the median wage in the country over (the same) 10 years went up 3 percent."
mostly-true,"While the sequester is in effect, the federal government is still funding a study on duck penises."
barely-true,Says legislation supported by gay rights activists would strip mother and father from future Texas birth certificates.
false,"Hillary Clinton supports unlimited abortion on demand up until the moment of birth, including partial-birth abortion, with taxpayer funding."
mostly-true,Says Texas is dead last in support for mental health.
half-true,Says Matt Wand has sided with anti-choice activists to restrict access to reproductive health care services.
barely-true,"Thanks to (Rick) Perrys bad budgeting, the (Texas) highway department has to convert some modern paved state roads back to gravel."
mostly-true,Figures for September 2014s job growth in Wisconsin mark the largest private-sector job creation weve had in the month of September in more than a decade
mostly-true,The last three days of early voting happen to be the most populated days of voting that we have in early voting.
half-true,"When it comes to classified information at the State Department, Hillary Clintons the decider."
half-true,"Her health care plan will cost $110-billion in the first year, which can be paid for with savings."
mostly-true,Missouri is #1 in the nation for holding down tuition increases at public universities.
mostly-true,"In 2006, Bernie Sanders voted in the House with hard-line Republicans for indefinite detention for undocumented immigrants, and then he sided with those Republicans to stand with vigilantes known as Minutemen who were taking up outposts along the border to hunt down immigrants."
true,Washing your hands and covering your mouth when you cough makes a huge difference in reducing transmission of the flu.
half-true,A government report shows that alternatives to the Keystone XL pipeline are worse for the environment.
false,Wisconsins new state budget includes a 15 percent increase for road construction and yet weve got local towns tearing up paved roads and replacing them with gravel.
mostly-true,One generation ago we led the world in college graduation. Were 16th today.
barely-true,"Under the House health care bill, the government ""will have to penalize citizens if we choose not to buy a plan that will cost a minimum of about $15,000 per family per year."""
barely-true,"Obama voted ""to cut off funding for our American troops on the battlefield."""
mostly-true,Says a growing number of extremely premature babies survive into healthy childhood.
half-true,"Wars in Afghanistan and Iraq have cost every U.S. family $45,000."
half-true,"The Department of Justice, under the Obama administration, disagrees with the decision Judge Sotomayor made in the Ricci vs. DeStefano case."
barely-true,"In discussing the attacks on the U.S. consulate in Benghazi, Libya,Ms. Rice did say a terrorist attack. Its not that she put the whole thing on the video."
mostly-true,"Texas population is projected to double in the next 50 years or so, but our basic amount of water will remain about where it is now."
false,"Under our (2011-13) budget, the average (Wisconsin) property taxpayer will save $700."
mostly-true,The majority of (the American people) voted for a Democratic House.
barely-true,"Four times, I said, he (John McCain)is a hero, but you know ... people choose selective pieces."
half-true,"More than two months ago President Barack Obama signed a bill for more than $1 billion in Zika funding, but the federal government has still only committed $7 million to help Florida."
false,"Says President Barack Obama neversaid, No boots on the ground in Syria."
barely-true,Rand Paul supports Obamas negotiations with Iran.
false,"Says that three of these five Republicans -- Ben Westlund, Rob Patridge, Max Williams, Lane Shetterly, Lynn Lundquist -- later became Democrats."
half-true,The government is going to tell Americans they need to replace functioning stoves in their homes with government-certified stoves and use taxpayer dollars to do so.
half-true,Says the Austin chapter of the League of Women Voters has no Republicans among elected officers or on its debate committee.
pants-fire,"Says Ted Cruz was just bribed by the Kochs to introduce a bill that would give them and their allies Americas national forests, parks, and other public lands and open them for mining, drilling, fracking and logging."
true,On the Keystone XL pipeline
half-true,Says Wisconsin Gov. Scott Walker doesnt make his calendar public -- hes on our dime and we dont know where he is.
mostly-true,"According to ATF data, 70 percent of firearms recovered and traced in drug cartel crimes in Mexico originated from the United States."
barely-true,Ive been reducing the number of Democratic Texas Senate committee chairs since I came in as lieutenant governor.
false,We now work the longest hours of any people around the world.
false,Foster children are disproportionately victims of identity theft.
true,I think [a little] less than half of the people in our prisons are in there for less than a year. ... We have people who are check kiters and dont pay child support and we are locking them up in the state pen.
barely-true,"Rhode Island has invested less in tourism, economic development and economic development personnel than four nearby states."
half-true,"In this bill that Ive just signed, we dont cut anybodys salary. We dont take away their pension. And we dont destroy their health care."
true,Some of the men serving in the (Afghan) armed forces have never driven a vehicle before.
mostly-true,Weve dedicated more money from (Washington Countys) transportation budget to bike and ped projects under my watch than at any time in the history of Washington County.
half-true,Cheney is disagreeing with President Bush's policy. President Bush stated repeatedly to international audiences and to the country that he wanted to close Guantanamo.
false,Says Bill Nelson voted to raise our taxes 150 times.
barely-true,$29 is what families on SNAP (i.e. food stamps) have to live on for a week.
half-true,Says Lincoln Chafee settled a union strike by giving the teachers a 19-percent-raise.
true,Says Republican Sen. John McCain won more votes for president in Cuyahoga County in the 2008 general election than he did in seven states.
barely-true,"Says Chris Koster fell silentas attorney general in pursuing a case against a free classified service accused of promoting prostitution after accepting over $12,000 in campaign contributions from people affiliated with the service."
barely-true,Says former U.S. Rep. Carol Shea-Porter refused to host town hall meetings during her time in Congress.
half-true,Says his budget plan would cut our deficits by $4 trillion.
half-true,"After laying off 30,000 people,Carly Fiorina said that in retrospect, I would have done them all faster."
false,"Muslims attempted to establish the first Islamic Sharia court inside the United States in the town of Irving, Texas."
true,The federal government can cut all of the non-military discretionary spending and not balance the budget.
mostly-true,"On taxes, President Barack Obama wants to raise the top rate to 44.8 percent."
mostly-true,"Last year, 244 suspected terrorists walked into gun shops and attempted to purchase a firearm; 223 were able to get the firearm."
half-true,"If Rhode Island raises the meal and beverage tax to 10 percent, it would be the fourth-highest in the nation."
half-true,[A] 2009 USDA study found that 87 percent of chicken carcasses tested positive for generic E. coli ... just prior to packaging.
barely-true,Farming is one of the fastest growing areas of our economy.
mostly-true,One thing that is much more unpopular than the Affordable Care Act is repealing the Affordable Care Act.
barely-true,Independent groups behind ads attacking Democratic candidates are front groups for foreign-controlled companies.
true,What happens is people like Warren Buffett and he says this himself...pay 15 percent on the millions of dollars that they earn from wealth income... while their secretary is paying a higher rate on her work income. It's not right.
mostly-true,Firearms homicides are down about 40 percent since Texas passed concealed-gun permit law.
false,"By advocating new requirements for voters to show ID cards at the polls, Republicans want to literally drag us all the way back to Jim Crow laws."
true,A Republican-led softening of firearms training rules means that untrained individuals would be allowed to carry guns with a state permit.
true,I don't think that Rudy or Fred or John McCain support the marriage amendment.
false,We have never gone a year in Virginia -- ever -- without passing a budget -- ever.
false,Ive never supported a payroll tax.
half-true,"Average families are spending roughly $2,000 more a year on energy costs. ... It's like a $2,000 energy tax in just the last seven years, more than three times what the typical American family received from the Bush tax cuts."
false,Steve Santarsiero wrote PAs Gun Safety Law.
mostly-true,U.S. Embassy Celebrates Americas Independence on June 4th in Order to Accommodate Muslims.
half-true,On whether people can keep their insurance under the Affordable Care Act.
pants-fire,Its possible that non-citizen voters were responsible for Obamas 2008 victory in North Carolina.
true,More than half of the births in Texas are paid for by Medicaid.
mostly-true,"Says Donald Trump was forced to file for bankruptcy not once, not twice, four times."
half-true,"Said the Washington Post argued that a failure to pass the START treaty this year would be no calamity, and that the Associated Press saidthe administration concedes the security risk is not immediate."
false,"Says Tom Nelson backed higher taxes on Social Security, costing Wisconsin seniors $95 million."
true,"Says she is entering in the most diverse class ever, of U.S. Representatives"
true,Ive got a 94 percent career voting record in Congress while Bill Nelson has a 92 percent voting record.
half-true,All but one of the 50 states already have some form of a balanced budget amendment in their state constitutions.
barely-true,"Rev. Wright said ""that al-Qaida and the American flag were the same flags."""
barely-true,Massachusetts is reporting a trend far below the national trend in the escalation of health-care costs in this year.
half-true,"Says that in Curry County, if you make a 911 call youre likely to wait for an hour for a response."
false,Social Security is indeed a Ponzi scheme.
pants-fire,It was under Barack Obama and Hillary Clinton that changed the rules of engagement that probably cost (Capt. Humayun Khans) life.
barely-true,Not even old Gen. Eisenhower saluted military personnel as president.
false,What the facts say is ...the best scenario for kids is a loving mom and dad.
mostly-true,Says One-third of our healthcare dollars go to wasteful insurance billing and bureaucracy.
barely-true,"In slashing $1.7 billion from Social Security, Rep. Jim Renacci may end up forcing the entire agency to ... shut down for a month, causing seniors to not get their benefits on time, halting claims processing, and forcing new retirees and disabled workers into a backlog."
false,"When news broke that Ferguson 18-year-old Michael Brown was a suspect in a robbery, MSNBC practically went off the air for a while to have behind-closed-doors meetings to figure out how to deal with this new revelation."
false,Wisconsin was literally broke when Republicans took office in January 2011.
mostly-true,"The IRS filed an $11,000 lien against (Allen) West for back taxes. Three liens were placed on his home for unpaid bills, and a judge ordered West to pay over $5,000 for past due credit card bills."
mostly-true,Says U.S. Sen. Ron Johnson doesnt even believe that theres a man-made role in climate change.
false,Says Scott Walker says he would ban stem cell research
barely-true,Elizabeth Townsend runs the elections office that omitted a school board race on a ballot and gave a School Board candidate faulty advice.
pants-fire,Sherrod Brown sent billions of our tax dollars to foreign countries.
mostly-true,"When I become the nominee, the Democratic nominee, I will be the only pro-choice candidate on the ballot."
true,Says the Multnomah County Library system is the second busiest in the nation.
false,Rhode Islands graduated driving license has saved hundreds of lives.
half-true,"A study from the Massachusetts Institute of Technology, Harvard, and Dartmouth concluded that Medicaids value to its beneficiaries is significantly lower than the actual cost of the program."
half-true,"The ""pay-as-you-go law ... was a big reason why we had record surpluses in the 1990s."""
barely-true,When Obama took office the economy of the United States was actually shrinking for the first time in about 70 years.
half-true,Says Oak Grove is one of the largest cities in Oregon and is the biggest city in Clackamas County and its not a city.
false,Says Gov. Scott Walker made draconian cuts to public safety budgets that put police officers at greater risk of harm.
half-true,Baltimore spends the third highest per capita on its public schools.
true,Says President Obama has fired more cruise missiles than all other Peace Prize winners combined.
false,"Says U.S. Senate opponent Tammy Baldwin supported a federal budget that spent trillions -- not billions, trillions -- more money than the Obama budget."
barely-true,"Walmart employees receive roughly $5,800 in public assistance per year."
false,Says Thomas Eric Duncan came into the United States with an elevated temperature.
mostly-true,"Says Connie Mack IV has been a promoter for Hooters with a history of bar room brawling, altercations and road rage."
half-true,"The health care bills will be mandated spending. You cant cut it, regardless of the budget circumstances."
pants-fire,Sen. Bob Menendez voted to enact a new tax on the sale of homes of 3.8%.
true,"You know, the approval rating of Congress is down to 13 percent."
false,"While (Charlie Crist) was governor, utility costs went up 30 percent and went from below the national average to above the national average. Since I got elected, utility rates have come down 11 percent and now we are below the average."
half-true,"(McCain) says ""we can't have ... timelines to draw down our troops from Iraq."""
false,Says he never said he would keep education funding the same.
true,Says income tax rates under Eisenhower were as high as 90 percent.
false,Says President Barack Obama carried Congressional District 13 by 8.2 points in 2008 and 5.6 points in 2012.
false,"On (the federal minimum wage of) $7.75, you cant even make half the poverty level."
barely-true,Says U.S. Rep. Stephen Fincher breaks earmark pledge.
half-true,"The pastor McCain calls his 'spiritual guide,' Rod Parsley, believes America's founding mission is to destroy Islam, which he calls a 'false religion.' "
false,"If we had been on Obamacare and a bureaucrat was trying to tell me when I could get that CAT scan, that would have delayed my treatment."
mostly-true,On average it takes 300 Americans working for a solid year to make as much money as one top CEO.
mostly-true,"In 1999, the NRA leadership in Washington, pretty much the same people intact, were for (expanded background checks.)"
false,State Rep. Elena Parent supported Governor Nathan Deals plan to slash the HOPE scholarship.
true,"The National Science Foundation awarded $700,000 to fund a climate change musical."
half-true,"Because of Obamacare peoples premiums ...are going up 35, 45, 55 percent."
pants-fire,"I am the only candidate who ran in either primary who said, I will not raise taxes on the middle class."
true,"Over the course of one four-year term, it costs taxpayers more than $1 million simply to operate the governors mansion."
half-true,"The labor market is weak because if you count the unemployed, underemployed, and those whove stopped looking for work, the unemployment rate actually went up last month to 13.5 percent."
half-true,Youve got more people wanting to go moose hunting in New Hampshire than want Obamacare.
true,"In Wisconsin, deaths from domestic violence are at the highest in 10 years."
mostly-true,"Since 2007 David Jolly has given almost $30,000 to keep Democrats in Congress!"
mostly-true,"Eight of the nine justices in the Supreme Court decision (on campaign finance) said that not only is it constitutional for Congress to require disclosure of the special interest money, but they recommend we do it."
barely-true,U.S. Senate candidate Jack Kingston spent our tax dollars on thousands of wasteful earmarks.
half-true,"Says an alternative to Social Security that operates in Galveston County, Texas, has meant that participants will retire with a whole lot more money than under Social Security."
half-true,The Republican election platform was actually written with the help of a former lobbyist for AIG and a former lobbyist for Exxon-Mobil.
mostly-true,Forty-five states allow open carry of firearms.
barely-true,"On allowing abortion in cases of rape or incest, I have never said that or advocated that."
true,"The judicial system is the most underfunded in this state, able to only pay 52 percent of its obligations. Meanwhile, judges get some of the richest pensions of all public employees."
false,Says Saddam Hussein had a 10-year relationship with al-Qaida.
false,"Says a new report proves the stimulus supported by N.J. Democrats cost $278,000 per job."
true,"We closed that plant down. It was a $27 million-dollar plant, operating full steam, and we closed it down."
false,"We were promised (the stimulus) would provide 'green jobs' for Americans, but 80% of the $2 billion they spent on alternative energy went to purchase wind turbines built in China!"
pants-fire,Residential property taxes [in Providence] are up nearly 27 percent under Mayor Taveras.
true,A 5 percent increase in domestic production would increase the world supply by less than 1 percent and do almost nothing to our dependence on foreign oil. This would also have virtually no effect on the price of gas at the pump.
false,Phoenix is the kidnapping capital of the Western Hemisphere.
pants-fire,About 78 to 81 House Democrats are members of the Communist Party. ... Its called the Congressional Progressive Caucus.
mostly-true,"Israel in the last three weeks haskilled more Palestinian children, more than 200, than the total number of Israeli soldiers killed in military operations since 2006."
false,The Democratic majority led the 111th Congress to spend more money in two years than the first 100 congresses before them combined.
true,Says Ohio has 77 job training programs spread across 13 state agencies.
mostly-true,The Republicans have repeatedly said that they agree with 80 percent of what's in our bill.
half-true,[Former Georgia congressman] Bob Barr voted ... to raise his own pay.
false,Says Barack Obama grew up in Kenya.
false,The $290 million structural surplus in the 2011-13 Wisconsin budget is not real because it is based on the assumption that Congress will reinstate the estate tax.
barely-true,"In the Florida Republican primary, ""we got a very large percentage of the, quote, conservative vote."""
mostly-true,"A Cornell University research study concludes that ethanol generates a 29 percent energy loss, meaning it takes more than a gallon of gasoline to produce a gallon of ethanol."
barely-true,Blames Mike McIntyre and Nancy Pelosi for the second straight year of no cost-of-living increases for Social Security beneficiaries.
true,Hitler didnt want unions. Stalin didnt want unions. Mubarak didnt want independent unions. These autocrats in history dont want independent unions.
barely-true,"Under Scott Walkers policies, the typical Wisconsin family has actually seen their real income drop by nearly $3,000 in the last four years."
pants-fire,I'm glad for the wording of it (an ethics report on corporate-sponsored Congressional trips) because clearly the wording exonerates me.
false,"(Brendan) Doherty wants to raise the eligibility age for Social Security benefits for anyone born after 1960, with no regard for the challenges it would cause for people working in physically demanding occupations."
false,Obamacare is going to increase the divorce rate.
mostly-true,"Says his promise of 250,000 new private sector jobs was a big goal."
mostly-true,People think AIDS is done --its not done.
half-true,"Two weeks ago, a man entered the worlds busiest airport in Atlanta, Georgia, carrying a loaded AR-15 automatic weapon with an extended-capacity, 100-round magazine."
false,Rhode Island voters are moving away from the Democratic party to non-affiliation
mostly-true,"When Tallahassee politicians and bureaucrats tried to run our schools, Ive stood up to them to protect local control."
half-true,Americans are working longer hours for low wages . . . and yet almost all new income and wealth is going to the top 1 percent.
barely-true,McCain supports tax breaks for companies that ship jobs overseas.
pants-fire,"In the case of a catastrophic event, the Atlanta-area offices of the Centers for Disease Control and Prevention will self-destruct."
barely-true,"A study says Massachusetts has lost 18,000 jobs because residents were required to obtain health insurance under an act signed into law by Mitt Romney."
half-true,Says President Barack Obama was responsible for the assassination of at least four American citizens in drone strikes.
true,Says a federal judge sanctions Tennessee birther lawyer for bringing a frivolous lawsuit.
barely-true,Says his Patient OPTION Act is the only Republican plan that completely repeals Obamacare and it takes the federal bureaucrat out of decisions for you.
half-true,"Paul Ryan got his start in politics, as a young staffer just out of college, working for then-Congressman John Kasichs Budget Committee."
mostly-true,"Of the 98 top oxycodone-dispensing doctors who used to live in Florida, today, there are none."
false,Hillary Clinton invented ISIS with her stupid policies. She is responsible for ISIS.
false,"Another one he should veto is the SCHIP program, which he should say 'Take the C out of, because now it's for everybody, like every other entitlement program.'"
half-true,A World Health Organization report shows that more people are dying of TB.
mostly-true,Says Rick Perry supported a guest worker program to help people who would otherwise be illegal aliens.
false,"During the 2005 fight over Social Security, there were noisy demonstrations but they were outside the events, and opponents were not disruptive crowds booed lines they didnt like, but that was about it."
half-true,President Obamas uncle and aunt are illegal aliens ... whove been allowed to stay in this country.
barely-true,"Says Romney wrote in the first edition of his book that his health care plan should be expanded nationwide and then, You took it out of your book."
half-true,On his support for sharply limiting collective bargaining by public employees.
false,"More than 7,000 Americans lost their lives to climate change-fueled events last year."
half-true,"The University of Florida announced this past week that it was dropping its computer science department ... Meanwhile, the athletic budget for the current year is $97.7 million, an increase of more than $2 million from last year."
half-true,Says its not true that Florida black bears are an apex predator.
true,"Jeff Greene only moved from California to Florida in the last two years. In fact, he would not legally be allowed to run for any other statewide office because he has not lived here long enough to meet the residency requirement."
false,Says the oil industry subsidies that President Barack Obama is attacking dont exist
half-true,The lieutenant governor has the power to be an economic ambassador and negotiate on economic development
pants-fire,Obamacare provision will allow forcedhome inspections by government agents.
barely-true,Says Mitt Romneys carried interest income was a tax trick.
true,"We do not have an overcrowding problem. As a matter of fact, Rhode Island has one of the lowest incarceration rates in the country."
half-true,Says the Georgia Dome would need up to $350 million in work over the next five to seven years.
pants-fire,"Im the only candidate in the Democratic primary, or actually on either side, who Wall Street financiers and hedge fund managers are actually running ads against."
mostly-true,"In the last 22 months, businesses have created more than 3 million jobs. Last year, they created the most jobs since 2005."
false,The Climatic Research Unit e-mails show that the science behind climate change has been pretty well debunked.
mostly-true,The federal government has made investments in science and technology inventing the products that led to the creation of Google.
half-true,On abortion
half-true,About half the people who would qualify for Medicaid expansion in Florida can buy a health care plan for $30 a month on the federal health care exchange.
true,"A lawyer demanded several Houston pastors hand over to the city government many of their private papers, including their sermons."
barely-true,Says Hillary Clinton savaged the dignity of people who accused Bill Clinton of sexual harassment or assault and shamed them.
false,"A proposed regional transportation tax will last a minimum of 10 years, and has been approved to last longer."
true,"Do you know that, statistically, when you take the SAT a second time, one third of the people that take the SAT, even if theyve been studying, will get a lower score than they did the first time around?"
false,Langevin has been the most reliable vote for Speaker Pelosi.
true,Says Mitt Romney wants to add $2 trillion to defense budget that the military hasnt asked for.
mostly-true,"Says Chris Christie has refused to fund pensions by billions of dollars, and got legislative approval to begin properly funding pensions in 2018."
false,Says a U.S. Supreme Court justice suggested that some U.S. cases will be decided based on South African law.
false,Says that Sherrod Brown is an Obama rubber stamp for supporting the job-killing cap and trade plan.
pants-fire,Bill McCollum has accepted thousands from lobbyists for Planned Parenthood.
mostly-true,We Really Do Have the Highest Corporate Tax Rate in the World.
mostly-true,"After years of 5.5 percent average tuition increases, we now have a two-year tuition freeze for the first time in the history of the UW System."
true,There has never been an alderman who has defeated an incumbent mayor in the history of this great city.
false,59 percent of Americans today believe that Barack Obama is still a Muslim.
true,"Senator Obama's relatives and friends say he has been talking about running for president for at least the last 15 years, a campaign spokesman said."
mostly-true,Says Ted Cruz represents a Chinese company found guilty of stealing blueprints from an American manufacturer.
half-true,Says Deborah Ross supports the Iran nuclear deal and the ransom it paid for hostages.
true,"Gov. Crist has never wavered in his support of the Second Amendment, the right to bear arms."
half-true,We currently have one guy who is in charge of painting the entire Milwaukee County parks system.
mostly-true,It (Georgia) was one of the earliest Christian nations. The king of then-Georgia in the third century converted to Christianity.
mostly-true,I have something in common with my husband. He never carried caucuses either. He lost all of the ones that I've lost.
half-true,"A lot of people don't know that 50,000 Americans now make their living off eBay."
false,"If the U.S. didnt borrow $1.2 trillion every year to fund government operations, that money would be available for entrepreneurs and business people to put to work creating jobs and building and expanding their businesses."
false,"When the New Hampshire Legislature raised the gasoline tax, gas prices in the state were skyrocketing."
barely-true,By the year 2015 (Medicaid will) take up half our budget.
half-true,"When Roy Barnes was governor, ""Georgia created 235,000 jobs."""
barely-true,"A bill to cap carbon emissions could cost Ohio 100,000 jobs."
half-true,"Across the United States, 25 percent of voting age African Americans do not have the photo ID that this bill would require."
half-true,2014 midterm election spending by the left and the right are both equal.
barely-true,The spillover violence (from Mexico) in Texas is real and it is escalating.
pants-fire,One of George Soros companies has provided some of the (voting) machines for some states.
half-true,"While the government grew, we lost more than 2 million jobs."
true,Mercedes said high taxes and the cost of doing business in New Jersey worked to Georgias advantage in landing the companys USA corporate headquarters.
false,Says Having organizations parading as being social welfare organizations and then being involved in the political combat harkens back to why the statute a hundred years ago said that they were prohibited.
true,"When (Joe Kyrillos) had an opportunity to vote for women in terms of their health care, not once, not twice, but six times, he voted against womens health care in our state."
mostly-true,The (Russian) ruble is already going down.
false,Property tax exemptions can be granted to small businesses that move into Milwaukee County.
pants-fire,At least 10 ISIS fighters have been caught coming across the Mexican border in Texas and there are dozens more that did not get caught by the Border Patrol.
mostly-true,The Democratic Party is the oldest continuous political party in the world.
true,"A family of four can make up to $88,000 a year and still get a subsidy for health insurance under the new federal health care law."
half-true,Senator Obama thinks we can achieve energy independence without more drilling and without more nuclear power.
pants-fire,President Barack Obama spent $5 billion paying Ukrainians to riot and dismantle their democratically elected government.
mostly-true,The water quality in the ocean is perfect. Its been tested up and down every ocean shore in New Jersey.
mostly-true,Mortgage fraud is up 400 percent in the last five years.
false,Says drug dealers have overdosed on purpose to avoid prosecution.
pants-fire,"Already, the mayor of Green Bay is having ribbon-cutting after ribbon-cutting for economic development around the new VA center."
false,This is the first time since World War II that five nuclear-powered aircraft carriers were docked together.
half-true,The immigration proposal from the Gang of Eight is not amnesty.
false,"The Republicans' alternative health care plan ""will still let insurers raise premiums four times faster than wages."""
true,Members of the military dont contribute toward their pension.
false,Says she never received nor sent any material that was marked classified on her private email server whilesecretary of state.
pants-fire,"Two years ago, the longest serving leader of the California republic, Jerry Brown, boldly declared in China that California is a separate nation."
half-true,"For thousands of public employees, Wisconsin Gov. Scott Walkers budget-repair bill would take away any say they have in the workplace, and eliminate their union."
pants-fire,"Says Rick Perry is spending more money than the state takes in, covering his deficits with record borrowing."
barely-true,"As Washington debates cracking down on the big Wall Street banks, Ive passed legislation that does so."
half-true,Big rooftop solars plan forces Nevada families who dont have solar panels to pay higher power bills to subsidize rooftop solar.
barely-true,Says he has nearly 200 delegates bound to support his candidacy at the Republican National Convention.
true,On deporting illegal immigrants.
false,"When those restrictions expire (in the Iran nuclear deal), Iran will have an industrial-size military nuclear capability ready to go."
mostly-true,Says President Obama has never made a statement ... that he wanted a residual force left (in Iraq).
true,"Since 2008, U.S. crude oil output has increased by over 80 percent, an increase of over 4 million barrels a day. That is the fastest increase in U.S. history."
false,The health care law includes tort reform.
pants-fire,Bernie Sanders admits he is a Democratic Socialist. Nazis were Democratic Socialists.
false,Former President George W. Bush and former Vice President Dick Cheney are unable to visit Europe due to outstanding warrants.
barely-true,"Under conservative leadership, Congress has reduced the federal deficit by 60 percent nearly $800 billion."
barely-true,"Says as of November, we were ranked 45th in the nation in terms of job creation, according to the U.S. Bureau of Labor Statistics."
barely-true,Defends his vote to push retirement age to 70 by saying he is for a process that would not be fully implemented until around the turn of the century.
true,Says Austin Mayor Lee Leffingwell voted for a toll lane on MoPac.
false,Federal employees are making twice as much as their private counterparts.
half-true,"Under President Obamas health-care reforms, the premium for an average plan for a family didnt go down by $2,500 per year, its gone up about $2,500 per year."
barely-true,Says credit rating agencies realize that our instability stems in large part from Oregons kicker system.
pants-fire,Statistics show you are about nine times more likely to be assaulted by a taxi driver in Austin than a driver for a ride-hailing service.
pants-fire,"Says he cured Charlie Sheen and the island of Comoros of HIV with milk from goats, which had arthritis."
half-true,My plan offers three times as much tax relief to the middle class as Senator McCain's.
half-true,The debt ceiling deal will result in the lowest level of annual domestic spending since Dwight Eisenhower was president.
false,"Daraprim is still underpriced, relative to its peers."
barely-true,Says $38 billion in spending cuts in federal budget compromise is less than $1 billion in real cuts.
true,"The House-passed budget proposal could cut funding for programs that help keep local neighborhoods safe, slash more than $1.7 million in anti-terror funds for Ohio."
barely-true,"If I had not asked for my emails all to be made public, none of this would have been in the public arena."
false,"Says that all those who do not answer directly to the president, theyve said (repealing Dont Ask, Dont Tell) is a terrible idea."
true,More people now die in Wisconsin from drug overdoses than car crashes.
half-true,In 2009 Hillary Clinton was at the State Department working with U.S. corporations to pressure Haiti not to raise the minimum wage to 61 cents an hour from 24 cents.
half-true,"Says Congresswoman Loretta Sanchez has passed one bill in her 20 years in Congress, and that was to rename a post office."
mostly-true,Bill McCollum holds the same position on (embryonic stem cell research) as Barack Obama.
half-true,She led the fight to stop health insurance rate hikes and saved Rhode Island families over $150 million.
mostly-true,The addition of a 1 percent sales tax would cost a typical household in Hillsborough County approximately $12 a month.
half-true,"If you look at any real analysis, the Trans-Pacific Partnership is going to generate better-paying jobs that are more stable."
false,A state bill would end a longstanding requirement that local governments repair highways and sidewalks -- and block injured citizens from suing over neglected maintenance.
true,"At the beginning of World War II, we had a relatively small army, smaller than Portugals."
true,"Over 3 million Americans are employed in the growing green-collar workforce, which is more than the number of people working in the fossil fuel industry."
barely-true,Letting the Bush tax cuts expire would raise taxes on small businesses.
true,Twenty-five states have lower unemployment than Texas which is tied with Mississippi for more minimum-wage jobs than anywhere in the United States.
pants-fire,Were the only nation in the world that does not use the military to secure our border.
false,"Sen. McCain would occupy Iraq indefinitely, against their wishes."
false,"Ninety percent of the people who work in this country work for companies under 100 people, maybe even less than that."
false,A majority of our students are trapped in underperforming schools.
true,The United States is the oldest democracy in the world.
pants-fire,"Technically, (Ted Cruz is) not even an American."
mostly-true,More than 125 jobs have been created at the Milwaukee Job Corps Center.
false,There are more oil rigs in operation in the United States than the rest of the world combined.
barely-true,You cant check out a library book without a photo ID.
false,"In his first meeting with University of Wisconsin System officials, Republican Governor elect Scott Walker told them to prepare for cuts."
true,"The Fed created $1.2 trillion out of nothing, gave it to banks, and some of them foreign banks, so that they could stabilize their operations."
mostly-true,"Without a Medicaid expansion, 275,000 more Ohioans could be getting their primary care in emergency rooms, costing everybody a lot of money."
true,Sen. Obama has never taken on his party leaders on a single major issue.
barely-true,"Gov. (Scott) Walker has yet to create a job, he gives away millions to his friends, and he raises taxes on working people."
half-true,On supporting the charter school amendment.
mostly-true,"Says Donald Trump himself contributed $100,000 to the Clinton Foundation."
mostly-true,"From 1947 to 1979, family incomes for rich, middle-income and poor Americans grew about the same rate. But since 1979, incomes for rich families have grown much faster."
pants-fire,"Nothing was done. I mean, $25 million was spent, but we dont have that (gun ownership)database."
false,On restoring voting rights to non-violent felons.
barely-true,Only three in 10 Texas doctors are currently accepting new Medicaid patients.
half-true,Attorney General Eric Holders own Justice Department precleared the voting changes in the 2011 law about early voting in Florida.
pants-fire,"The signers of the Declaration of Independence were ""brave people, most of whom, by the way, were clergymen."""
mostly-true,Fifty percent of kids coming out of school cant get a job.
true,Says there have been 50 million abortions since Roe v. Wade was decided.
false,"We had people that were getting killed (in Benghazi), we had people who are willing to risk their lives to go save them, and somebody told them to stand down."
true,Says the last non-partisan commission to improve the voting experience in America concluded that #VoterID was necessary.
barely-true,Every (U.S. Supreme Court) nominee since 1875 has received a nomination hearing.
mostly-true,The commercial property tax [in Providence] is second highest in the country behind Detroit.
barely-true,"Any state tax law has to start in the House and the renewal of the state hospital bed tax this year started in the Senate, which is unconstitutional."
true,"Says that in his first 17 months as president, the United States doubled its world-leading $500 million a year commitment to fighting global AIDS."
false,Wendy Davis opposes any limits on abortion.
half-true,"Barack Obama's network of small donors constitutes a ""parallel public financing system."""
true,We created as many jobs in the first six months of this year as we did in all of 2011 and 2011 was the best single year for private-sector job growth since the year 2000.
mostly-true,Twenty percent of housing in Portlands Pearl District is affordable.
mostly-true,"About 230,000 people that were on unemployment when I took office are not on unemployment now."
true,Says Your kid just ate 16 packs of sugar.
true,"When we passed (the stand your ground law), we said it portends horrific events when peoples lives were put into these situations."
barely-true,The average age of planes in the Qatar Airways fleet is about four years while Delta Air Lines flies planes that are 35 years old.
true,The economy is creating jobs at the fastest pace since 1999.
true,"At present spending levels, only citizens of New York have a greater local debt burden than Texans."
barely-true,We know that more than half of Hillary Clintons meetings while she was secretary of state were given to major contributors to the Clinton Foundation.
barely-true,"Dan Webster supports privatization of Social Security, deep cuts in Social Security."
mostly-true,Jim Renacci cheated on his income taxes and is a deadbeat citizen.
mostly-true,Two-thirds of the people who receive the minimum wage are female.
mostly-true,The typical white male worker in this country is making in real terms what he was making in 1973 and the average worker is making what they were making in 1996.
half-true,Says Bernie Sanders fundamentally changed the lives of Immokalee farm workers in Florida for the better.
true,"In nine Democratic debates, Weve not had one question about a womans right to make her own decisions about reproductive health care, not one question."
false,"I balanced the budget for four straight years, paid off $405 billion in debt."
barely-true,The Pentagon itself says that we could eliminate 20 percent of U.S. bases.
pants-fire,"Says, regarding the presence of classified information in her email, FBI Director James Comey said my answers were truthful, and what Ive said is consistent with what I have told the American people."
true,Says an amendment specifying when military members may use deadly force does nothing to change existing rules of engagement for American service members.
true,Virginia spends less per student today than we did in 2008.
half-true,"For every dollar a county gets in taxes from new development, it costs us 40 to 50 percent more to provide services."
true,Floridas high school graduation rate falls well below the national average.
true,Almost 10 percent of Canadians came to visit Florida last year ... (Canadians) buy 7.4 percent of our homes in the state.
pants-fire,"The U.S. unemployment rate has been massaged, its been doctored."
false,"Obama ""has no experience or background at all in national security affairs."""
false,"Says Mitch McConnell voted to raise Medicare costs for a current Kentucky senior by $6,000."
false,"Cancer and matters to do with kidney failure kill more people in Kenya today than malaria, tuberculosis and AIDS combined."
false,Says Wisconsin Gov. Scott Walker is making voting more difficult by closing Department of Motor Vehicles offices where low-income voters live.
half-true,Income inequality seems to be worst in cities run by Democrats.
pants-fire,Barack Hussein Obama will ... force courts to accept Islamic Sharia law in domestic disputes.
false,"Says Milwaukee County Executive Chris Abele spent $100,000 of taxpayer money on a new luxury SUV."
pants-fire,Latina who enthusiastically supported Donald Trump on stage in Las Vegas in October 2015 has been deported.
true,"Says streetcars carry more people than buses you attract more riders who dont ride transit now, and actually the operating costs are not any greater than the bus."
true,Says out-of-state abortion clinics have marketed their services to minors in states with parental consent laws.
false,There havent been tax cuts for the rich in Rhode Island.
false,On abortion
false,Japans interest on its own debt is 25 percent of its national budget
true,The murder rate in Atlanta is on the rise this year.
false,The steel industry is producing as much steel in the United States as it ever was. Its just (that) it needs one-tenth of the workers that it used to.
mostly-true,As many as a quarter of our students arent even finishing high school.
pants-fire,"The Democratic health care plan is a ""government takeover of our health programs."""
half-true,"Military spending cuts, known as the sequester, were President Barack Obamas idea."
half-true,Says the 2012-13 state budget leaves $6 billion in a rainy day fund.
barely-true,Says Obamaexempted Congress and their staff from the full effect of the (health care) law.
true,"While introducing Donald Trump, former New York City Mayor Rudy Giuliani omitted the September 11, 2001, strikes as a successful terrorist attack during the eight years before President Obamas 2008 election."
half-true,"In the last decade, the average income of the bottom 90 percent of all working Americans actually declined. The top 1 percent saw their income rise by an average of more than a quarter of a million dollars each."
true,"The merger of Georgia State University and Georgia Perimeter College will make GSU one of the largest universities in the nation, with more than 54,000 students."
barely-true,No one claims the report vindicating New Jersey Gov. Chris Christie in the bridge scandal is conclusive.
barely-true,"In Milwaukee County, juveniles arrested for car theft get sent immediately home, because under the point system in juvenile court on holding suspects, a stolen car gets zero points."
false,75 percent of the (air traffic control) towers the Obama Administration is closing are located in Republican Congressional Districts.
mostly-true,"In the entire public school system in Camden last year, only three students graduated college ready."
true,Texas added more jobs in 2010 than any other state.
false,Says President Barack Obama spent nearly a trillion dollars on make-work government jobs.
half-true,(Jeff) Atwaters bank was so weak that just a few months ago it was shut down by the FDIC.
false,"Says the mayors job is to make sure that if somebody is trying to build a set of water treatment plants to cure us from cryptosporidium we dont have, we dont say yes even if CH2M Hill wants us to."
true,The Republican Party has not won a presidential election without either a Bush or a Nixon on the ticket since 1928.
true,Six justices on the U.S. Supreme Court have been confirmed in presidential election years since 1912.
mostly-true,We doubled the size of the company (Hewlett-Packard).
barely-true,Greg Abbott did nothing to pursue reports of the sexual abuse of boys at a West Texas state-run school.
half-true,"Tyler Perrys plan to turn a majority of the former Fort McPherson into a film and television studio is expected to add over 8,000 new jobs to Atlanta."
half-true,"Eighty percent of those who have applied for licenses have no cancer, no Parkinsons disease or glaucoma. They have nothing you would associate [with] the use of medical marijuana."
pants-fire,"All non-US citizens, illegal or not, will be provided with free health care services."
pants-fire,"Wisconsin uses voting machines that are outlawed, they are illegal."
false,Says there were only about eight or 10 inflammatory sentences in his newsletters.
half-true,President Clinton reduced the scale of our military dramatically.
mostly-true,More Hispanics have been elected statewide (in Texas) on the Republican ticket than on the Democratic ticket.
half-true,"While Act 10 allowed (Milwaukee County) to save some money, it was millions short of what we needed to fill the hole left by the $28 million cut in state aid."
barely-true,Were taxing our small businesses now at rates higher than corporations.
mostly-true,"Since I was elected, crime rates have been at their lowest in over a decade."
false,Says Hillary Clinton has donated every cent shes ever earned from speaking fees to charity.
pants-fire,Theres more murders with hammers last year than...shotguns and pistols and AK-47s.
mostly-true,California has the same water infrastructure from when we were 16 million people.
true,"President Obamas proposal calls for serious cuts in our own long-term carbon emissions, but China and India will still be allowed to increase their emissions."
mostly-true,Corporate taxes will soon be the highest in the industrialized world.
barely-true,Says Rick Scott raised property taxes.
true,Have the suburbs been inundated with former residents of Atlanta housing projects? Absolutely not.
barely-true,Says Jeb Bush once held $1 million in family planning grants hostage until the programs receiving the money agreed not to discuss birth control at all.
half-true,Obamacare will mean 2.1 million fewer jobs by 2021.
false,"More than 400 car crashes occur each year on the current, congested Columbia River Bridge."
false,The (State Board of Administration) transparency issue got a great airing the last legislative session.
true,"The president referred to the Syrian opposition just a few months ago as pharmacists and doctors, and so on."
mostly-true,"In 2012, Connie Mack missed 178 votes, one of the worst voting records in Congress."
barely-true,Republicans enacted the most drastic cuts to K-12 public schools of any state in the nation.
barely-true,Says theres $4 billion in private investment along the streetcar.
half-true,"In recent polling in battleground states, a majority of the people said Hillary Clinton is untrustworthy."
barely-true,America used to be the third easiest country to get established in a business. Its now number 17.
false,Under the Nuclear Nonproliferation Treaty enrichment has been limited to basically the weapons states.
half-true,"At his fathers bank, Alexi made tens of millions in risky loans to convicted mobsters. Then, the bank collapsed."
mostly-true,Some 500 detainees were released from Guantanamo during the Bush administration.
barely-true,Says Tom Steyer is aCalifornia billionaire who stands to profit by blocking Keystone and is spending big to help Bruce Braley.
true,"Bill McCollum explained his lack of action on mortgage fraud by saying, ""You can't do everything."""
pants-fire,"McCollum admitted he didn't think that the subprime mortgage crisis was a big deal, telling reporters he thought that the subprime collapse had been exaggerated by the media and investors and that 'it's not the end of the world.' "
false,Floridas proposed Health Care Freedom Act will allow Floridians to opt out of Obamas govt. takeover of healthcare!
true,Says Dan Patrick proposed Arizona-style show-me-your-papers legislation.
barely-true,"The book Little Red Riding Hood is something thats been banned in America, but not assault weapons."
barely-true,Says President Barack Obamas health care law is expected to destroy 2.3 million jobs.
mostly-true,Our last budget committed the highest level of need-based financial aid in state history.
pants-fire,Says Marilinda Garcia supports $150 billion in new taxes.
mostly-true,We live in the most incarcerated country in the world.
half-true,"Housing prices dropped for the 30 months prior to Barack Obama taking office, and they have stabilized, theyve been about flat since the president came in."
false,"Barack Obama's plan calls for ""mandates and fines for small businesses."""
false,"Several times, Obama has apologized for what he deems to be American arrogance, dismissiveness, and derision; for dictating solutions, for acting unilaterally ... ."
false,Says al Qaeda has camps with the drug cartels in Mexico.
mostly-true,"By a two-to-one margin, Rhode Islanders want to ban assault weapons and we have a very small percentage of gun owners in this state, less than 13 percent."
barely-true,Says a pro-Democratic ad is false for saying that he allowed two disgraced staffers in 2012 to resign.
half-true,"Texas state Reps. Dan Branch and Jim Pitts, lieutenants to House Speaker Joe Straus, are helping Democrat Ellen Cohen against her Republican challenger, doing events with her in her district."
false,Baseball and insurance are the only industries exempt from antitrust laws.
mostly-true,Barack Obamas health care bill is nothing new. Mitt Romney signed one just like it four years before.
true,Says state Rep. Diana Maldonado of Round Rock uses Craigslist to hire campaign block walkers.
mostly-true,"Says if Oregon had limited its budget growth to the rate of population growth plus the rate of inflation, the states all-funds budget would be about $27 billion today, not $60 billion."
half-true,Says Joe Heck voted to shut down the government.
barely-true,"Says Russ Feingold supported a stimulus plan that allowed a company to create 3,000 jobs in China."
false,"Hillary's main extracurricular activity in law school was helping the Black Panthers, on trial in Connecticut for torturing and killing a federal agent."
false,Theres still about $400 billion or $500 billion of the stimulus plan that has not been spent. Why dont we stop it.
mostly-true,"@realDonaldTrump is coming to San Antonio, which is 60% Mexican-AMERICAN."
true,Over 40 percent of children born in America are born out of wedlock.
true,(Ronald Reagan) raised taxes a billion dollars in his first year as governor of California.
false,Suicide comes from federal government largesse saying you are not worth anything but you are going to get something for nothing.
mostly-true,The town of Cumberland has its highest bond rating in history.
false,Says Republican Rep. Charlie Dent wants to kick the Freedom Caucus out of the Republican conference for voting our conscience.
half-true,"The Clinton Foundation took steps that went above and beyond all legal requirements and, indeed, all standard requirements followed by every other charitable organization."
half-true,"When I took office, the deficit was nearly 10 percent of our economy. Today, its approaching 3 percent."
mostly-true,"When I was born, defense spending was 60 percent of the budget. Its now 17 percent."
false,The @nytimes states today that DJT believes more countries should acquire nuclear weapons. How dishonest are they. I never said this!
mostly-true,Medicare and Medicaid are the single biggest drivers of the federal deficit and the federal debt by a huge margin.
half-true,Says Mitt Romney was one of the first national Republican leaders to endorse Marco Rubio.
mostly-true,Democrats have now become the party of the [Atlanta] metro area and of blacks.
barely-true,I turned a $110 million deficit into a $1.6 million surplus for our city.
half-true,On legalizing illegal immigrants.
half-true,Says President Barack Obama appointed Eric Holder as attorney general. Eric Holder said he viewed his mission as brainwashing the American people against guns.
false,"Your tax dollars are not being used to sue you, the people."
true,Says Marco Rubio voted against the bipartisan Violence Against Women Act.
false,I can tell you that the enhanced interrogation techniques that have since been banned by this administration specifically waterboarding work.
pants-fire,Says Supreme Court candidate JoAnne Kloppenburgs record as a state Justice Department lawyer consists only of the prosecution of cases regarding regulation of docks.
true,Says Donald Trump thinks stop-and-frisk is fine.
mostly-true,Says an average of $4 billion is added to the national debt every day.
false,"In preparing a rules package for the 112th Congress, the GOP had no discussions with Democrats."
mostly-true,Women of childbearing age spend 68 percent more in out-of-pocket health care costs than men.
pants-fire,Newt Gingrich co-sponsored a bill with Nancy Pelosi that would have given $60 million a year to a U.N. program supporting Chinas brutal one-child policy.
false,Many of the founding fathers were very actively involved in cockfighting.
barely-true,"After Russia went to war with Georgia in 2008, the U.S. sent a very strong message to Vladimir Putin by sending warships to the Black Sea and airlifting combat troops that Georgia had in Afghanistan back to Georgia."
true,"Says in this next biennium, the cost of primary and secondary education is going to increase by more that $1000 per student. Half of that $1000 $500 per student is accounted for by the increased cost of PERS alone."
barely-true,Even Richard Nixon released his tax returns to the public when he was running for president ...
pants-fire,"Says the stimulus bill sent tax credits overseas, such as $1.2 billion to a solar company thats building a plant in Mexico."
half-true,Says Mitch McConnell voted two times against the Violence Against Women Act.
true,I haven't missed a vote since 1993.
mostly-true,"Since 2009, weve cut homelessness (among veterans) by a third."
mostly-true,"Obama came into office ""with a $1.3 trillion deficit before I had passed any law. ... We came in with $8 trillion worth of debt over the next decade."""
half-true,"When I left office, there was a $7-million surplus in Providence, but in 2008, the city had a $110-million deficit."
mostly-true,We supported the first new nuclear power plant in three decades.
barely-true,Assault rifles already are banned.
pants-fire,Pediatricians have cut down on the number and proximity of vaccines because they recognize there have been too many in too short a period of time.
barely-true,"Under Governor Crist, 3,000 teachers laid off."
false,I think we came down here (to Florida) one time ... but we weren't actively fundraising here.
true,Building a wall on the U.S.-Mexico border will take literally years.
true,Pasco County schools have graduation rates substantially higher than the state average and dropout rates below the state average.
barely-true,"Under Greg Abbott, Texas four-year-olds would be forced to undergo standardized tests."
half-true,"You worked hard for your money and you paid your taxes when you earned it. Now, (Indiana Republican congressional candidate) Todd Young wants to tax it again when you spend it."
barely-true,"Cover Florida ""is available to any Floridian, offering basic coverage for about $150 a month, instead of the typical $600 a month."""
half-true,"Says Jim Renacci ran against the Washington establishment in the election, but is now hypocritically embracing it with big money, special interest fundraisers."
half-true,Says Hillary Clinton has promised to raise taxes by $1 trillion dollars.
half-true,(Romney's) record was that he raised taxes by $730-million.
mostly-true,"Says since 2000, Austins tax burden rose more than 40 percent while family income rose more than 20 percent."
barely-true,"Says that even if you have no children, under Obamacare, you would still have to carry insurance that covers pediatric, maternity and newborn care even though you do not need it."
false,Scientists are questioning the original idea that man-made global warming is what is causing the climate to change. (It is) more and more being put into question.
false,"I used my line-item veto authority to veto $360 million dollars in special interest spending, so that our budget this year ... is still smaller than the fiscal year 2008 and 2009 budgets signed by my predecessor."
pants-fire,"Sarah Palin ""got more votes running for mayor of Wasilla, Alaska, than Joe Biden got running for president of the United States."""
barely-true,Says Alex Sink supported higher property taxes.
false,Soy ... el nico official estatal quin es un hombre de negocios.
true,Collectively states are spending more on Medicaid than they do on K-12 education.
false,If Rhode Island does a hybrid [retirement] plan well be the first state in the nation to do this.
mostly-true,"In 2011, NJ economy ranked 47th--at the bottom with Alabama, Mississippi Wyoming. Under Christie, NJ is falling behind."
barely-true,...Secret documents reveal that Iran could obtain a nuclear weapon far sooner than we were told. And Tammy Duckworth voted yes (on the Iran nuclear deal).
true,"Sarah Palin ""has had 12 years of elected office experience."""
mostly-true,Our unemployment rate is now lower than it was before the financial crisis.
half-true,"The federal Consumer Financial Protection Bureau is collecting financial information, monitoring financial information of millions of Americans without their knowledge and storing it for up to 10 years."
true,Republican candidate for governor Ken Block was fined and had to admit that (he) funneled money illegally to the Moderate Party.
mostly-true,"He has asked for $932-million of earmark pork-barrel spending, nearly a million dollars for every day that hes been in the United States Senate."
pants-fire,Says Land Commissioner Jerry Patterson threatened to shoot him.
pants-fire,"Planned Parenthood is the only health care that a significant number of women get. About 30 percent of women, thats their health care."
mostly-true,"Lizbeth Benacquistos supporters would make (abortion) illegal in all cases, including rape, incest, even to save a womans life."
half-true,Says public education will get more money in 2012-13 though lawmakers cut $15 billion in overall spending.
true,"I am the only candidate that has endorsed Bernie Sanders for President. In PA, Ive got Bernies back."
barely-true,We had (a bill) in Florida where we now are prohibiting doctors to talk -- particularly pediatricians -- to talk to their patients about gun safety in the home.
half-true,Atlanta is the No. 1 trading point for sexual slavery in America. Between 100 and 200 girls are sold into slavery in Atlanta every month.
true,The government does not need a warrant to read your old emails.
true,Undocumented immigrants pay $12 billion of taxes every single year.
half-true,"If you read the Arizona (immigration) law, what it says is if you are stopped for violating the law and they have a suspicion that you're illegal, they can ask you if you're legal."
mostly-true,Says Obama doubled funding for the Pell Grant.
half-true,A Republican budget proposal would have Wisconsin have the weakest standards for who can be a teacher in the classroom in the country.
barely-true,"Most Americans want traditional marriage, as defined by the Defense of Marriage Act."
half-true,Over half of the foreign-born population in Rhode Island is white.
mostly-true,Says former Sen. George Allen voted four times to raise his own pay.
barely-true,Mark Warners record is one of acting against the Keystone XL pipeline.
mostly-true,"In 2011, our state-run lottery funded New Jersey classrooms by over $930 million."
mostly-true,"On average, college students are taking six years to get a four-year degree."
barely-true,"The delay inschool testingwas not that of a vendor, the problem was not that of the test materials itself,it was the product of a cyber attack."
pants-fire,Says One of the states largest governments made charging this tax one of their top priorities just this year.
barely-true,"The sales tax increase, if approved, will cost taxpayers up to $300 million per year, in perpetuity, to finance a rail system for the City of Tampa."
half-true,Says a bill requiring ultrasounds before abortions was supported by Republicans and Democrats.
half-true,"Under Gov. Kitzhaber, unemployment rose 65 percent, state spending went up 57 percent and personal incomes declined compared to the rest of the country."
true,"When Social Security first started, there was 16 workers for every retiree. Today there are three workers for every retiree and soon there will be only two for every retiree."
mostly-true,"Just a little over 60 percent of your electric bill, my electric bill, 60 percent of that is pass-throughs, whether they be for building of nuclear plants or whatever they may be. A planned nuclear plant repair will only increase that percentage."
barely-true,"Late changes to the Arizona immigration law ""lay to rest questions over the possibility of racial profiling."""
barely-true,We did not seek an impeachment of President Bush.
false,ObamaCare enrollment lie: Obama counts an enrollee as a web user putting a plan in their online shopping carts.
half-true,The Consumer Financial Protection Bureau has no congressional oversight.
false,Says his 9-9-9 tax reform plan is not regressive.
mostly-true,Says Oregon canned blueberries will be cheaper in South Korea thanks to a trade agreement.
true,"Al Sharpton went to Ferguson, Mo., and is declaring as a matter of fact that ...Michael Brown didnt use any deadly force or posed no deadly threat to the officer."
true,The American healthcare system burns 18 percent of our national GDP. Nobody else is close.
false,"The Employment Non-Discrimination Act discriminates against Christian daycare, Christian parents, Christian business owners, and the rights of religious freedom."
half-true,"A recent study revealed that, across the nation, taxes would have to be increased by an average of $1,300 a year just to support the currently unsustainable public employee pension systems. In Florida, that dollar figure translates to $813 a year."
mostly-true,"Says U.S. Sen. Ron Johnson led the fight to let polluters release unlimited amounts of carbon pollution and took nearly $225,000 from polluters."
mostly-true,"Parents and teachers are already worrying about what they call the Trump Effect. They report that bullying and harassment are on the rise in our schools, especially targeting students of color, Muslimsand immigrants."
true,There are still tens of thousands of missing service members from previous and current conflicts that our nation is working to find and repatriate.
mostly-true,The insurance commissioner cant do squat about health care.
pants-fire,"100 percent of the crime is committed, in estimate, by about 15 percent of the population."
half-true,"500,000 people have signed up for #Obamacare."
true,Travis County is surrounded by red counties.
barely-true,"If your plan is the result of collective bargaining, no subsequent changes by anybody -- insurance companies, Obamacare -- can force your grandfathered policy to change."
mostly-true,"Says $800,000 cost of Texas special legislative session would pay for 1.6 million condoms, 90,000 months of the pill or 20 full-time sexual health educators."
true,Says he eliminated an EPA rule that treated spilled milk like it was oil.
half-true,"I delivered a flat tax for my state. I took my state to No. 1 in job creation. With all due respect to what Rick Perry has said about Texas, we did a little bit better."
true,Could I just point out that ... I seem to get the first question all the time?
half-true,Over 20 percent of the electorate is Hispanic in Florida.
half-true,"Last month, more Americans stopped looking for a job than found one."
barely-true,Earth has not warmed for the last 17 years.
barely-true,Says the initial Portland plastic bag ban represented only a modest share of total single-use checkout bag use.
barely-true,Women are paid 77 cents for every $1 men get for the same work.
false,On same-sex marriage.
true,Says theres no language in the U.S. Constitution that prevents someone from running for Congress simultaneously in multiple states.
mostly-true,"We have a legal immigration system in America that accepts 1 million people a year, legally. No other country in the world even comes close to that."
mostly-true,Congress used earmarks for more than 200 years.
false,As long as I have served . . . This is the first time every single solitary decision has required 60 senators.
half-true,Says Hillary Clinton lied about why her parents named her Hillary.
true,"If Wisconsins governor cuts perquisites as much as he plans to do, it would still leave (workers) better off than their private sector counterparts."
barely-true,Points of Light is the worlds largest volunteer organization.
barely-true,"Patrick Murphy voted for Obamacare in 2010, yet he reversed himself and voted to delay the employer mandate and the individual mandate."
half-true,Obamas Environmental Protection Agency sent emails for Hispanic Heritage Month with a photo of Che Guevara.
false,"In the 38 Studios deal, Wall Street investors took a risk, and went bust."
half-true,"Since the Democrats stimulus went into effect last year, Ohio has lost about 150,000 Jobs."
pants-fire,"During the lead-up to the American Revolutionary War, some guy in Boston got his head blown off because he tried to secretly raise the tax on tea."
false,"Says to Hillary Clinton, You heard what I said about (the Trans-Pacific Partnership trade deal), and all of a sudden you were against it."
false,Texas is one of only a handful of states that does not have an equal pay law.
half-true,Congress secured special Obamacare rules to prevent their healthcare costs from rising.
mostly-true,Even today part of Romneys fortune is invested in China.
true,"Pepper ... kicked off a jock tax, imposing a levy on the sports and entertainment industry."
pants-fire,Texas Governor Rick Perrys voter ID law is a blatant effort to defeat Wendy Davis by disenfranchising tens of thousands of women voters.
half-true,Julie Lassa willingly took a hefty pay raise at a time when people throughout her district and the state were losing their jobs.
mostly-true,"Due to Obamacare, Arkansas has covered almost 14 percent of its uninsured already."
half-true,"Says the federal agency in charge of Medicare and Medicaid will disburse $803 billion in benefits this year, making it larger than all but 15 of the worlds economies."
mostly-true,Says the main Central Texas food bank is delivering 50 percent more food to the poor than three years ago.
half-true,Says a poll found him the only Republican candidate who could beat Barack Obama in Texas -- and by eight points.
mostly-true,"Says Mitt Romney is committed to overturning Roe vs. Wade, and he supports such amendments that define a life as beginning at the moment of conception."
false,We didnt go out asking people to join the stand your ground task force.
true,"Eight out of the nine states with competitive Senate races, Hispanics make up less than 10 percent of the electorate."
pants-fire,A company hired to do Common Core testing in Florida will attract every one of your children to become as homosexual as they possibly can.
barely-true,Immigrants have captured all of the nearly 9 million jobs created since 2000.
true,Macys sent a letter to Rick Perry urging him to veto equal pay bill.
true,"Since Newtown, more people have died at the end of a gun than we have lost in Afghanistan."
true,"Says that in 2015, illegal immigrants accounted for 75 percent of federal drug possession convictions and 5 percent to 30 percent of convictions for murder and kidnapping plus two other crimes."
false,President Barack Obama took exactly none of his own deficit reduction commissions ideas. Not one.
false,We spend more money on antacids than we do on politics.
false,Barack Obama has consistently voted against tougher penalties for criminals.
mostly-true,You see 34 people (are) murdered every single day by gunfire in America.
false,"(Texas Republicans) believe in abolishing Social Security, abolishing V.A. health care."
mostly-true,We created a flat tax in the state of Utah.
barely-true,"If you survey, most (North Carolina) Democrats also agree with our (election) laws and voter ID."
false,The leader of ISIS was imprisoned by American troops and ordered released to Iraq by Obama administration in 2009.
pants-fire,An account of attacks in Benghazi written by former White House press secretary Dee Dee Myers shows that the body of U.S. Ambassador to Libya Christopher Stevens was dragged through the streets and abused.
false,The Pentagon made up the since-debunked heroics of POW Jessica Lynch as she tried to avoid capture in Iraq.
barely-true,"Says Apple products are currently 90 percent conflict-free, and Intel is 100 percent conflict-free."
mostly-true,"Forty percent of gross domestic product is state, local, or federal money."
false,Says that President Obama said that Small Businesses Succeed Because of Government.
mostly-true,Says the Republican state convention is actually larger than the Republican National Convention.
mostly-true,Says Mark Pryor votes with Obama 93 percent of the time.
false,Says Planned Parenthood CEO Cecile Richards was forced to concede that 86 percent of Planned Parenthoods revenue is from abortion.
half-true,"Countries with a higher minimum wage than the United States $7.25 an hour include Denmark at $21, Australia at$15.81, Germany at$11and France at$12.35."
true,"Youve got each day 10,000 new seniors, baby boomers, becoming eligible for the entitlement programs."
false,Says President Barack Obamas parents were communists.
pants-fire,"Bill White ... supports the ObamaCare socialized medicine plan, as well as Cap and Trade legislation that would kill thousands of Texas jobs."
false,"Some of the things that (Megyn Kelly) said, I didnt say."
half-true,"In Florida, for eight years we cut taxes every year, totaling $19 billion."
false,Thomas Paine wrote that the duty of a patriot is to protect his country from his government.
pants-fire,99% of NJ voters do NOT support hunting.
barely-true,"It is estimated that every $100 million spent on construction generates 3,000 new jobs."
half-true,"Research found that over the course of the existence of the Brady Bill ban, the use of assault weapons in crimes decreased by two thirds."
half-true,"By the time you drink your coffee, an elephant is killed for its ivory tusks."
mostly-true,We have not had unemployment this high for this long since the Great Depression.
half-true,There are more Hoosiers going to work than ever before.
false,"Says professional football coach Rex Ryan won championships in New York.The AFC, I think, twice."
pants-fire,The stimulus created zero jobs.
true,Theres no money for Planned Parenthood in the bill that would keep the government open.
barely-true,"The United States has 10,000 IRS agents making sure that you dont take an improper charity deduction, but to fight terrorism, it has less than two dozen people focusing on countering violent extremism at home."
mostly-true,The U.S. Senate has one manufacturer thatd be me.
mostly-true,"This year, were off to our best private-sector jobs growth since 1999."
true,"Right now, Texas doesnt have an income tax and Oklahomas lowering their income tax rates, and guess what their severance tax is? Sky high."
mostly-true,A Penn State University study found that electronic cigarettes . . . are far less addictive than cigarettes.
half-true,It is estimated that Arizona has lost more than $100 million in hospitality industry revenues since passage of the Arizona immigration laws.
false,"John McCain accused Barack Obama ""of letting infants die."""
true,Says Oregon is near the top or at the top of the list when it comes to capital gains tax
pants-fire,Final election 2016 numbers: Trump won the popular vote.
mostly-true,The state of Florida has seen double-digit drops in alcohol use among teens.
half-true,Says Republican recall challenger Jonathan Steitz failed to pay his taxes.
barely-true,"Portland Public Schools invites well-paid, well-fed school bureaucrats, administrators, teachers, other staff, non-needy students, affluent parents of students, and other adults, including on the other extreme the adult homeless, illegal aliens, fanatical Muslim terrorists, or drug addicted street people, to enjoy cheap breakfasts in taxpayer-paid school facilities amidst school children."
half-true,Says Lee Leffingwell raised property taxes 20 percent in three years.
mostly-true,"California Republican gubernatorial hopeful Meg Whitman ""contributed to, and campaigned, for"" Democratic Sen. Barbara Boxer."
false,Says Gov. Scott Walkers proposed budget would sell off Wisconsins state parks.
mostly-true,Eighty percent of the American people support an approach (to federal budget problems) that includes revenues and includes cuts.
half-true,"According to the Congressional Budget Office, as many as 20 million Americans could lose their employer-based insurance thanks to Obamacare."
true,"Before April 22, we have restored the rights of more than 18,000 individuals, which is more than the past seven governors combined in their four-year terms."
false,"Says Bill White didnt pay taxes while earning $133,600 annual salary as deputy secretary of energy."
barely-true,Sherrod Brown supported President Obamas $453 billion tax increase.
pants-fire,"In the past two years, Democrats have spent more money than this country has spent in the last 200 years combined."
barely-true,There is debate among constitutional scholars about whether the First Amendment will continue to protect faith leaders from being forced to perform marriages against their religious beliefs.
half-true,Were borrowing 20% of (the federal) budget.
pants-fire,﻿Says JoAnne Kloppenburgs side had a 3-to-1 money advantage in the Wisconsin Supreme Court campaign.
half-true,"Zero Planned Parenthood facilities are licensed to do mammograms. Planned Parenthood, women dont need you!"
barely-true,Says the Simpson-Bowles deficit reduction proposal urged raising $2 trillion in new revenue.
half-true,We just cant afford to pay 100 percent of government employee benefits.
barely-true,Says Supreme Court Justice Sonia Sotomayor has animmigrant family background.
barely-true,Says Jeanne Shaheen voted to pave the way for a new national energy tax.
false,No one questioned that she (Judge Sotomayor) was out of the mainstream.
false,"Weve seen in this last year tremendous things happening, including our unemployment rate come down 2 percentage points."
false,The Republican National Convention is a Super Bowl times four.
false,Barack Obama opposed a bill that would have saved Gianna Jessen's life.
pants-fire,Solar panels drain the suns energy.
false,Says Mitt Romney supports cap and trade.
pants-fire,"When one person sneezes, it goes all the way through the aircraft."
mostly-true,Says the United States has the highest corporate tax rate in the world.
half-true,Says he supported the 1994 crime bill because there is a ban on assault weapons in that bill.
pants-fire,I'm probably one of the four or five best-known Americans in the world.
barely-true,"Saysthe State Department has had half a year to respond to a Benghazi document request, yet I have not gotten a single, solitary scrap of paper."
true,Currently it costs more than a penny for the U.S. Mint to make a one cent coin and more than a nickel to make the five cent piece.
false,"Says his bill, HB 97, would prevent the use of taxpayer dollars on abortions."
false,Virginia House Speaker Bill Howell is allied to group pushing MIXED SEX BATHROOMS in Stafford Schools.
true,"Over the last six months, President Barack Obama has golfed 10 times and held 106 fundraisers, but his jobs council has never met."
mostly-true,"Palin ""inherited a city with zero debt, but left it with indebtedness of over $22-million."""
false,Says Jeb Bush has released 10 percent of his emails.
mostly-true,The gap between the very rich and everyone else in America is wider today than at any time since the 1920s.
barely-true,"In the event of a U.S. strike on Syria, the Russians will replace the weapons immediately. Theyve said it on the record. Theyve suggested they might even replace it with better stuff."
mostly-true,"On financial reform, there is ""a million dollars being spent, per congressman, in lobbying expenses on this issue. (The) industry has four lobbyists per member of the House and Senate working on this."""
true,Maurice Ferre says Kendrick Meek has voted 98.6 percent of the time with the Democrat party.
true,Connecticuts take on slot machines is 25 cents on the dollar. And the states take on table games: zero.
true,"Already this calendar year, since January 1, we have had more than 20,000 people come across the border, apprehended, unauthorized."
mostly-true,Medicare has spent $172 million on penis pumps in the last five years at $360 a pop.
false,"In the last five years, 28,000 people have been killed along the U.S.-Mexico border."
false,John wasn't this raging populist four years ago when he ran for president.
half-true,"Between June 30 and July 10, CNN interviewed 17 Israeli public officials versus onePalestinian official."
barely-true,Says Betty Sutton and House Democrats gutted Medicare by $741 billion to pay for Obamacare.
true,John McCain says it's okay with him if the U.S. spends the next thousand years in Iraq.
mostly-true,Says a rather extraordinary amount of non-classroom employees were added by Texas school districts over the last decade.
pants-fire,"If you actually took the number of Muslims [sic] Americans, we'd be one of the largest Muslim countries in the world."
mostly-true,[N]early one in three primary care doctors are forced to limit the number of Medicare patients they see.
true,We now do have evidence that Donald Trump is being used as a recruiting tool for terrorists.
mostly-true,"Says Tim Pawlenty said in 2006, The era of small government is over... the government has to be more proactive and more aggressive."
barely-true,"According to the nonpartisan Congressional Budget Office, the IRS would need to hire over 16,000 people ... to audit the American people and impose the new taxes and mandates of the health care bill."
half-true,"When I left the Senate, we were on a trajectory towards a balanced budget."
mostly-true,"Says Secretary of State John Kerry, when he was a senator, flew to Managua and met with a communist dictator there, Daniel Ortega, and accused the Reagan administration of engaging in terrorism."
barely-true,"Under the DREAM Act, after two years of higher education or military service you are eligible for citizenship. Once a citizen, this paves the way to bring the rest of (your) extended family to the United States."
barely-true,"ISIS lures women with kittens, nutella."
half-true,Electricity rates are 40 percent higher in states that have required utility companies to use a certain amount of renewable energy such as solar power.
half-true,"When I was mayor of New York City, I encouraged adoptions. Adoptions went up 65-70 percent. Abortions went down 16 percent."
barely-true,U.S. global AIDS spending helped reduce political instability and violence by 40 percent in recipient nations.
half-true,"Barack Obama supports plans to raise ""income taxes ... payroll taxes."""
true,Were borrowing 40 cents of every dollar we spend.
pants-fire,"Nearly 40,000 new jobs have been created in the last year due to the new wells . . . right here in Ohio."
mostly-true,Says Donald Trump wants to deport our Dreamers.
false,Rick Scott has said that he would do away with the Department of Community Affairs.
true,Americans spend 6.1 billion hours a year complying with tax law. It costs us $163 billion to comply with our tax laws annually.
false,Im the only one whos fought against developers draining the Everglades!
half-true,"When Colorado eased its medical marijuana laws, fatal accidents involving pot-using drivers soared while overall traffic fatalities decreased."
true,"From 05 to 09, weve had 1,100 soldiers commit suicide, one every 36 hours."
mostly-true,"The average student loan debt in Texas is over $22,000...the cost of an average size pickup truck. But unlike car owners, students are not allowed to refinance their loans at lower rates."
false,"In 1992, Barack Obama directed ""Project Vote - an arm of ACORN that also encouraged voter registration."""
pants-fire,The National Rifle Association was founded by religious leaders who wanted to protect freed slaves from the Ku Klux Klan.
true,Says he followed state law and the precedent of other Massachusetts governors when he erased electronic communications as he left office.
half-true,Americans now support strikes (against ISIS) but the support for ground troops is not there. The support is very thin.
mostly-true,About 57 percent of registered Democrats in the new (9th Congressional) district come from my old district.
false,Claims Supreme Court Justice Ruth Bader Ginsburg said she prefers the South African Constitution over the United States Constitution.
half-true,Buck wants to privatize Social Security.
mostly-true,"At the time that (Medicare Part D) was passed (it) was actually less popular than the Affordable Care Act, according to the polls."
true,Both the Democratic and Republican candidates for president in 2016 are quite unpopular.
true,Says our deficits are falling at the fastest rate in 60 years.
pants-fire,"Says that at a campaign rally President Barack Obama spent so much time screaming at a protester, and frankly it was a disgrace."
mostly-true,"The United States is about 100th in voter turnout among the industrialized nations, and Texas is near the bottom in terms of voter registration and voter turnout."
mostly-true,"In terms of the wealthiest Americans, were at the lowest tax rate since the 1950s."
mostly-true,"Republican candidate for governor Allan Fung donated to Democrats like Congressman David Cicilline, disgraced (House) speaker Gordon Fox and even Mr. Obamacare, Harry Reid."
mostly-true,Theres pretty much no question that [the curfew ordinances] arent effective in either reducing crime or preventing harm to young people.
true,Says Ron Paul doesnt believe in marriage licenses.
half-true,''Both Democrats and Republicans are advocating for the use of student test scores to measure teacher effectiveness.''
false,Says he got lobbied by a woman with late-stage cancer about vaccinating Texas girls against a virus that can cause cervical cancer.
barely-true,The [Obama] administrations regulatory assault on coal-fired energy has put thousands of Americans out of work
false,"Prior to Obamacare here in Wisconsin, 95 percent of Wisconsinites were covered by insurance. After Obamacare, 95 percent of Wisconsinites were covered by insurance. It hasnt had an impact."
true,"Were losing almost 6,000 state jobs."
true,Our reserves are now in much better shape than they were just a few years ago.
false,Says Tom Perriello voted to give tax breaks to foreign companies creating jobs in China.
false,Congressman Nye voted against a bill which would have defunded the $5-10 billion the IRS needed toimplement health care legislation.
barely-true,"Cuccinelli wants to make all abortion illegal, even in cases of rape and incest, even to protect a womans health."
pants-fire,You know our current president is (Muslim). You know hes not even an American.
true,Says car insurance rates have decreased since about a decade ago because of market-based solutions that attracted more auto insurers to New Jersey.
barely-true,Kids coming from an affluent background are taking advantage of all these student loan programs and grants while many middle-class families with no connection to college are picking up the tab.
half-true,"Between Austin, San Antonio, Houston and Dallas over 8,000 same-sex couples are raising children."
barely-true,Social Security has nothing to do with the federal deficit.
half-true,"Says Canada has one-tenth of our populationyet it issues far more high-skilled visas (more than 150,000) yearly than we do (65,000)."
true,"Weve had 11,000 attempts to amend the Constitution since 1789."
false,"In my years in the State Legislature, I have never voted for a tax increase."
mostly-true,"McCain and Bush are millionaires who are ""for tax cuts for millionaires."""
barely-true,"Says under the Affordable Care Act, New Jerseys new (Medicaid) enrollees wont qualify for the matching federal funds simply because we added them onto the rolls before 2014."
barely-true,Marco Rubio voted against funding health clinics that provide critical care during this public health emergency (Zika).
mostly-true,Tallahassee is the ninth-rainiest (city) in the nation.
half-true,The actions Im taking are the kinds of actions taken by every single Republican president and every single Democratic president for the past half-century.
half-true,380 Americans have been killed in 294 mass shootings in 2015 alone.
false,Recent studies have confirmed that any academic benefits of government funded preschool disappear by the fourth grade.
mostly-true,Interior deportations under Obama were down 40 percent and at a nine-year low.
mostly-true,Says North Carolina is home of the largest military installations in the world.
mostly-true,"The Buffett rule raises virtually no money, maybe a day and a half of our borrowing per year."
mostly-true,Georgia lawmakers balanced the budget without raising taxes on residents.
half-true,Says Rick Scotts record on jobs includes Florida ranked 2nd in the nation in long-term unemployment.
pants-fire,PolitiFact Wisconsin concluded that the charge that Justice Prosser prejudges matters that come before the court is True.
true,Salaries for Virginias teachers are below the national average.
half-true,The final pitch of Don Larsens perfect game in the 1956 World Series was a foot and half probably high and outside.
mostly-true,Says Jeff Stone = Scott Walker.
half-true,"Obamacare insurance cooperative failures should be expected because theyre like any business, and when you start businesses in America, at the fifth year, half of the businesses have closed."
barely-true,Says Missouri Democratic Senate candidateJason Kander is attending fancy dinners all over the country.
half-true,Puerto Ricos $70 billion debt is unsustainable and it is unpayable. And the reason why it is unsustainable has everything to do with the greed of Wall Street vulture funds.
mostly-true,We have the highest (corporate tax rates) in the world right now.
barely-true,The only reason the unemployment rate is going down is because twice as many people dropped out of the employment pool as the number of jobs were created.
barely-true,There are over 100 pipelines between the United States and Canada right now.
false,"Insurers delayed an Illinois man's treatment, and he died because of it."
half-true,"In Texas, sexting is a felony sex offense for teenagers that can mean up to 10 years in prison."
mostly-true,Says the number of Americans living at or below the poverty line is at its highest level since 1964.
false,"For the first time since 1990, American manufacturers are creating new jobs."
half-true,"29 mass shootings have been committed by concealed carriers since 2007, while during this period only one (1) licensed civilian meaningfully intervened in a mass shooting."
barely-true,We have the best schools in the United States.
false,Says HillaryClintons immigration platform would create totally open borders.
barely-true,There is majority support for the Democrats' health care plans.
false,"So that 2005 energy bill was a big step backwards on the path to clean, renewable energy. That's why I voted against it."
true,Says Florida refused to allow theinsurance commissioner to negotiate lower rates with companies or refuse rates that are too high under Obamacare.
false,"When I was growing up as a kid in the city of Milwaukee, if we averaged 4 homicides a year in the entire city that was a record number."
mostly-true,"There are at least 23 countries that refuse to take their people back after theyve been ordered to leave the United States, including large numbers of violent criminals."
barely-true,A proposed mine in Wisconsin is about two-thirds the size of Lake Winnebago.
mostly-true,Says David Vitter answered a prostitutes call minutes after he skipped a vote honoring 28 soldiers who gave their lives in defense of our freedom.
true,Speakers at the Democratic National Convention made zero mentions of the global terrorist threat posed by ISIS.
half-true,"Says Miami-Dade mayoral candidate Julio Robaina has the highest salary among Florida mayors. More than $260,000."
true,The Children's Defense Fund rated McCain as the worst senator in Congress for children.
false,"Under Scott Walker, the Wisconsin middle class is shrinking at a faster rate than any other state in the country."
true,"Since taking office in January 2011, the rainy day fund has increased by 226 percent."
mostly-true,Says middle-class New York State residents will have the lowest tax rate in 70 years.
mostly-true,"The Central Falls fire department is one of the lowest, if not the lowest, paid fire departments in the state and entire region."
half-true,Cincinnati is already one of the biggest cities in the country to run 100 percent on clean energy.
half-true,"Florida ranks ""45th out of 50 states'' for its regulatory climate for business."
mostly-true,The University of Wisconsin System is larger than any business in the state of Wisconsin.
mostly-true,We have the most productive workers in the world.
true,We have had some significant accomplishments on a bipartisan basis.
barely-true,The largest low-wage employer is not McDonalds or Walmart but the U.S. government.
half-true,On support for Common Core education standards
mostly-true,John McCain has seven houses.
true,"Says in our region, 2011 was worst drought year ever recorded."
true,Says Obama opposes offshore drilling and a gas tax holiday.
barely-true,Says the states rainy day fund is our insurance policy against a major natural disaster.
true,"In 2011, more people were murdered with knives, hands or feet or clubs and hammers than with any type of rifle."
true,Im the only member of the House of Representatives who raised most of his campaign funds in the last election from small contributions of less than $200.
pants-fire,Scott Fisher tried to expand Obamacare in Texas and even voted for an official resolution to force 1 million Texans into Obamacare.
barely-true,"Since President Obama took office in January 2009, the federal government has issued more than 468,500 pages of regulations."
mostly-true,"(Deborah) Ross defends those who want to burn the American flag, and even called efforts to ban flag-burning ridiculous, yet refused to help a disabled veteran fly the flag."
true,"During the Civil War, more than 300,000 Ohioans served in the Union Army -- more per capita than any other state."
barely-true,"Over 10 years, (extending tax cuts for the wealthy) would add less to the deficit than Obama added with the stimulus in one year."
mostly-true,"When this campaign began, I said that weve got to end the starvation minimum wage of $7.25, raise it to $15. Secretary Clinton said lets raise it to $12."
half-true,Says Indiana Gov. Mike Pence advocated diverting taxpayer dollars to so-called conversion therapy.
mostly-true,Sen. Arlen Specters party switch could end up giving Republicans the ability to filibuster judicial nominees at the Judiciary Committee level so that the nominees never get out of committee.
mostly-true,Says Ron Johnson voted to turn Medicare into a voucher program.
true,"The company I created, Point Judith Capital, ""is the only venture capital firm in Rhode Island."""
mostly-true,Kelly Ayotte has voted four times against the federal Paycheck Fairness Act.
half-true,Says Abraham Lincoln supported an agreement that allowed slavery in New Mexico and a law to return runaway slaves to their owners.
half-true,"Americans spend 100-million hours a year filling out these forms (FAFSA). That is the equivalent of 55,500 full-time jobs."
mostly-true,Texas now has the second-highest high school graduation rate in the country. And it has the highest graduation rate for African Americans and Hispanics.
half-true,"The CDC issued a report commissioned by President Obama just earlier this year, and it found some very inconvenient facts. Armed citizens are less likely harmed by attackers. Effectiveness of gun control laws is mixed. Gun buybacks dont work."
false,"For four years, we balanced the budget and paid off $405 billion in debt."
false,"For every dollar (in the stimulus package) that is spent to help small businesses, $4 is being spent to help upkeep the grass on the lawns of Washington."
half-true,The Orlando shooter used a weapon of war.
half-true,Says Marco Rubio wanted to cut Social Security and Medicare because he said theyre bankrupting our country.
false,"Under a new law, doctors performing drug-induced abortions could be charged if women dont return to them for follow-up care"
half-true,The city of Houston now has more debt per capita than California.
barely-true,Says Russ Feingold cut Medicare by $523 billion.
barely-true,"The United States has more of our people in prison than Russia, China, and North Korea combined."
barely-true,"We haven't built a refinery, I think, in 30 years."
half-true,I will keep taxes low and cut them where I can. My opponent will raise them.
true,"(Obama) did accept donations from lobbyists and PACs and he spent money in this campaign from that, through his political action committee."
half-true,"The average state pension, including managers, is $23,000 a year; and just $14,000 for local government workers."
true,Says 90 percent of Americans and 74 percent of National Rifle Association members support background checks of gun purchasers.
