text,label
“El régimen de Irán ha confesado que (el Cuerpo de la Guardia Revolucionaria Islámica) bombardeó por error… una escuela iraní” el 28 de febrero.,false
Iran released a list of U.S. cities it will target.,false
"The Biden administration ""reversed"" a policy of deporting people in the country illegally who have committed felonies.",false
The 2015 Iran nuclear agreement “gave (Iran) the right to have top-of-the-line nuclear weapons.”,false
"Artificial intelligence data centers ""drive up electric bills by 30 or 40%"" and ""suck up 500,000 gallons of water a day.”",half-true
"Video shows a US air base in Riyadh, Saudi Arabia, being destroyed by Iran.",false
On the US seeking regime change,full-flop
"NC state Sen. Phil Berger, R-Rockingham, “killed a bill banning sex-change surgeries for minors.”",barely-true
"“There is no history … that shows an air campaign alone will result in positive regime change. In fact, there's not a single example of it in the entirety of American history.”",mostly-true
“The regime in Iran has now confessed that the (Islamic Revolutionary Guard Corps) mistakenly bombed an Iranian school yesterday.”,false
"“Israeli shooter opened fire inside an Austin (Texas) bar” on March 1, 2026.",false
Videos show Iranian missiles struck and damaged the USS Abraham Lincoln aircraft carrier.,pants-fire
"U.S. men’s hockey Olympian Brady Tkachuk said about the Canadian hockey team, “They booed our national anthem, so I had to come out and teach those maple syrup eating f----s a lesson.”",pants-fire
An Instagram video shows a New York City man sculpting a car out of snow.,false
An audio clip reveals a Jeffrey Epstein victim’s account of abuse by the Clintons.,pants-fire
"President Donald Trump’s tariff policies “have forced American families to pay more than $1,700 each in tariff costs” since last year.",mostly-true
Says Sam Page “got busted calling Trump’s (immigration) plan unrealistic.”,false
“Nearly 27% of all homes sold in the first quarter of 2025 were bought by investors.”,half-true
"Imagen muestra a Puerto Vallarta, México, después de la muerte de Nemesio “El Mencho” Oseguera Cervantes, el líder del Cártel Jalisco Nueva Generación.",false
"After U.S. vessel strikes in the Caribbean Sea and Pacific Ocean, “drugs entering our country by sea are down 97%.”",false
"Image shows Puerto Vallarta, Mexico, after the killing of Nemesio “El Mencho” Oseguera Cervantes, the head of Jalisco New Generation Cartel.",false
Says “90% of health care spending treats chronic disease.”,false
New York ranks No. 1 in the nation for individual tax burden.,mostly-true
The Epstein files “expose Ellen DeGeneres” as a cannibal.,pants-fire
"Savannah Guthrie's husband’s company is listed as a ""co conspirator"" in the Epstein files, “in case you're wondering why now of all times for (her) mother to be 'kidnapped.'""",false
"Crime in Minneapolis “is down 25, 30% because we’ve removed thousands of criminals from the area.”",barely-true
“New Yorkers pay 49% more than the national average for electricity.”,mostly-true
Said she has led the House effort to build a large Micron semiconductor facility near Syracuse.,half-true
"""The crime rate now is the lowest it's been since 1900. That's 125 years.""",half-true
"“Durante su presentación en el Super Bowl, Bad Bunny le regaló su premio Grammy a Liam Conejo Ramos”, el niño de 5 años que fue detenido por ICE.",false
An image shows Bad Bunny wearing a dress and burning the U.S. flag.,pants-fire
“We right now have more factories and plants being built in our country than we've ever had before.”,half-true
"During the Super Bowl halftime show, “Bad Bunny brought Liam Conejo Ramos onto the stage,” the 5-year-old detained by Immigration and Customs Enforcement in Minneapolis.",false
"An image shows Jeffrey Epstein “still alive and walking the streets of Tel Aviv,” Israel.",pants-fire
"Under Michigan Gov. Gretchen Whitmer, there are “fewer families living in poverty” than under her predecessor.",half-true
"Among Somalis in Minnesota, “92% of them don’t work.”",pants-fire
"Images show New York City Mayor Zohran Mamdani as a child with his mother, Mira Nair, and Jeffrey Epstein.",pants-fire
"In artificial intelligence, “We're leading China by a lot.”",half-true
The Federal Emergency Management Agency’s “backlog of unanswered disaster assistance applications has exploded to the largest in its history.”,mostly-true
"""Right now we're focused on Minneapolis because that's where we have the highest concentration of people who have violated our immigration laws.""",false
"An image shows Alex Pretti holding a gun, not a phone, while pinned by federal immigration agents in Minneapolis.",false
“You cannot bring a firearm loaded with multiple magazines to any sort of protest that you want. It’s that simple.”,barely-true
Protesters against the federal immigration crackdown in Minnesota are conducting “fake protests done by agitators and professional insurrectionists. …They're professional troublemakers.”,false
Trees can explode if temperatures drop to 20 degrees below zero.,barely-true
Evan Kilgore is one of the Border Patrol agents who shot Alex Pretti in Minneapolis.,pants-fire
"Donald Trump posted on Truth Social, “Only criminals carry guns on our streets, we need law and order.”",pants-fire
"“Trump’s $2,000 tariff dividend is live but you must act.”",false
"Video showing a vacant lot at a Venice, California, address where 26 voters were registered exposes voter fraud.",false
The former U.S. childhood vaccine schedule called for babies to get “72 injections.”,false
“No están recibiendo el entrenamiento tradicional de cinco meses… .El entrenamiento para los agentes de ICE ahora es de 47 días”.,mostly-true
A letter sent to postal service employees about working during emergencies such as civil unrest is a sign that President Donald Trump will impose martial law.,false
"“By federal law, if you sign someone up for Medicaid, you also give them the right to vote. … This is political patronage at the expense of Medicaid.”",false
"""If we stop this fraud, this massive fraud, we're going to have a balanced budget.""",false
A document shows Minnesota shooting victim Renee Good had a record of child abuse.,false
Credit card companies would be “in violation of the law” if they don’t cap interest rates at 10% by Jan. 20.,false
“They are not getting the traditional five months training. … The training for the ICE agents now is 47 days.”,mostly-true
Images of an unmasked man show the immigration officer who shot a woman in Minneapolis.,pants-fire
Viral photo shows the woman killed by an ICE agent Jan. 7 in Minneapolis.,false
"The Justice Department has been investigating fraud in Minnesota “for months. So far, we have charged 98 individuals.”",half-true
Maduro was “flooding America with deadly fentanyl.”,false
Venezuelan leader Nicolás Maduro “was releasing people from his prisons and sending them to our southern border under the Biden administration.”,false
"Video shows “leaked Donald Trump audio about the Epstein files and Venezuela.""",false
Gov. Tim Walz had Democratic lawmaker Melissa Hortman killed.,false
Video shows “millions of Venezuelans flooded the streets of Caracas” to celebrate Nicolás Maduro’s capture.,false
Images and videos show aftermath of Venezuelan President Nicolás Maduro’s capture.,pants-fire
Brown University student Mustapha Karbouch was a suspect in school shooting.,false
Images from Jeffrey Epstein “archives” show President Donald Trump and Epstein with young women.,pants-fire
Image shows Rob Reiner tweeted in 2023 that he would stop posting until “Trump goes to prison.”,false
Gov. Kathy Hochul has raised taxes.,half-true
The U.S. has received promises of investments totaling $18 trillion to $22 trillion since January.,false
“I take responsibility for putting people in jail” in Minnesota fraud scandal.,false
Video muestra noticia de “última hora” en el que el presidente venezolano Nicolás Maduro se “rindió públicamente” ante el presidente Donald Trump.,pants-fire
"Any pardon signed with an autopen is now ""fully and completely terminated, and is of no legal effect.""",false
A new North Carolina law “prohibits the use of wireless communication devices while driving.”,false
"Video shows “breaking” news that Venezuelan President Nicolás Maduro ""publicly surrendered"" to President Donald Trump.",pants-fire
"“This Thanksgiving, turkey prices are at their lowest point since 2000.”",false
"The Trump administration removed nursing from the list of professional degree programs, affecting aspiring nurses’ student loan access.",half-true
“I have just gotten the highest poll numbers of my ‘political career.’”,false
"“There’s about 1,400 criminal illegal aliens that, right now, are in North Carolina and Charlotte’s jails that they refuse to turn over to ICE law enforcement.”",false
West Virginia is “the only state losing population.”,false
A pro-Donald Trump Montana town planned a “pedophile bonfire” in a park for burning Trump flags and MAGA hats.,pants-fire
“We’re not cutting science. We’re not cutting research.”,pants-fire
Housing is expensive “because we flooded the country with 30 million illegal immigrants” and because of a housing shortage.,barely-true
"Stock prices for health insurance companies are “up over 1,000% over a short period of time.”",half-true
Video shows President Donald Trump patting President Bill Clinton’s crotch.,false
“Evidence suggests that 1 in 25 women who consume (abortion) pills are hospitalized.”,barely-true
“My tariffs … are helping to slash the deficit this year by more than 25%.”,false
Walmart’s 2025 package of Thanksgiving dinner ingredients shows a “25% reduction in costs for Thanksgiving between (President Joe) Biden and me.”,barely-true
“DOGE halts yearly payment of $2.5 million to Barack Obama for ‘royalties linked to Obamacare.’”,pants-fire
“North Carolina teachers are already the lowest paid teachers in the south.”,barely-true
“RFK Jr. flees the scene after Novo Nordisk Executive Gordon Findlay collapsed in the Oval Office.”,false
New York City Mayor-elect Zohran Mamdani “is bringing Sharia law to America.”,pants-fire
Voting in California is “rigged.”,pants-fire
"New York state has ""no ID requirement"" to vote, and people could lie about their address and ""vote in multiple precincts.""",barely-true
“The New York City ballot form is a scam” because “mayoral candidates appear twice.”,false
"The federal government “decided to shut down the SNAP machines, so that they can’t be used.”",false
The majority of Supplemental Nutrition Assistance Program recipients are not U.S. citizens.,false
“No American citizens have been arrested or detained” during the Trump administration’s immigration crackdowns.,pants-fire
"In Florida, “68 to 70% of property tax revenue” is from “second homes, investment properties, commercial properties, Airbnb,” not primary residences.",mostly-true
"“To all ICE officers, you have federal immunity in the conduct of your duties.”",barely-true
Walmart will close to in-store shoppers and allow only online orders and curbside pickup starting Nov. 1 because of an expected Supplemental Nutrition Assistance Program funding lapse.,pants-fire
"""Overall, the inflation since President Trump” took office “has come down.""",half-true
"Video shows Hurricane Melissa hitting Jamaica on Oct. 26, 2025.",false
"An ad from the government of Ontario, Canada, “misrepresents” President Ronald Reagan’s April 25, 1987, address about tariffs.",barely-true
"“The Trump administration just declared that erecting a ballroom is the president’s main priority,” rather than issues such as the cost of living and health care.",false
"Con respecto a los ataques contra las embarcaciones en las costas de Venezuela, “por cada barco que destruimos, salvamos 25,000 vidas estadounidenses”.",pants-fire
A new White House ballroom “won't interfere with the current building.”,full-flop
"“About 25% of the time the Coast Guard boards a ship, there are no drugs.”",mostly-true
"“Fifty percent of the presidents, almost, have used (the Insurrection Act). And that's unquestioned power.”",barely-true
"""Political violence, it's just a statistical fact that it's a bigger problem on the left.”",barely-true
Video shows “No Kings” protest in the United Kingdom.,pants-fire
Democrats are “dishonestly sending around a video from 2017” claiming it was an Oct. 18 ‘No Kings’ rally in Boston.,false
Florida will be the “hardest hit” state in the country if enhanced Affordable Care Act subsidies expire.,mostly-true
"“We’ve never had a president that solved one war, not one war.”",pants-fire
"Regarding boat strikes off the coast of Venezuela, “Every boat that we knock out we save 25,000 American lives.”",pants-fire
Un video muestra un “arresto por robo que la policía de Chicago realizó hace más de un año”.,false
"As the Trump administration pursues mortgage fraud charges against Letitia James, “there are three Cabinet members who committed mortgage fraud that he’s just letting fly.”",barely-true
"“Trump’s budget called for a $300 (million) cut” to the Women, Infants and Children program.",true
“Vaccine makers are exempt from all liability for vaccine injury and death.”,barely-true
A video shows a “burglary arrest Chicago Police made over a year ago.”,false
"“If you vote no on Prop 50 to stop the redistricting, it shows through the envelope,” making it easy for Democrats to cheat.",barely-true
“It's going to be the biggest infusion of federal dollars into rural health care in American history.”,barely-true
"“El CEO de Coca-Cola, James Quincey, lanzó un ultimátum contundente: cancelen la actuación de Bad Bunny en el Super Bowl o la marca terminará su patrocinio del evento.”",pants-fire
"“As a condition for ending the Democrat shutdown, Democrats want hospitals (to be) paid MORE to treat illegal aliens than American citizens.”",false
“The FBI tapped my phone” and those of other senators.,barely-true
“Coca-Cola CEO drops bombshell ultimatum to NFL — pull Bad Bunny from Super Bowl halftime or lose our $100 (million) sponsorship!”,pants-fire
Democrats shut down the government because they want “health care for illegal aliens and funding for free abortions.”,false
“Portland is burning to the ground.”,false
“Los demócratas están amenazando con cerrar todo el gobierno porque quieren dar cientos de miles de millones de dólares en beneficios de cuidado de salud a los inmigrantes ilegales”.,false
"Thirty percent of U.S. medical residents are international medical graduates, and 10,000 of 43,000 residency spots are filled by H-1B visa holders.",half-true
“You never heard Biden say” the U.S. has “the strongest military anywhere in the world.”,pants-fire
“Democrats are threatening to shut down the entire government because they want to give hundreds of billions of dollars of health care benefits to illegal aliens.”,false
"On Jan. 6, 2021, 274 FBI agents were “probably acting as agitators and insurrectionists, but certainly not as ‘law enforcement officials.’”",pants-fire
"People with insurance through the Affordable Care Act will see a “75% increase in premiums starting Nov. 1” if enhanced subsidies are not extended, including “twice as much in the rural areas.”",mostly-true
"“If the government shuts down, members of Congress still get paid. The janitors never get paid.”",mostly-true
"""Republicans have effectively ended medical research in the United States of America.""",barely-true
"During Gov. Hochul’s tenure, there has been “more crime on our streets.”",mostly-true
"Small children are given ""80 different vaccines.""",false
“Erika Kirk is banned from Romania because her Evangelical group was accused of trafficking children out of Romanian villages.”,false
The U.S. currently has “no inflation.”,false
“I have ended seven unendable wars.”,barely-true
“There's no downside” to avoiding Tylenol or acetaminophen use while pregnant.,pants-fire
"There was not “a single, prominent conservative voice in the country that even remotely wanted or hoped or was pushing to get Jimmy Kimmel taken off the air.”",false
Former President Barack Obama eliminated a law that “held news corporations accountable for lying to the American people.”,false
“Republicans are spiking health insurance premiums by 75% for everyday Americans” if they don’t extend enhanced Affordable Care Act subsidies.,mostly-true
“North Carolina has just approved a law permitting foreign doctors to practice without completing U.S. training or licensing exams.”,barely-true
Former North Carolina Gov. Roy Cooper “bears direct responsibility” for the fatal stabbing of a woman on the Charlotte rail system.,false
A book on Amazon titled “The Shooting of Charlie Kirk” with a Sept. 9 publication date is evidence the event was staged.,false
"“Wind and solar energy infrastructure is essentially worthless when it is dark outside, and when the wind is not blowing.”",false
Video shows Chicago salt trucks were used “to slow traffic and block access points in response to an incoming ICE operation.”,false
Las cifras de la Oficina de Estadísticas Laborales de EE.UU. muestran que “tenemos 1.6 millones de inmigrantes ilegales que han regresado a su país de origen voluntariamente”.,half-true
“Groceries are down. Energy is way down. ... Was $4 and $5 for a gallon of gas.”,half-true
“The average American worker has already seen a $500 wage increase this year.”,half-true
“Everybody can get” the COVID-19 vaccine.,barely-true
Every school vaccine mandate “drips” with “slavery.”,pants-fire
"U.S. Bureau of Labor Statistics statistics show, “We have 1.6 million illegal aliens that have gone home voluntarily.”",half-true
President Donald Trump’s “official schedule was suddenly suspended.”,false
The U.S. Census included a citizenship question “for over 150 years” before the Obama administration.,false
A Vanity Fair cover featured first lady Melania Trump as “The American Queen.”,pants-fire
"Following the passage of a 2022 gun safety law, mass shootings “began to drop.”",half-true
"In Washington, D.C., “We always have a murder a week.”",false
"""If you go back to World War II, if you go back to World War I, if you go back to every major conflict in human history, they all end with some kind of negotiation.""",false
An Aug. 23 video shows “the military’s already showing up in Chicago” before a potential National Guard deployment.,false
“We had the biggest tax cut for families that this country has ever seen.”,barely-true
"TikTok videos show police clearing out homeless encampments in Washington, D.C.",false
“Democrats have voted for national independent redistricting. Republicans have not.”,mostly-true
"The Smithsonian Institution includes “nothing about success, nothing about brightness, nothing about the future.”",pants-fire
"With voting machines, ""They say we're going to have the results in two weeks. With paper ballots, you have the results that night.""",false
“We are now the only country in the world that uses mail-in voting.”,false
"La presidenta de México, Claudia Sheinbaum, dijo que la muerte del político colombiano Miguel Uribe Turbay, “Es bueno para Colombia, un político menos de que preocuparse”.",pants-fire
“The (Evers) Era locked Wisconsin families into a 400‑year property tax increase.”,mostly-true
"Washington, D.C., has 41 homicides per 100,000 people, “No. 1 that we can find anywhere in the world.”",false
“Promises kept: negative net migration (in the U.S.) for the first time in 50 years!”,barely-true
The official U.S. government website erased sections of the U.S. Constitution without amending it.,false
"Osos pardos, bisontes y pumas están huyendo del Parque Nacional de Yellowstone hacia Salt Lake City, Utah.",false
“Democrats have 24 more seats (in Congress) than they would have if illegal aliens were not counted in the census.”,false
"Elk, grizzly bears, bison and mountain lions are fleeing Yellowstone National Park to Salt Lake City, Utah.",false
Texas Republicans held one hearing on flood response but eight hearings on redistricting,half-true
"Bureau of Labor Statistics employment numbers “were rigged” when the agency revised them “down by almost 900,000 jobs” after the 2024 election.",pants-fire
“I’ve stopped six wars” since taking office in January 2025.,barely-true
"President Donald Trump “made 4,725 wire transfers” to Jeffrey Epstein, totaling nearly $1.1 billion.",false
"“Home Depot signed a deal that pays them $250 million with DHS, allowing ICE agents to stake out their parking lots and arrest immigrants.”",false
“Guns are the leading cause of death for children in North Carolina.”,mostly-true
“Nearly 25 cents of every $1 spent via SNAP goes to farmers and ranchers.”,true
"Oprah Winfrey refused to open her private Maui road during July 29, 2025, tsunami warnings.",pants-fire
“We gave $60 million two weeks ago” for food aid to Gaza.,half-true
Suspect in July 28 New York City shooting “was shouting Free Palestine and wearing a Keffiyeh.”,false
“There is no starvation in Gaza.”,pants-fire
Democrats paid Beyoncé $11 million for an endorsement.,false
The Jeffrey Epstein plea agreement “was a sweetheart plea deal that was made under the Obama administration.”,false
"Images show “Egyptian youth who put some food, baby formula, rice, and flour in bottles and threw them into the sea, hoping it would reach Gaza.”",false
"“Since Donald Trump's inauguration, we have seen an 11% decline in the value of the dollar, the steepest decline in more than a half a century.”",mostly-true
"“America had a trade surplus in ice cream in 2020 under President Trump's leadership, but that surplus turned into a trade deficit of $40.6 million under President Biden's watch.”",mostly-true
"Florida: #51 in mental health care, #1 in home insurance costs, #1 in elder fraud, #1 in rent hikes.",half-true
Tariffs are “going to pay off our deficit.”,false
"In 2016, after Donald Trump won the presidency, then-President Barack Obama was “trying to lead a coup” with Trump’s opponent, Hillary Clinton.",pants-fire
“The White House just announced that Trump only has four days left” because of his chronic venous insufficiency.,pants-fire
"Under President Donald Trump’s newly signed tax law, “Those making less than $50,000 receive the largest (tax) cuts.”",barely-true
“California provides $83.1 billion more than we receive from the federal government. Texas? Receives $71.1 billion more than they provide to the federal government. 71% of the U.S. GDP comes from blue counties.”,mostly-true
The Jeffrey Epstein files “were made up by Comey. They were made up by Obama. They were made up by Biden.”,pants-fire
"El sheriff del condado Kerr, Texas dijo, “que se debe solicitar la residencia permanente para el equipo de rescate mexicano que rescató a su familia”.",false
"""People tracking the ICE deportation flights have found” the agency is throwing migrants into the middle of the ocean.",pants-fire
"The Kerr County, Texas, sheriff “said he would apply for a green card for the Mexican rescue team that saved his family.”",false
There is “zero impact” from Alligator Alcatraz on the Florida Everglades.,false
"A Congressional Budget Office estimate of people who stand to lose insurance from President Donald Trump’s tax and spending law said “about 5 million … have other insurance,” so “if they lose one (type of coverage), they're still insured.”",barely-true
"“ICE will now become the country’s largest federal law enforcement agency, bigger than the FBI, bigger than the DEA.”",mostly-true
Former Gov. Roy Cooper is scheduled to speak at a Winston-Salem coffee shop July 18 at 11 a.m. about the “future of North Carolina.”,false
"China doesn’t “have a lot of wind farms. … Very, very few.”",pants-fire
Almost 5 million able-bodied Medicaid recipients “simply choose not to work” and “spend six hours a day socializing and watching television.”,false
The Trump administration “has defunded not only the National Weather Service but also what’s known as NOAA.”,barely-true
"President Donald Trump’s tax law has “tax breaks for billionaires, permanent; tax breaks for everybody else, expire.”",half-true
The Rainmaker Technology Corp.’s cloud seeding caused the July 4 flooding in Texas.,false
“Si dios fuera ilegal lo deportariamos palabras del gobernador de Texas”.,false
“Donald Trump acaba de firmar una nueva orden que pone al país en alerta máxima y sella las fronteras para todos los residentes” el 1 de julio.,false
"Una nueva ley permite aplicar a “la residencia permanente de forma directa, rápida y sin salir del país” si los migrantes han vivido al menos siete años en EE.UU.",false
President Donald Trump signed an executive order for “a total border shutdown with no set reopening date” on July 1.,false
"A new “community recognition” law allows people to apply for “permanent residency directly, quickly, and without leaving the country” if they have “resided continuously in the United States for at least seven years, regardless of their current immigration status.”",false
Idaho shooting suspect Wess Roley faced criminal charges and had a no-contact order from his family.,false
The One Big Beautiful Bill will deliver the promise of “no tax on Social Security.”,barely-true
"“If every one of the 340 million people in America paid a new $35 copay to visit the doctor, that still wouldn’t be enough to cover how much Meta would get from just one tax break in Donald Trump's ‘Big Beautiful Bill.’""",half-true
"""Undocumented immigrants paid more taxes last year than Amazon, GM, IBM & Netflix combined.""",mostly-true
"“A lot of times, health care comes with a job.”",half-true
"If the “Big Beautiful Bill” passes, ""hardworking Americans and families will see an average increase in take-home pay of OVER $10,000 per year.""",barely-true
“The tow truck drivers in Los Angeles are quickly towing ICE vehicles improperly parked!”,pants-fire
New York City mayoral candidate Zohran Mamdani is a communist.,false
“BREAKING NEWS: Dolly Parton announces her refusal to celebrate Pride Month in June.”,pants-fire
"“The state of Illinois has a lower income tax rate than we do, and a flat tax. It’s almost half of what the top bracket here in Wisconsin is.”",mostly-true
The Republican tax and spending bill will provide a “tax cut for Social Security recipients.”,half-true
Video shows protesters “outraged” over U.S. attacks in Iran.,false
Video shows a woman wearing a rainbow hijab and a bomb vest who filmed her visit to Iran.,pants-fire
"Photo shows Israeli pilot Sarah Ahronot, who was captured by Iran.",false
Video shows “massive fire after Iranian missile made impact in Tel Aviv” in June 2025.,false
"Four million more people live in Florida, but New York gets $20 billion more for Medicaid, because it covers illegal immigrants and adults without chronic illness.",barely-true
“Governor Tim Walz has DELETED every post he made praising Minnesota (assassin) Vance Boelter.”,false
Image shows accused shooter Vance Boelter wearing a “Resist” shirt.,pants-fire
"Image shows an antifa debit card that can “automatically be funded after looting, rioting and gang stalking.”",false
Video shows the New York Mets “showed a Pride flag instead of the American flag” during the national anthem.,false
The suspect in the Minnesota lawmakers’ shootings was driven by “Marxist” ideology.,pants-fire
"California has lower homicide rates than Alabama, Arkansas and Oklahoma.",mostly-true
Video shows Marine Corps attack helicopter over Los Angeles in response to immigration raid protests.,false
Photos show Travis Kelce and Taylor Swift participated in a “No Kings” rally.,pants-fire
"Says Karoline Leavitt said, “America cannot function if President Trump has to deal with co-equal branches of government having the ability to check his power.”",false
"Companies called “T-Mellon Events” and “Fight Fite Fight LLC” are offering to pay “seat fillers” in Washington, D.C, on June 14.",false
Immigration and Customs Enforcement agents raided Los Angeles' Gratts Learning Academy during a June graduation ceremony.,false
"Video shows woman exiting her car during the 2025 Los Angeles protests, shouting, “I have babies in the car!”",false
Craigslist ad was “recruiting people for LA ‘protests.’”,false
Video shows Los Angeles protesters chanting “We are Los Angeles” in June 2025.,false
"If the “Big, Beautiful” tax and spending bill doesn’t pass, “there will be a 68% tax increase.”",false
California Gov. Gavin Newsom shared images taken in 2021 and said they showed National Guard troops sleeping on the floor in June 2025.,pants-fire
Video shows “Marines have arrived in Los Angeles” June 8 to respond to immigration protests.,false
“BREAKING: Rep. Maxine Waters calls for the United States to grant citizenship to every undocumented protester in Los Angeles” 2025 protests.,false
Video shows a police car burning during June 2025 Los Angeles protests.,false
Target “opts out of Pride month and replaced its Pride collection with an America First Summer display.”,false
“President Trump has granted pardons that have wiped out over $1 billion in debts owed by wealthy Americans who have committed fraud and broken the law.”,mostly-true
“One out of every $5 or $6 in Medicaid (payments) is improper.”,barely-true
The state budget contains the largest middle class tax cut in 70 years.,false
Image shows Ben & Jerry’s is selling “Free Palestine” and “From the River to Sea” ice cream flavors.,false
“Contractors are being rejected” from providing Hurricane Helene relief in North Carolina because of racial “quotas” required by the state.,false
“We are not cutting” the Supplemental Nutrition Assistance Program.,false
Harvard University “refuse(s) to tell us” who its international students are.,false
El gobernador de Florida Ron DeSantis firmó ley que prohíbe a inmigrantes ilegalmente en el país echar gasolina.,false
The Republican tax and spending bill will let President Donald Trump “delay or cancel elections — legally.”,false
“U.S. retail gasoline prices heading into Memorial Day weekend: 20 year low.”,half-true
"Rep. LaMonica McIver, D-N.J., started singing during a May 20 CNN interview.",false
"The slaying of two Israeli embassy employees in Washington, D.C., is a false flag.",pants-fire
"In the House bill, “we’re not changing Medicaid,” only cutting “waste, fraud and abuse.”",false
The Sean “Diddy” Combs trial testimony revealed that former President Barack Obama was “caught in secret meetings with Diddy’s drug runner.”,false
"Video shows the Qatari emir saying, “I truly regret inviting Trump, the robber, to the Middle East.”",pants-fire
Que California ofrezca acceso asequible a cuidado de salud para los inmigrantes ilegalmente en EE.UU.,half-flip
La presidenta de México Claudia Sheinbaum dijo que el choque del buque Cuauhtémoc contra el puente de Brooklyn en Nueva York no fue un accidente y puede ser un acto hostil.,false
President Donald Trump’s tax and spending bill “does not add to the deficit.”,false
"While serving in Congress, Transportation Secretary Sean Duffy “voted against upgrading air traffic control systems.”",barely-true
Former President Joe Biden’s cancer is a form of “turbo cancer” caused by mRNA vaccines.,false
"“Gasoline prices have collapsed under President Trump.""",barely-true
"It’s “all true” that the measles vaccine wanes quickly, was never fully safety tested and contains fetal debris.",false
"“Republicans just unveiled their ‘big, beautiful bill,’ which will take Medicaid & health insurance away from 13.7 million Americans.”",half-true
On California offering affordable health care access for immigrants in the U.S. illegally.,half-flip
"Declining cargo traffic at U.S. ports “means we lose less money. … When you say it's slowed down, that's a good thing.”",false
"Un vídeo muestra al presidente francés, Emmanuel Macron, al primer ministro del Reino Unido, Keir Starmer, y al canciller alemán, Friedrich Merz, con una bolsa de cocaína tras visitar al presidente ucraniano, Volodymyr Zelenskyy.",pants-fire
“Google caved in to Trump. They erased Black History Month from the calendar.”,barely-true
"The Immigration and Nationality Act “stripped Article III courts, that's the judicial branch, of jurisdiction over immigration cases.”",false
"Under a new executive order, prescription drug prices will be reduced “almost immediately.”",barely-true
"The Digital Equity Act is a handout ""based on race,” and “illegal.”",false
"A video shows French President Emmanuel Macron, United Kingdom Prime Minister Keir Starmer and German Chancellor Freidrich Merz with a bag of cocaine after visiting Ukrainian President Volodymyr Zelenskyy.",pants-fire
"“In 1996, Congress specifically authorized the executive branch to conduct non-judicial deportations NOT SUBJECT TO DUE PROCESS.”",false
“About 20% of households with veterans rely upon” the Supplemental Nutrition Assistance Program.,barely-true
"En los primeros 100 días del presidente Donald Trump, las incautaciones de fentanilo salvaron entre ""119 millones"" y ""258 millones"" de vidas.",pants-fire
“China makes 80% of all toys” and “90% of all Christmas goods” sold in the U.S.,true
"Headline said, “Pope Leo XIV was a founding member of the 2020 anarchist Portland Autonomous Zone known as CHAZ.”",false
"Robert Prevost, the Roman Catholic cardinal who was chosen to be the new pope, is a “registered Republican.”",barely-true
“We have now close to $10 trillion” in investments. “We’re talking about essentially two months.”,false
"“If people come into our country illegally, there’s a different standard” for due process.",false
Canadian tourism to Florida has declined by 80%.,barely-true
"""Republicans just voted in the House Judiciary Committee to allow Trump to DEPORT U.S. citizens to a foreign country.""",barely-true
"Video shows Canadian Prime Minister Mark Carney saying effective June 1, “all vehicles manufactured before 2000 will be gradually phased off Canadian roads due to safety and emissions standards.”",false
"The federal government’s Women, Peace and Security program is a “Biden initiative.”",false
California Democrats “block bill to make sex trafficking minors a felony.”,barely-true
DARPA is spraying the skies with chemicals that are in jet fuel.,pants-fire
"“It's estimated” that President Donald Trump’s tariffs will mean “American families would have to pay about $4,000 more a year.”",mostly-true
A video clip shows Michelle Obama describing herself as “a Black man.”,pants-fire
"In President Donald Trump’s first 100 days, fentanyl seizures saved “119 million” to “258 million” lives.",pants-fire
Kilmar Armando Abrego Garcia “had ‘MS-13’ on his knuckles tattooed. … He had ‘MS’ as clear as you can be. Not 'interpreted.’”,pants-fire
Trump “just denied North Carolina’s request for FEMA relief from Hurricane Helene.”,half-true
“We had a couple of states where gasoline was at $1.98 a gallon.”,false
“Gun violence is the leading killer of college-aged people in the U.S.”,true
"“If we don’t pass the tax bill by the end of the year, we will have the largest tax increase in American history.”",mostly-true
“The Simpsons” predicted Pope Francis’ 2025 death.,pants-fire
"Arizona Democrats “needed a lawsuit to force them to remove 50,000 noncitizens from voter rolls.”",false
Former U.S. Rep. Liz Cheney wrote a viral letter to Democrats suggesting steps to take against the Trump administration.,false
"Under the SAVE Act, “as long as you have a Real ID … it should be easy for you to register to vote.”",barely-true
"“Less than half of Americans have $1,000 in savings.”",barely-true
"Cody Balmer, the person charged with setting fire to Pennsylvania governor’s residence, posted a photo that said “F--- Trump.”",false
"U.S. Rep. Jasmine Crockett says “she ‘simply forgot' to inform Social Security that her grandmother died in 2012 … She’s been collecting $2,600 a month for 13 years.”",pants-fire
"Photos and videos show Washington, D.C., protests against White House adviser Elon Musk are “staged & paid — bussed in, scripted, clocked out.”",false
"In 2024, “China made $1 trillion off trade with the United States.”",false
"“China cancela la venta de TikTok” y “a partir de finales de abril los usuarios estadounidenses tendrán que pagar una tarifa mensual obligatoria para seguir usando TikTok"".",false
"The 2020 election was “rigged” and Chris Krebs, former Cybersecurity and Infrastructure Security Agency director, “baselessly” dismissed “election malfeasance.”",pants-fire
The U.S. is “taking in almost $2 billion a day in tariffs.”,false
“We had an agriculture export deficit that increased from zero when President Trump left to $49 billion” under former President Joe Biden.,barely-true
On enacting country-by-country tariffs April 9.,full-flop
Men “have the lowest college attainment rate ever.”,mostly-true
"Says Kevin Hassett, National Economic Council director, said on April 7, “Trump is considering a 90-day pause in tariffs for all countries except China.”",false
Video shows South African news outlet reporting Ukraine President Volodymyr Zelenskyy “purchased a controlling stake” in a mine.,false
"Says Cleveland Clinic said, “Millions of COVID-vaxxed will die within ‘5 years.’”",false
“White hats to investigate Wisconsin Supreme Court election.”,false
"Photo shows “Pope Francis, shaking the hand of the priest of the Church of Satan.”",false
"Says Elon Musk wrote on X, “The DOGE team has discovered tens of millions of dollars spent on golf by a single government official.”",false
"“Caitlin Clark stuns the globe, rejects Elon Musk’s $15 million offer.”",false
Video of gray skies in northern Michigan is proof of weather modification.,false
“Trump ordena ataques militares en los túneles del Vaticano - Laboratorios de (adrenocromo) dirigidos por la CIA cerrados por las fuerzas especiales de EE.UU”.,pants-fire
Says U.S. Rep. Alexandria Ocasio-Cortez’s family “must have just overlooked” “cashing her dead grandmother’s Social Security checks for a decade and a half.”,pants-fire
Conservative activist Laura Loomer’s reporting proves “Alex Wong is the individual who added (journalist) Jeffrey Goldberg” to the Trump administration Signal group text about bombing Yemen.,false
Video shows “how Denmark reacted when Trump said he wanted to buy Greenland.”,false
"“Daughter of boxing legend, Muhammed Ali, Laila Ali, has lost her life while giving birth in a Canadian hospital.”",false
"Says President Donald Trump wrote on Truth Social, “I am ending dual citizenship under the Espionage Act and all these traitors will be ‘denaturalized and deported.’”",false
Photo shows a missing police officer in “extreme danger.”,pants-fire
“Egg prices came down 50%”,half-true
"""The consumer confidence in this country has gone way down.""",true
Images show damage from an “earthquake in Thailand.”,false
El presidente Donald Trump aprobó una nueva ley “que exige la implantación obligatoria de un chip en todos los extranjeros”.,pants-fire
“Seven counties in Wisconsin (ran) out of ballots” and it was “intentional” to diminish Republican voter turnout.,barely-true
"“Elon Musk called for a boycott of ‘The View,’ labeling it ‘a meeting place for ignorant women.’”",false
“Man gets plastic surgery and name change to date his ex-girlfriend after she obtains a restraining order.”,pants-fire
Kilmar Armando Abrego Garcia “was a convicted MS-13 gang member.”,false
President Donald Trump “just suggested replacing pride month with veterans month in honor of those who served.”,false
Says U.S. Rep. Majorie Taylor Green wrote on X that she is “a product of incest.”,pants-fire
Screenshots show Speaker Mike Johnson messaging on Grindr.,false
Video shows “France and Denmark are sending troops to Greenland to prepare for (an) attack from Donald Trump.”,false
"On PBS, ""they now have drag queen storytime instead of good old ‘Sesame Street.’""",false
Elon Musk funded a Neuralink implant procedure for a 7-year-old girl “who was diagnosed with a rare neurological disorder.”,false
"If you update your iPhone to iOS 18.3, you are going to have Starlink automatically installed in your phone.",false
“Hillary Clinton was sending classified documents that were stamped TS or TSSCI.”,false
Image shows a “person dressed up as Pikachu to resist police violence” in Turkey.,false
"North Carolina “always had nonpartisan judicial races, and when the Republicans took over several years ago they changed it.”",barely-true
Videos show tornadoes hitting Seattle on March 26 and 27.,pants-fire
“We have automobile plants being built at levels we've never seen … and they're going up fast.”,barely-true
Phoenix’s increased wildfire risk is linked to Bill Gates’ “smart city” plans.,false
“Canada makes bold decision to shut down Tesla and the US auto industry.”,false
"“Elon Musk exposes hidden $20K roof grant. Congress approved it.""",pants-fire
"""Brad Schimel said that he wanted to be part of Donald Trump's support network.""",mostly-true
Video shows the Bitcoin whitepaper “was spotted at the White House.”,pants-fire
“El nuevo presidente ha aprobado el Programa Nacional de Alivio de Deuda 2025 para todos los hispanoamericanos”.,false
Imagen muestra a “uno de los manifestantes que participó en el vandalismo contra un concesionario de Tesla. La deportación a El Salvador fue consecuencia de sus acciones”.,false
People can get student debt “erased” by filing Family Educational Rights and Privacy Act complaints because the Department of Government Efficiency accessed federal student loan databases.,false
Elon Musk said “Tesla is finished” and needs “drastic changes immediately.”,false
"""Nobody was texting war plans"" in the Trump administration Signal group text about bombing Yemen.",false
“El presidente Donald Trump anunció una nueva ley que prohíbe a los inmigrantes hablar español en público en los Estados Unidos”.,false
“La medida audaz de Canadá: Tesla y la industria automotriz estadounidense cierran”.,false
Defense Secretary Pete Hegseth “removed Colin Powell’s name from a list of notable Americans buried at Arlington National Cemetery.”,false
"“On Feb. 25, I voted yes on a budget resolution that protects Social Security, Medicare, and Medicaid while cutting some spending elsewhere.""",false
Video shows “leaked audio” of Vice President JD Vance criticizing Elon Musk and saying “he's making us look bad.”,false
El presidente Donald Trump “firma orden ejecutiva para obligar a los bancos a que les quiten un 10% de dinero” de sus ahorros a los inmigrantes.,false
"Netflix show “Adolescence” is based on Southport, England, knife attacker but the show “race swapped the actual killer from a black man/migrant to a white boy.”",false
“Nueva ley en EE.UU. impone cadena perpetua a inmigrantes que residen ilegalmente en el país”.,false
The federal Education Department has a “budget of about $280 billion a year. Less than 25% goes to educating our students.”,false
Files reveal that John F. Kennedy Jr. wrote a 1994 letter calling then-Sen. Joe Biden “a traitor” before Kennedy’s 1999 death.,false
Says Ukraine President Volodymyr Zelenskyy “engaged in election interference by campaigning” in Pennsylvania for former Democratic presidential nominee Kamala Harris.,false
“Social Security is the biggest Ponzi scheme of all time.”,false
"President Donald Trump wrote on Truth Social that, “After I’ve annexed Greenland and making it the 52nd State, I will annexe Alaska.”",false
"“A lot of studies” show that getting measles ""boosts your immune system later in life against cancers, atopic diseases, cardiac disease.""",false
"A $600,000 federal grant went to study “menstrual cycles in transgender men.”",false
“Breaking news: The Trump administration just announced that Medicare will stop covering telehealth starting April 1. … We need to stand up to these Medicare cuts.”,half-true
"Former President Joe Biden’s pardons of lawmakers on the committee investigating the Jan. 6, 2021,  U.S. Capitol attack “are hereby declared void, vacant, and of no further force or effect,” because “they were done by autopen.”",false
"DOGE found former first lady Michelle Obama “has been receiving a monthly $122,000 payment from the (General Services Administration) since 2009.”",false
Elon Musk “launches a public campaign to terminate ‘The View.’”,false
Deceased InfoWars reporter Jamie White was on a “Ukrainian enemies hit list.”,false
The Department of Government Efficiency “found a $6 million grant awarded to Whoopi Goldberg to ‘promote diversity on The View.’”,false
Girl Scout cookies are “toxic” because a study showed they contain glyphosate and heavy metals.,barely-true
Video shows “Stacey Abrams admits the $2 billion Joe Biden’s EPA gave her was used to buy votes of people in Georgia by purchasing them new appliances.”,false
“Tariffs are a tax cut for the American people.”,false
“Eliminate school choice” is on Susan Crawford’s agenda.,false
"“Under the previous administration … the cost of a median-price home in America more than doubled, and that was just in four years.”",mostly-true
“The number of full-time jobs (was) dropping almost the entire Biden administration.”,false
"During President Joe Biden’s four years in office, “31% of U.S. job growth” came from public-sector jobs.",false
El 3 de marzo del 2025 falleció el presidente Donald Trump en un accidente de helicóptero.,pants-fire
"""All armed services are having among the best recruiting results ever” because of Trump policies, and “it was just a few months ago where the results were exactly the opposite.”",barely-true
“71 out of 72 Wisconsin counties filed lawsuits against Purdue Pharma. Brad Schimel refused to join them.”,half-true
Photo shows first lady Melania Trump crying.,pants-fire
Video shows President Donald Trump admitting he became president because of a “rigged” 2024 election.,false
Audio shows a BBC reporter making a vulgar comment about an Oval Office meeting between President Donald Trump and Ukraine President Volodymyr Zelenskyy.,pants-fire
"""Nueva orden ejecutiva desde la Casa Blanca tiene identificado a más de 47,000 cubanos con residencia legal los cuales serán puestos en proceso de deportación por haber viajado a Cuba después de su aprobación de asilo político"".",false
"Myrtle Beach, South Carolina, area fires were intentional to build a “smart city.”",false
"A partir del 28 de febrero “para comprar en supermercados pedirán tu identificación, pero no es por seguridad, es para cazar inmigrantes ilegales”.",false
"""Apple quietly removed International Women’s Day from their calendar app.”",false
U.S. Agency for International Development subsidized CNN and MSNBC hosts’ salaries.,false
U.S. Rep. Nancy Pelosi’s vineyard received $14 million in U.S. Agency for International Development funds for “experimental farming.”,false
Elon Musk’s Department of Government Efficiency is “polling very well. It’s very popular.”,barely-true
“DOGE stopped an annual payment to Barack Obama for $2.6 million for ‘royalties associated with Obamacare.’”,pants-fire
The Trump administration identified $1.9 billion in federal dollars going to a “decarbonization of homes” group Stacey Abrams “headed up.”,false
"President Donald Trump posted on X that “If the Dow drops 1,000 points in two days the President should be impeached immediately.”",pants-fire
Elon Musk posted on X that billionaires are “tired of subsidizing” public services.,false
"“After the referendum, Milwaukee Public Schools has a larger tax levy than the City of Milwaukee.”",true
"“DOGE discovers Louisiana man with 34 different names, addresses, and Social Security numbers. He was collecting $1,168,646 in (Social Security) per year.”",false
“The Texas measles outbreak is pure propaganda” because media outlets used stock images.,pants-fire
"Maine Gov. Janet Mills said, “If (President) Donald Trump stops federal funding to Maine, we the people of Maine will take out federal taxes from all paychecks and no taxes will be paid to the federal government.”",false
"A measles outbreak in Gaines County, Texas, was caused by “a public health initiative” to “distribute free measles vaccines.”",false
“90% of the (school) districts in Wisconsin already have a policy” banning cellphones during class time.,true
"Zero votes for 2024 Democratic presidential nominee Kamala Harris in Rockland County, New York, precinct proves Elon Musk hacked 2024 presidential election.",false
"Former President Joe Biden “fired” 14,000 Keystone XL pipeline workers “​​on day one” of his administration.",barely-true
“We've never audited government for 100 years.”,pants-fire
"U.S. Secretary of Health and Human Services Robert F. Kennedy Jr. wrote on X, “In my first 6 months as HHS secretary … I’ll ban chemtrails.”",false
“Breaking News: Rep. Ilhan Omar has been removed from the House Foreign Affairs Committee.”,false
“La presidenta de México Claudia Sheinbaum PROHIBE la entrada al nuevo IPHONE de la empresa tecnológica.”,false
Photos show Elon Musk in a fight during a science conference.,false
“Stacey Abrams stole $2 BILLION from taxpayers.”,false
"“I am not making this up: Republicans have introduced legislation … to increase your bank fees.""",barely-true
"It’s “official” that President Donald Trump is signing an “order from Elon Musk giving taxpayers who have filed their 2024 tax returns a stimulus check for $5,000.”",false
“The single biggest driver of our national debt since 2001 has been Republican tax cuts.”,half-true
“Noticia de Ultima Hora! Su Santidad el Papa Francisco ha fallecido” el 24 de febrero del 2025.,false
“Malia Obama received $2.2 million in funds from USAID.”,false
"Pope Francis died as of Feb. 23, 2025.",false
Ukraine President Volodymyr Zelenskyy “blocked Truth Social in Ukraine.”,false
The Chicago Cubs owner is bankrolling Brad Schimel.,mostly-true
Elon Musk posted on X he is planning to suspend Ukraine President Volodymyr Zelenskyy’s X account.,false
"""The Philadelphia Eagles have declined their invitation to the White House,” as of Feb. 24.",false
Elon Musk “contracted a helicopter and the first DOGE payments are being” dispersed in California.,pants-fire
“Delta plane that crashed in Toronto operated by Endeavor Air with all-female flight crew.”,false
"Says Luigi Mangione posted on X, “He who saves his country does not violate any law.”",false
“The media is showing how Obama’s birth certificate was changed! He was never born in the U.S. so he was never a real president!”,pants-fire
President Joe Biden’s immigration policy was “a giant voter importation scam.”,pants-fire
El congresista Adriano Espaillat muestra “La nueva bandera que están promoviendo para República Dominicana que se va a llamar 'DominicoHaiti'”.,false
“US Debt Clock” numbers prove “DOGE has saved taxpayers $64 billion dollars in just 17 days.”,false
"Video shows White House Press Secretary Karoline Leavitt saying Americans can get $4,800 subsidy because Department of Government Efficiency cuts found “extra money.”",false
"Says Barron Trump posted on X, “We’re on the brink of uncovering a dark legacy in this country that’s been hidden for far too long.”",false
"Says Elon Musk said on X, “Spoiled crybabies across the country are protesting against America’s golden age. Brats like them should go to prison.”",false
“The very LIBERAL 9th Circuit Court has ruled that 84 of Biden's last-minute pardons are unconstitutional.”,false
Video shows Barron Trump singing on “America’s Got Talent.”,false
“You either have XX or XY chromosomes. Those are the options.”,false
"A photo shows Jonathan Simpson, the pilot of “Delta’s crash in Toronto, Canada.”",pants-fire
“Elon Musk just ordered all federal workers to be tested for drugs and those that fail have 30 days to retest clean or be fired.”,false
Volodymyr Zelenskyy “started” the war in Ukraine with Russia.,pants-fire
“Barack and Michelle Obama locked in bombshell divorce of the century.”,false
“An ICE minivan was reportedly set on fire in Philadelphia.”,false
"Mexican President Claudia Sheinbaum said, “I told President (Donald) Trump the best way to make rapists and criminals feel unwelcome in the U.S. is for their citizens to stop electing them.”",false
Michael Jordan said that “any athlete who kneels for our national anthem should lose their medal.”,false
Video shows X owner Elon Musk promoted a “bedtime trick” to cure diabetes.,false
Wisconsin does not “require judges to automatically recuse just because they have done some kind of legal work in the past as a lawyer.”,true
“The NFL admits to canceling Elon's DOGE Super Bowl ads.”,false
“DOGE subcommittee discovered $2.7 trillion in improper” Medicaid and Medicare payments to people overseas.,false
"Rep. Nancy Pelosi has a $223,000 salary and a $202 million net worth. Sen. Mitch McConnell has a $200,000 salary and a $95 million net worth. Sen. Chuck Schumer has a $210,000 salary and a $75 million net worth. Sen. Elizabeth Warren has a $285,000 salary and a $67 million net worth.",barely-true
"The federal workforce grew from 2.1 to 3 million under President Joe Biden, “a 46% increase since Biden took office.”",false
“Elon Musk announced that he will not sell Tesla Cybertruck to anyone belonging to the ‘pride’ community.”,false
"“Mel Gibson passes on $100 million Netflix deal to work with Robert De Niro, declares: ‘Keep that woke clown away from me.’”",false
"Under the SAVE Act, “if you are a woman that has changed your name from your birth certificate, let’s say through marriage … you are no longer eligible to vote.”",barely-true
“FEMA sent $59M LAST WEEK to luxury hotels in New York City to house illegal migrants… That money is meant for American disaster relief.”,false
An episode of “The Simpsons” showed a President Donald Trump-like character in a coffin and predicted Feb. 14 would be the “day everything changes.”,pants-fire
Former USAID Administrator Samantha Power’s net worth “skyrocketed” from $6.7 million to $30 million in three years.,false
Pennsylvania Gov. Josh Shapiro is “being charged with the attempted assassination of Trump.”,pants-fire
"President Donald Trump said he “‘didn’t have time’ to meet the families of the men, women and children who tragically died in the plane crash.”",false
Photo shows National Intelligence Director Tulsi Gabbard and President Donald Trump at her swearing-in.,false
"The United States is “last in education out of 40 states … but we're number one in cost per pupil.""",false
Elon Musk spent $40 million to buy five Super Bowl Commercial ads to promote DOGE.,false
Coca-Cola “sells out its own workers to ICE.”,false
Video shows a sinkhole opened in New York City in February 2025.,false
Video shows celebrities wearing T-shirts with graphics of a middle finger and the word “Kanye.”,false
"Says Kash Patel said, “FBI investigation uncovers 256 emails between Adam Schiff and Jeffrey Epstein.”",false
Photo shows Mexican President Claudia Sheinbaum wearing a “Make America Mexicana Again” hat.,false
"Says Mexican President Claudia Sheinbaum told President Donald Trump, “They will beg us to tear down this ugly wall.”",false
"Bill Gates said, “Defunding USAID will bring about another mystery illness across the world.”",false
“JAG arrests … USDA Inspector General Phyllis Fong.”,pants-fire
Video shows President Donald Trump was “booed at the Super Bowl.”,false
"Says U.S. Sen. Elizabeth Warren said, “There is nothing in the Constitution that says ordinary citizens have a right to see what we spend our tax dollars on.”",false
Photo shows someone raising two middle fingers at President Donald Trump at the 2025 Super Bowl.,false
President Donald Trump posted that “the Chiefs’ Super Bowl performance was a disaster” and “too focused on DEI nonsense.”,false
A ‘60 Minutes’ clip shows Kamala Harris lying while cameras roll. “,false
Ring is “alerting people about (Immigration and Customs Enforcement) raids.”,false
"As head football coach at Texas Tech University, “I recruited (Patrick Mahomes) ... I’ve got to be very good friends with him.”",false
"At Guantánamo Bay, “we'll have the capacity to continue to do there what we've always done. We've always had a presence of illegal immigrants there that have been detained.”",half-true
"“Elon Musk officially cancelled USAID and fired all the staff. In his words, ‘we just toppled one of the biggest globalist terror organizations in history.’”",barely-true
"CBS News and “60 Minutes” “replaced” former Vice President Kamala Harris’ interview answers “with completely different, and far better, answers, taken from another part of the interview.”",false
The U.S. Army helicopter in the Jan. 29 plane collision was the same model of helicopter in the 2020 Kobe Bryant crash.,false
Recent plane crashes in the United States were “human sacrifice rituals” for the Super Bowl.,pants-fire
“Breaking news: Taylor Swift officially banned from Super Bowl 2025.”,false
“Elon Musk says Italians should stay in Italy and the Japanese in Japan.”,false
An image of a website error code shows the Trump administration “trolling” former Vice President Kamala Harris.,false
Graphic shows that the U.S. Agency for International Development paid Chelsea Clinton $84 million.,false
An E! News report said USAID paid millions of dollars to sponsor American celebrity visits to Ukraine.,pants-fire
"""Empresa Coca-Cola le pide perdón a los inmigrantes y le envían un mensaje especial a todos los afectados"".",false
Early reports of four survivors show “this DC plane crash story isn’t adding up.”,false
On support for U.S. Agency for International Development,full-flop
"Says Elon Musk said, the Pentagon was spending $600 million a year on sushi.",false
Video shows Robert Kennedy Jr. promoting a diabetes cure.,false
Florida’s in-state college tuition waiver for immigrants in the country illegally costs the state $41 million.,barely-true
Video shows Robert Kennedy Jr. promoting a diabetes cure.,false
Video shows President Donald Trump saying Mexicans call him “peachy cool arrow.”,false
“Al patinador artístico estadounidense Jon Maravilla se le negó el embarque en el vuelo de American Airlines (hacía Washington D.C.) que posteriormente colisionó con un helicóptero”.,false
Federal websites updated with a nine-star flag that represents the Confederacy.,false
"From the U.S. Agency for International Development funding, “10 to 30 cents on the dollar is what actually goes to aid.”",false
"Video shows a missile crashed in a Philadelphia neighborhood Jan. 31, not a jet.",false
"“U.S. figure skater Jon Maravilla was reportedly prevented from boarding a doomed flight to Washington, D.C.”",false
"“El gobernador de California le ha dejado las cosas bien claras a Donald Trump que si llega a deportar a los inmigrantes que viven en California el estado independizara de Estados Unidos y se unirá con México"".",false
"Mexico’s President Claudia Sheinbaum said, “I’m confused. I keep hearing everyone from America saying that my country is sending felons and (rapists) into their country. We thought that was encouraged … considering that’s what they chose to be their president.”",false
"“The Trump administration is giving each and every adult in America $18,000.”",false
Ukrainian President Volodymyr Zelenskyy “just threw the whole Ukraine money laundering operation under the bus … by stating he’s received less than half of the over $177 billion in aid sent by the United States.”,false
“Melania wins $900 million ‘defamation lawsuit’ against The View & Sunny Hostin.”,false
"Says White House Press Secretary Karoline Leavitt said, “Jesus didn’t have electricity and he did just fine.”",false
Video shows “airplane crash with helicopter in Washington D.C.”,false
Ukrainian officials released list of “kickbacks” given to 18 U.S. politicians.,pants-fire
CNN reported on the Potomac River plane and helicopter crash “hours before it happened.”,false
“Elon Musk shocks the world by blocking Pride on X forever: ‘Children must come first.’”,false
"The National Human Trafficking Hotline “in the last four years decided that they would no longer report tips to law enforcement, that they would take a more victim-centered approach.”",false
We’re one of the very few nations that allowed birthright citizenship.”,mostly-true
The Black Hawk helicopter involved in the American Airlines crash “was being controlled remotely.”,false
"Video shows a dam breaking Sept. 28, 2024, in North Carolina.",false
"Photo shows “a dangerous serial killer” named Jaden Williams in Monroe, Louisiana.",false
"“1,500 IRS agents have submitted letters of resignation after Trump announced he would put 90,000 superfluous IRS personnel on border patrol.”",false
Photo shows Black Hawk helicopter pilot in fatal crash worked for years with President Joe Biden at the White House.,false
"A Jan. 6, 2021, U.S. Capitol rioter pardoned by President Donald Trump was “killed when she used her 2A rights with a shotgun while being served for eviction.”",false
“A dangerous Hispanic couple” is “on the run after killing 3 female police officers.”,false
Video shows “Donald Trump just announced that America will no longer give visas to Nigerians.”,false
“Donald Trump is reportedly furious with Elon Musk for convincing him to push out the head of the FAA because Musk was mad SpaceX got fined last September by the FAA for license violations.”,false
Imagen muestra a oficiales de inmigración arrestando a un hombre vestido con una camisa de “Latinos for Trump 2024”.,false
“I changed the Obama policy (on hiring air traffic controllers) ... And then Biden came in and he changed it.”,false
“ICE just announced it is pausing the hotline where people can call to report undocumented immigrants because 90% of the calls are from people reporting Elon Musk.”,false
“The Episcopal Archdiocese of Washington has removed” Bishop Mariann Budde “from the National Cathedral.”,false
“Pilot of Blackhawk helicopter that crashed into passenger jet at Reagan National was a transgender woman named Jo Ellis.”,pants-fire
"“As a Californian, we have given more to the recovery of other states than any other state in the union.”",mostly-true
The U.S. has an egg shortage because the “Biden administration and the Department of Agriculture directed the mass killing of more than 100 million chickens.”,half-true
"Says Treasury Secretary Scott Bessent posted on X, “I’m committed to eliminating income taxes, replacing them with a fair consumption tax, and adopting gold-backed currency.”",false
A video shows “people around the world” who are “protesting because Donald Trump is the president.”,false
“Biden pardons are unconstitutional! 7th Circuit Court Judge Joseph Barron ruled that there is no provision to pardon someone who hasn’t been formally charged.”,false
“Pfizer just released its list of side effects of its COVID-19 vaccine.”,false
“The VIP on the Black Hawk helicopter that crashed was Barack Obama.”,false
Image shows immigration officers arresting someone wearing a “Latinos for Trump 2024” shirt in 2025.,false
"Images show a “beautiful baby boy, estimated to be between 7 months to a year old … found dumped by the roadside” in January 2025.",false
Robert F. Kennedy Jr. “made $2.5 million off suing one of the entities that (he would be regulating) and plans to keep getting a take of every lawsuit in the future.”,half-true
“DOGE and OMB also found that there was about to be $50 million taxpayer dollars that went out the door to fund condoms in Gaza.”,false
"“JD Vance is in North Carolina, and he’s found furnished apartments to put the people in that have been living in tents.”",false
Reps. Alexandria Ocasio-Cortez and Jamie Raskin “have filed articles of impeachment against President Trump for pardoning the J6 prisoners.”,false
"""The Biden administration kicked 2,000 displaced North Carolinians out of their temporary housing into freezing 20-degree weather,"" earlier in January.",barely-true
“Gavin Newsom directed the removal of Elon Musk from the command post and ordered Cal Fire firefighters to return donated starlinks.”,false
"Says Eric Trump post on X, “Any and all who dare to defy the American Golden Age, heed this warning: You WILL lose. Tow the line, or we WILL run you down!”",false
North Carolina Republicans “took money out of western North Carolina” with Hurricane Helene relief bill.,half-true
"“Under Trump's executive order, every single person in America is now legally classified as female.”",false
“President Trump just announced full nationwide concealed carry reciprocity.”,false
Image shows President Donald Trump’s response “to Selena Gomez’ meltdown.”,false
"“The Fraternal Order of Police, the largest police union in the country, just released a statement rescinding their endorsement of President Trump.”",false
“Serial killer Ryan Edward … is on the run after killing 3 female police officers.”,false
“El presidente Donald Trump acaba de firmar una orden ejecutiva que prohíbe la residencia permanente a inmigrantes que se casen con un ciudadano estadounidense”.,false
"“Elon Musk confirms he will spend a massive amount to acquire MSNBC, vows to fire Joy Reid to ‘end toxicity.’”",false
Wisconsin makes it more difficult for its citizens to vote than almost any state in the nation.,true
A proposed constitutional amendment “would allow anyone to run for a 3rd term. Including — Barack Obama.”,false
“BREAKING NEWS: Michael Jordan calls for ban on pride flag in sports and US school system.”,false
"President Donald Trump signed an executive order to replace the IRS with the External Revenue Service, eliminating tax returns and income tax.",false
The words “help” and “trafico” in a Google Maps aerial view of Los Angeles are connected to human trafficking.,false
"“Whoopi Goldberg, Megan Rapinoe and Taylor Swift decide to leave the United States.”",false
President Donald Trump’s birthright citizenship executive order would affect former Vice President Kamala Harris’ citizenship status.,false
"Photos show Jeffrey Thomas, a “serial killer on the loose.”",false
“The removal of birthright citizenship only applies to the children of those that are here ILLEGALLY.”,false
“The U.S. Senate has the votes to remove Trump from office if the House votes to impeach.”,false
"After President Donald Trump took office, the U.S. government approved a 2025 $1,000 stimulus program for all Americans.",false
Video shows “roads heading to Mexico are jam packed as mass deportations have started.”,false
“FEMA has been directed back to North Carolina with $2 billion in emergency funds: ‘We transferred it from the programs that fund welfare for illegals. They don’t be needing it.’”,false
President Donald Trump declared “a state of emergency in Florida because of snow.”,false
“CBS Evening News” anchor Norah O’Donnell was fired.,false
"The U.S. House Select Committee that investigated the Jan. 6, 2021, attack on the U.S. Capitol “deleted and destroyed all of the information that they collected over two years.”",false
"Video muestra a inmigrantes en México que ""se dirigen al punto de control en el Paso Texas con el objetivo de entrar a la fuerza hacia los Estados Unidos debido a que aplicación CBP One quedó fuera de servicio"".",false
“Fani Willis has just confessed to collusion with J6 committee.”,false
Image shows President Donald Trump responding to a picture rapper Ye drew of them.,false
Sen. John Fetterman is leaving the Democratic Party.,false
"President Donald Trump ""just reversed all the cost caps Biden negotiated for anyone on Medicare or Medicaid.""",false
Elon Musk posted on X that the MAGA movement will “succeed in all the ways Nazi Germany failed to.”,false
Former President Joe Biden “pardoned Michael Byrd.”,false
"""Our nation’s tallest mountain … has been called Denali for thousands of years.""",mostly-true
Video shows Robert F. Kennedy Jr. promoting an alternative diabetes treatment.,false
“ICE has released the tip hotline to turn in illegal immigrants. They paying $750 for each illegal immigrant.”,false
"Voter ID ""is supported, if you look at any poll, by 70 to 80% of the public.""",true
"After the inauguration, Meta forced users to follow President Donald Trump and Vice President JD Vance on Facebook, Instagram and Threads.",false
"""La nueva ley de apoyo infantil de Donald Trump...si recibes manutención infantil ya no podrás reclamar al niño en tus impuestos, solo la persona que está pagando la manutención puede"".",false
“The Equal Rights Amendment has become part of our Constitution.”,false
Former President Joe Biden’s farewell address was prerecorded and the event livestream shows “his handlers queuing it up.”,false
Video shows “The Simpsons” predicted the Los Angeles wildfires.,pants-fire
Videos show that President Donald Trump admitted to rigging the 2024 election during his preinauguration day rally.,false
"""Llego la ayuda Mexicana a California"" para combatir los incendios.",false
"Video shows a “group of South African firefighters who have landed in Canada to make their way to LA, to help.”",false
"“Whoopi Goldberg’s mansion in Los Angeles was destroyed in a wildfire, with damages estimated at millions of dollars.”",false
“Trump passed a new law that whoever is paying the child support will get to declare those children on their taxes.”,false
California wildfires have “nothing to do with climate change.”,false
Second lady Usha Vance “will have her citizenship revoked if (President Donald) Trump signs his executive order banning birthright citizenship.”,false
The United States is the only country with unrestricted birthright citizenship.,false
Imágenes muestran animales heridos en los incendios de Los Ángeles.,false
President-elect Donald Trump posted on X that he is “purchasing TikTok.”,false
Buncombe County “is still demanding property taxes on homes destroyed by Hurricane Helene based on pre-Helene assessments that no longer apply.”,half-true
"“Some of these (California) reservoirs have been dry for 15, 20 years.""",barely-true
“All three California wild fires seem to start at the same time!”,false
“Jimmy Kimmel just announced that his show will end on January 20th … he’s leaving for Canada and says he’s ‘never coming back.’”,false
Video shows Mexican firefighters going to help with California fires.,false
"Amazon, Google, Meta, Microsoft, Apple and Uber haven’t donated anything toward LA fire relief, but Taylor Swift donated $10 million.",false
Video claims to show the Los Angeles fires.,barely-true
Los Angeles wildfires are part of a Hollywood conspiracy to cover up evidence related to Sean “Diddy” Combs.,pants-fire
“Bomberos que combaten los incendios en Los Ángeles sostienen imagen de Nuestra Madre Santísima”.,false
"“So (Los Angeles), Hollywood, and California (get) 100% aid for the next 180 days while Western North Carolina got $750.”",false
On banning TikTok,full-flop
"Video clips show “wildfires in Los Angeles, California.”",false
“El Departamento de Bomberos de Los Ángeles está utilizando bolsos de mujer para recoger agua en su lucha contra el incendio”.,false
“El ejército de Los Estados Unidos se encuentra preparado para entrar a Venezuela a derrocar la dictadura de Nicolás Maduro”.,false
The Biden administration is offering only “$770 for people who lost everything” in the Los Angeles wildfires.,false
“The FBI has arrested the owner of the company responsible for the fires in Los Angeles.”,false
Trees still standing amid wildfire damage in the Los Angeles area are evidence of directed energy weapons.,false
Photo shows Elon Musk and Taylor Swift visiting “production facilities” for an energy-saving device.,pants-fire
Video shows “Israeli tourists celebrating” the Los Angeles wildfires.,false
An image shows Robert Redford’s Oscar statuette destroyed in the Los Angeles wildfires.,false
“If they wanted to stop the fires they would make it rain.”,false
“Oprah Winfrey announces she will leave America before January 20.”,false
"“After 30 years of Wisconsin’s checking account running a deficit, we've ended every fiscal year I've been governor with a positive balance. Today, we have a $4.5 billion positive balance, and a record-high balance in our state savings account.""",mostly-true
“The LAFD are using women’s handbags to hold water to put out fires.”,false
Says President-elect Donald Trump posted on X that he will “be giving Staten Island to New Jersey.”,false
California Gov. Gavin Newsom and California Democrats “literally decriminalized looting.”,false
"“​​Oregon sent 60 fire trucks to California to help with the fires, but they’re being held in Sacramento for emissions testing.”",false
The Los Angeles wildfires were planned in preparation for the 2028 Olympics.,false
"“One billionaire couple owns almost all the water in California.""",false
“P Diddy’s California mansion has been completely consumed by fire.”,false
Imagen muestra “casa de familia católica salió intacta del incendio” en California en enero de 2025.,false
Los incendios en California “han llegado a Tijuana en la entrada de villa del campo en los cerros”.,false
Video shows people in Los Angeles looting from homes during wildfires.,pants-fire
A photo shows a Christian’s home that “miraculously survived Los Angeles wildfire.”,false
Image shows former President Barack Obama was born in Kenya.,pants-fire
Esta imagen muestra los incendios en California de enero 2025.,false
“Blue items that survive” California wildfires are “indicative of DEW's (Directed Energy Weapons).”,false
Imagen muestra el letrero de Hollywood en California en llamas el 8 de enero de 2025.,false
Video shows a man saving a bunny during the 2025 Los Angeles fires.,false
Image shows the Hollywood sign was on fire as of Jan. 8.,false
Video shows Dr. Mehmet Oz and rapper Snoop Dogg promoting treatment for chronic lung diseases.”,false
Video shows directed energy weapons starting fires in California.,false
McQueen High School in Nevada issued a “masturbation notice” to students.,false
Actor Tom Hanks died in a “fatal car accident.”,false
“FEMA spent billions on illegal immigrants and now has no money for California!”,pants-fire
California wildfires “are a deliberate criminal land grab in preparation for Agenda 2030 and smart cities.”,false
"“Beyoncé alleges Diddy has been secretly hiding Michael Jackson, who faked his death.”",pants-fire
The Los Angeles Police Department is “looking for three ‘persons of interest’ all tied to a MAGA website who were spotted at the source of all three major LA fires.”,false
“China declara estado de emergencia por brote masivo de virus mortales”.,false
"H-1B guest workers are “being employed as dog trainers, massage therapists, cooks, and English teachers.”",barely-true
"""Acaban declarar inocente a Sebastian Zapeta”, el hombre acusado de prender en llamas a una mujer en el metro de Nueva York.",false
"Says Elon Musk said, “The Boeing Starliner’s stranded astronauts are not with us anymore,” and “they won’t come back.”",false
“Mark Cuban shifts company from Texas to California: ‘Can’t operate in red states.’”,false
"After Donald Trump offered to buy Greenland, “Denmark clapped back saying they’d buy the USA, give us free healthcare, and actually make America great again.”",false
“DEAL DONE: New Orleans Saints owner Gayle Benson make(s) a handshake deal of $789.5 million contract with former Saints QB Drew Brees as new general manager following Mickey Loomis departure…”,false
Video shows Sean “Diddy” Combs “riding a bike in jail.”,false
"President Joe Biden rescinded a Medal of Freedom given to Trump’s “campaign manager, Bradley Birkenfeld, in 2021.”",pants-fire
China has “a mystery disease outbreak” and has declared a “state of emergency.”,false
“They’re still counting the (2024 election) vote in some areas.”,false
“Elon Musk has just acquired Boeing.”,false
"Video shows U.S. Rep. Nancy Pelosi, D-Calif., falling.",false
"Mike McCarthy “to take over as Head Coach for the San Francisco 49ers.""",false
"El doctor Juan Rivera revela ""un nuevo truco natural"" con ajo y limón para la diabetes.",false
"Mitchell County, North Carolina, sheriff’s deputies “stole” generators intended for Hurricane Helene victims.",false
“They still haven’t cracked” Thomas Matthew Crooks’ phone.,false
Photo shows a child “found” in several cities.,false
“22 states will not be certifying the (2024) election.”,false
"“BREAKING: A second attack in New Orleans has been uncovered, police are searching.”",false
"“Trump won 18-to-24-year-olds in Wisconsin.""",half-true
"""En Shanghai, se incendió ayer una bodega de la firma Temu”.",false
“Ella es Amelia Carter un hombre le prendió fuego mientras dormía en el tren de Nueva York”.,false
Photo shows a large Temu warehouse in China “went up in flames.”,false
"Video shows “Fort Worth, Texas pileup, January (1st), 2025.”",false
"Queen Consort Camilla revealed that she was ""born a man.”",pants-fire
“The subway burning victim's name was Amelia Carter.”,false
“There's never been a placebo-controlled study on childhood vaccines.”,false
"“The true nature of cancer is a parasite, hence why, Ivermectin, in conjunction with mebendazole, and (fenbendazole) is so effective.”",false
Video shows CNN reporting that Pfizer representatives set Barbara O’Neill’s car on fire “for discovering an anti-diabetes method.”,false
"RFK Jr. posted on X that, “Effective January 20th, all Genetically Modified Organisms (GMOs) will be BANNED in the United States.”",false
"President Jimmy Carter verbatim said, “evangelical Christianity has been hijacked by people who would have given Jesus himself the boot if he knocked on their door.”",false
“Bill Gates will be implanting digital IDs in newborns in Kenya.”,false
“The referees in the (Dec. 15) game between the Philadelphia Eagles and the Pittsburgh Steelers have been suspended after the match revealed that the officials overlooked numerous errors by the Eagles.”,false
"We’ve created 732,000 jobs since I've been governor.",mostly-true
"Residents in states across the U.S. are eligible for a $2,200 holiday stimulus payment.",false
Video shows Dr. Mehmet Oz and singer Reba McEntire promoting treatment for chronic lung diseases.,false
The NFL punished three referees in “the game between the Atlanta Falcons and the Minnesota Vikings.”,false
"Image shows Kate, the Princess of Wales, without hair.",false
“The NFL has abruptly fired three referees who officiated the game between the San Francisco 49ers and the Los Angeles Rams.”,false
Video shows Vice President Kamala Harris “is plastered again!”,false
"Tipster in UnitedHealthcare CEO killing is ineligible for reward money ""because she called 911 instead of the tip line.""",false
Government shutdowns in 2013 and 2018 “cost our economy billions of dollars each.”,true
"Spending plan to prevent a government shutdown includes “a pay increase for members of Congress from $174,000 to $243,000 per year.”",false
"“Ivermectin is a treatment after Covid and after vaccination, it is an effective medicine in all phases of Covid 19.”",false
Video shows footage of a “drone crash.”,false
“Elon Musk unveils a $100 Tesla tablet that will revolutionize the technological world.”,false
"“A Coca-Cola truck filled with kids was found by police in Cicero, Illinois.”",false
"“Men’s swimming team refuses to compete against Lia Thomas, calling her a 'cheat'”",false
New Jersey drones are searching for missing radioactive material.,false
Video shows a drone crashed in New Jersey.,false
“The school shooter in Madison Wisconsin Christian School shooting has been identified as a female identifying as a male.”,false
"""The city of… is being warned to be alert & vigilant as there is a serial killer on the run,”  Robert Thibodeau.",false
"Drones reported in the U.S., including around the U.S. Capitol, have directed-energy weapons that have a “space-based laser generating system that can create pestilence.”",false
Photo shows a downed drone,false
Photo of a young man in a tie shows Wisconsin school shooter Natalie Rupnow.,false
"Video shows “Yellowstone’s super volcano is now really, really exploding.”",false
"A video shows President Joe Biden saying, “There are no drones over the United States.”",false
“The Pentagon has confirmed that the mysterious drones appearing across the globe are NOT of earthly origin.”,pants-fire
“Pride flags permanently prohibited at FIFA Club World Cup 2025.”,false
Photos show mysterious drones reported flying over parts of New Jersey in November and December 2024.,false
Video shows Mitch McConnell appearing in a press conference with a bandage around his head.,false
Images show Taylor Swift with Elon Musk promoting a household energy consumption reduction device.,pants-fire
"“After meeting with Elon Musk, Republican leader Sen. John Thune announces plans to cut Social Security.”",false
Six hundred body bags were “filled the first day” of Hurricane Helene recovery in North Carolina.,false
“Dr. Assad will return to ophthalmology after being deposed as president of Syria and plans to set up an eye clinic in Russia.”,false
“Texas declares bringing a pride flag to the classroom a crime.”,false
"Usuarios en redes sociales leen ‘manifiesto’ escrito por Luigi Mangione, el sospechoso de la muerte del ejecutivo de UnitedHealthcare.",false
“Elon Musk said he might run for governor of California.”,false
Video shows actor Kevin Costner and Dr. Mehmet Oz discussing treatment for chronic lung diseases.,false
The 14th Amendment “has never been challenged at SCOTUS.”,false
"Taylor Swift vowed to leave Elon Musk’s “toxic app X,” during the final moments of her Eras tour, calling him “rich, talented but heartless and immoral.”",false
"“The Universities of Wisconsin are 43rd out of 50 states in the nation, in terms of public support for our universities. The $855 million (budget request) gets us up to average.”",true
“A $7.20 an hour McDonalds employee … now gets a cool 1/2 million dollar reward” for helping police find the suspected UnitedHealthcare CEO shooter.,false
“Leaked secret recording” captured Ghana’s Vice President Mahamudu Bawumia calling Ghanaians “gullible and weak-minded.”,false
About 1% of federal employees are “actually working in the office.”,pants-fire
“New $40K AIDS cure is nearly 100% effective and requires two shots yearly.”,false
Photo shows pile of X-rated DVDs found at former Syrian president Bashar Assad’s palace.,false
"Substack article shows manifesto of Luigi Mangione, the suspect in health care executive's killing.",false
"“Brian Thompson, the CEO of UnitedHealthcare, was set to testify against Nancy Pelosi for insider trading.”",false
“Joe Rogan to replace Rachel Maddow as MSNBC’s prime-time host after Elon Musk takeover.”,false
Video shows Fox News host Jeanine Pirro criticizing President-elect Donald Trump.,false
President-elect Donald Trump’s “plan to end birthright citizenship would mean (four) of his children wouldn't be considered US citizens.”,false
"Elon Musk criticized the UnitedHealthcare CEO shooter on X, saying, “It’s disgusting how everyone is turning this guy into some kind of folk hero.”",false
FEMA delivered “only four” temporary housing units to Helene victims in North Carolina as of Nov. 20.,half-true
"A “no-strings-attached $1,000 stimulus” check has been approved for “every U.S. resident” ahead of Donald Trump’s presidency.”",false
Video shows “NYC coming together to dance in the streets over the universal American love” of dead CEOs.,false
Video shows CEO homicide suspect Luigi Mangione posted YouTube videos teasing his plans,false
"Robert F. Kennedy Jr. posted on X that on Jan. 20, “I will be banning all consumption of Diet Coke in the United States.”",false
UnitedHealthcare posted a job opening for a CEO 24 hours after its CEO was killed.,false
"“The population in Gaza has increased by 2.02% since Oct. 7, 2023.”",false
"Elon Musk wrote on X that “without CEOs, the world would not be able to function” and “America will be destitute without us.”",false
"""Vaccine researcher Peter Hotez says multiple viruses will be unleashed on America the day after Trump takes office.""",false
Fox News commentator Dr. Kelly Powers died from “turbo cancer” caused by COVID-19 vaccines.,false
“Trump was impeached for trying to investigate all the crimes that Joe Biden just pardoned Hunter over.”,false
“Elon Musk is not a citizen of the United States.”,false
"""Última hora: secuestraron al doctor Juan J. Rivera quien reveló un remedio casero que elimina la causa de la diabetes en solo un día"".",pants-fire
Photo shows President Joe Biden used his son Hunter’s injuries from a car accident as a photo opportunity when taking the oath of office for Senate in 1973.,false
“Bill Gates has been indicted in the Netherlands.”,false
“Elon Musk decides to withdraw support” for World Boxing Organization unless Imane Khelif’s “medal and $25 million bonus are revoked.”,false
“Pete Buttigieg will leave his post as Transportation Secretary having spent $7.5 billion to build 8 EV charging stations.”,false
"Former presidents George H.W. Bush and Jimmy Carter issued pardons to a son and brother, respectively.",false
"""President Trump has announced a plan to prosecute the Biden administration for the 325,000 kids that went ‘missing’ into human trafficking & sex slavery during their open border policies.”",false
“Reba McEntire states drag queens shouldn’t be around kids.”,false
"""The famed ship at the bottom of the North Atlantic is actually not The Titanic. It is her near-identical sister ship The Olympic.""",pants-fire
“Elon Musk announces January 20th as the date for bombshell release of Diddy and Epstein client list.”,false
The NFL said Beyoncé is “not a good artist” and rejected her Christmas halftime show.,false
Donald Trump ordered the “Dallas Police Department and Dallas Attorney General’s Office to begin the preparation for the arrest” of a suspect in John F. Kennedy’s assassination.,false
"""Mark Wahlberg calls for immediate firing of teachers who removed American flags from classrooms""",false
“Disney selling ABC for $20 Billion: New owner plans to cancel 'The View’.”,false
Kash Patel posted on X that “the FBI is gay.”,false
"A CNN headline says, “Elon Musk considers melting down Statue of Liberty to make series of limited edition cyber trucks""",pants-fire
Elon Musk is “finally releasing his first flying car today.”,false
On pardoning his son Hunter Biden,full-flop
Elon Musk demanda a “Whoopi Goldberg y The View” por $70 millones.,false
“Chick fil-A’s new policies have people thinking (of a) boycott.”,false
"“Elon Musk reveals Tesla 2025 motorhome for under $17,000!”",false
Video shows President-elect Donald Trump announcing “free college education” in November 2024.,false
“Abortion clinics warn they’ll go bankrupt if Democrat ‘sex strike’ continues.”,false
"Smallpox was “never eradicated, it’s held in check by vaccines,” and RFK Jr. would eliminate coverage for the smallpox vaccine.",false
“The CDC says that little 6 month old babies must get SEVEN doses of the Covid vaccine in order to be considered fully ‘up to date’ on their vaccinations.”,false
"Rep. Marjorie Taylor Greene said “if every member of Congress had to resign for doing what Matt Gaetz has been accused of, Democrats would have a supermajority.’""",false
"“Texas just gifted Trump 355,000 acres for deportation camps.”",false
"Elon Musk dijo que ""¡El teléfono Tesla de 299 dólares será el final del iPhone!"".",false
"“Elon Musk, revela un nuevo motor impulsado por agua que promete cambiar por completo la industria automotriz”.",false
Says Travis Kelce quit X and called it a “toxic waste dump.”,false
"""Half of all Ukrainian aid was laundered and sent back to Democrat candidates for re-election.""",false
AOC posted that Trump’s election victory emboldened a conservative news outlet to call for her resignation because she’s a woman.,false
"""Ireland will pay you $90,000 to move to a beautiful island home.”",false
"“Michael Jordan turns down $100 million Disney deal, declares he won’t work for wokeness.”",false
"Celebrities including Bruce Springsteen, Robert De Niro, Robert Downey Jr., John Legend and Tom Hanks have announced they are leaving the U.S. following the 2024 election.",false
“Donald Trump has officially banned” same-sex marriage “in all 50 states in America.”,pants-fire
"“With your Democrat governor, you have some of the highest electricity prices and highest energy costs. It’s just about at the top in Wisconsin.”",false
Donald Trump lost the popular vote by 2%.,false
"Una mujer posó junto a su hija con un cartel que dice, “Quiero que mi hija tenga el derecho a abortar que yo no tuve”.",false
“Rachel Maddow MELTS DOWN over Elon Musk posting memes about buying MSNBC.”,false
"""Donald Trump has appointed NBA legend Karl Malone as the new director of Child Protective Services.""",false
"A woman holds a sign that says, “I want my daughter to have the right to abortion that I didn’t have.”",false
"""Kyle Rittenhouse registers a lien against Whoopi Goldberg’s Malibu home for $22 million.”",false
“Taylor Swift has moved to Canada after leaving the U.S. following the big red wave.”,false
"""Billie Eilish turns down Oscar nomination and leaves US after MASSIVE RED WAVE""",false
"There are “$6,400 in funds for every American to claim.”",false
"""McDonalds chicken nuggets contain silicone oil.""",barely-true
"“Elon Musk permanently bans Robert De Niro from X, declares ‘no room for his woke presence.’”",false
President-elect Donald Trump called Joe Scarborough “a scolded dog” on Truth Social.,false
Says Elon Musk said he would suspend X “accounts calling me fat.”,false
"Says Elon Musk said, “The $299 Tesla phone will be the end of the iPhone.”",false
“Parents of trans-species kids no longer getting money every month” because of President-elect Donald Trump.,pants-fire
The Associated Press misspelled Mississippi in a headline about the state’s literacy program.,false
FEMA brought 300 semi trucks to Michigan’s Oscoda-Wurtsmith Airport,false
"""Ballot dumps"" in Pennsylvania, California, North Carolina, Alaska and Wisconsin show election officials are improperly “flipping"" down-ballot seats for Democrats.",pants-fire
Fox News reported California Gov. Gavin Newsom “will withhold” California’s federal income tax.,false
"""Elon Musk bloquea el contenido de Disney Pride en X y dice que 'WOKE' no es para NIÑOS"".",false
"Bragg’s apple cider vinegar uses Bill Gates’ ‘Apeel’ apples, which harm the body.",false
“ABC issued an official statement confirming that Joy Behar and Whoopi Goldberg’s contracts will not be renewed.”,false
“NCAA shifts all medals from Lia Thomas to Riley Gaines.”,false
"“The U.S Senate accidentally passed a bill banning Trump from becoming President, and Biden is planning to sign it.”",pants-fire
“Elon Musk sues ‘The View’ and Whoopi Goldberg for $70 million.”,false
Video shows floods in Spain and France.,false
“Elon Musk thinks that posting what you eat is worthy of a suspension” from X.,false
Mike Tyson posed with the Palestinian flag before his Nov. 15 fight against Jake Paul.,false
"Says Sen. Bob Casey, D-Pa., “is trying to change the outcome of the election by counting NON-CITIZEN votes.”",false
“Elon Musk bans DreamWorks Animation from X for promoting Pride.”,false
"""McDonald’s offered 850 million to RFK for hush money” related to its frying oil.",pants-fire
"“Elon Musk blocks Disney’s pride content on X, says ‘woke’ isn’t for kids.”",false
"""Following Chiefs, Steelers also announce boycott of Pride nights.”",false
“Gas prices drop an average of $4 across red states.”,false
"“Elon Musk: 'I Am Releasing Tesla's $7,000 NEW Car That Runs On PURE Solar Power!’”",false
“Stunning Knockout: Mike Tyson Defeats Jake Paul in Just 50 Seconds with a Devastating K.O.”,pants-fire
"Says Taylor Swift said, “Elon Musk, the first human in history, to be radicalized by his own algorithm.”",false
“Elon Musk has $180 Billion and there are 8B people on earth. If he gave us each $1B he’d still have $172B left.”,false
Elon Musk anunció que “está comprando oficialmente McDonald's”.,false
Israeli Prime Minister Benjamin Netanyahu hospitalized with “serious health issue.”,false
"“Red Cross is set to close shelters across North Carolina on Nov. 15. Families staying in these shelters are being told: ‘If you don’t have a safe place to take your children, you won’t be leaving with them.’”",false
“Fewer people came in under President Biden than came under Donald Trump.”,false
Donald Trump chose a provocative song to describe Kamala Harris during a presidential debate.,pants-fire
Elon Musk has invented a small gadget to slash energy bills.,false
"“Kroger, Food Lion and Publix announce a 4% price cut across the board.”",false
“Biden agreed to a recount” in the 2024 presidential election.,false
“Breaking: Trump names Boebert secretary of education”,false
"“Ella Emhoff, la hijastra de Kamala Harris, ha sido internada en un hospital psiquiátrico tras la derrota de su madrastra ante” Donald Trump.",false
Says the election results are suspicious because opponent U.S. Sen. Baldwin won “nearly 90%” of absentee ballots in Milwaukee.,false
"""Elon Musk surprises the world with Ford acquisition.""",false
Photo shows a missing police officer.,pants-fire
Image shows Joe Biden and Trump meeting at the White House on Nov. 13.,pants-fire
This video shows floods in Spain.,false
ABC News aired footage of home invaders fleeing after being threatened with a rocket-propelled grenade.,false
A “ballot dump” around 4 a.m. in Milwaukee shows the Wisconsin Senate election was stolen from the Republican candidate.,pants-fire
Photo shows Taylor Swift after she “broke down in tears on live television the moment the race was called for President Trump.”,false
"Nissan just announced 9,000 layoffs in Tennessee “to avoid severe losses due to expected tariffs.”",false
“Sephora donated BIG to Trump’s campaign.”,false
"“Ella Emhoff, Kamala’s step-daughter, suffered a mental breakdown … due to the grief from Kamala’s humiliating loss, and was admitted to an in-patient mental health crisis center in NY.”",false
Video shows a “massive rally in the UK for President Trump” after Election Day 2024.,false
"“Every single county in America, every single county, Kamala Harris did worse than Joe Biden did.”",false
"List shows 21 companies or celebrities, including Disney, Marvel and Warner Bros., that have “stopped posting on X.”",barely-true
Special Counsel “Jack Smith has been fired” as of Nov. 6.,false
“It was just Biden and Trump in 2020” general election ballots.,false
"""The Heritage Foundation is behind Project25. Their Director of Finance is David Green. Owner of Hobby Lobby.""",false
“Breaking News: ‘The Era of King Charles Has Ended’ – Buckingham Palace Raises the White Flag.”,pants-fire
Elon Musk and Vivek Ramaswamy are “part of the World Economic Forum.”,false
"“NATO Secretary General Mark Rutte says that ‘if Trump surrenders Ukraine to Putin, he will personally expel the United States from the alliance.’”",false
"“Beyoncé excludes red states from tour, ‘This isn’t my America.’”",false
"“Every state that does not require voter ID, Kamala won.”",false
"Kamala Harris’ campaign paid Oprah $1 million, Megan Thee Stallion $5 million, and Eminem $1.8 million.",barely-true
Video shows Marco Rubio “admitting the Trump Presidency will lean heavily into the Heritage Foundation’s Project 2025 plans.”,false
"Says Elon Musk said, “I am releasing $1,000 Tesla e-bike today!”",false
"“Elon Musk acepta pagar 3.000 millones de dólares para comprar CNN"".",false
"""BREAKING: Zillow CEO just said on CNBC Trump's deportation plan will help with housing affordability.”",false
“Elon Musk is taking sustainable technology to the next level with the Tesla Water Engine.”,false
“CBS (News) is reporting cheating in the election.”,false
"Image shows U.S. Health and Human Services secretaries in the Biden administration and the incoming Trump administration as of Nov. 11, 2024.",false
"“Taylor Swift Cancels Red State Shows After Massive Red Wave, ‘I Won’t Be Performing Here Anymore.’”",false
"""Arizona officials caught changing ballots, have been arrested.”",false
Vice President Kamala Harris “has cleared her Instagram account and cryptically posted 3 videos of a snake.”,false
“Paper ballots and hand counting never breaks down.”,false
Elon Musk’s Starlink technology manipulated votes in the 2024 election to benefit Donald Trump.,pants-fire
California Gov. Gavin Newsom “is considering plans to secede from the union.”,false
Inflation-adjusted weekly wages “are lower today than they were 50 years ago.”,false
“Abortion is never medically necessary in the last trimester. Literally never. They just do a C-section.”,false
“‘Elon Musk sorprende al mundo con la adquisición de Ford’”.,false
Donald Trump posted on Truth Social that Canada is “crumbling upon itself” because of Kendrick Lamar’s song “Not Like Us.”,false
"“Breaking: Quaker Oats bows to backlash, brings back Aunt Jemima.”",false
"“In Nevada, the GOP is succeeding in throwing out the votes of thousands of young people.”",barely-true
Actor Sydney Sweeney “says she voted for Donald Trump.”,false
"Says Elon Musk posted on X, “Allow me to remind everyone of the United States overstepping its bounds by helping to end apartheid in my home country.”",false
"“2,038 suicides have been reported (Nov. 6) following Donald Trump’s election win.”",false
“Nancy Pelosi stated today that if the Democrats get the House the first thing they’re going to do is impeach Donald Trump before he gets elected.”,false
“Something stinks” that Donald Trump won in several battleground states while Democrats won Senate or governor races in those states.,false
Video shows “drunk Nancy Pelosi.”,pants-fire
Video shows 8.0 magnitude earthquake in Oregon.,pants-fire
“Elon Musk: ‘I am officially buying McDonald’s.”,false
“Megyn Kelly and Candace Owens sign $700 million deal with CBS for morning show to compete with ‘The View.’”,false
Santiago Flight 513 “landed after 35 years with 92 skeletons on board!”,pants-fire
"Video shows floods in Valencia, Spain.",false
“Elon Musk unveils UFO fighter jet that defies physics.”,pants-fire
Elon Musk is releasing a low-cost house.,false
Photos show Keanu Reeves hawking T-shirts with political messages.,false
Green Party presidential nominee Jill Stein cost Democratic nominee Kamala Harris an election win in Wisconsin.,false
President-elect Donald Trump “has been to Epstein’s island”,false
“Elon Musk bans Stephen King permanently from platform X after he trolled the tech mogul.”,false
20 million Democratic votes “disappeared” in 2024.,pants-fire
Image shows Disney+ poster for new “Home Alone” sequel titled “Cabin Alone.”,false
"“Elon Musk: ‘Voy a lanzar la NUEVA casa de Tesla de 15,000 dólares en 2025’”.",false
"A CNN headline says “75,000 votes were write-ins for ‘Hawk Tuah’ and ‘Talk Tuah.’”",pants-fire
“CCTV captures the moment a Trump voter in (Wisconsin) is assaulted by two Kamala Harris thugs at a voting station.”,pants-fire
“I think they found a way to target Democratic districts and send millions of votes into a black hole. The numbers aren't adding up.”,pants-fire
“Riley Gaines criticizes Whoopi Goldberg on The View: ‘You’re a disgrace to real women!’”,false
"“Kamala Harris simuló una llamada con un votante, pero por error mostró que su telefono tenía abierta la cámara y en realidad no estaba hablando con nadie”.",false
A video of Vice President Kamala Harris talking to a voter on the phone is fake because the camera app was on while she was on the call.,false
The 2024 election results show that Joe Biden’s 80 million votes in 2020 were a “lie.”,pants-fire
"Vans filled with 50,000 ballots show up in Philadelphia during live MSNBC report.",false
Videos show President-elect Donald Trump promised to help Pakistan’s former prime minister Imran Khan get out of prison and retake power.,pants-fire
“Mark Cuban’s net worth takes a $1 billion hit after controversial endorsement” of Kamala Harris,false
Kamala Harris wants people to stop saying “Merry Christmas.”,false
Pacific Gas & Electric Co. deliberately shut off power “on Republican voters” in California on Election Day.,false
A video showing conversations about noncitizen voting outside a Philadelphia city commissioners' office is proof of “Pennsylvania election fraud.”,false
"""Informan que las boletas electorales de Ohio muestran el nombre de Donald Trump mal escrito"".",false
"“ICE officials have been ordered NOT to wear their uniforms or badges when they vote today"" so as not to intimidate noncitizens.",barely-true
Photo shows 2024 ballots cast for Republicans in North Carolina that a postal worker said he was going to make “disappear.”,false
Imagen muestra al expresidente Donald Trump y a su esposa Melania Trump votando en las elecciones de 2024.,false
“Melania Trump quietly endorses Kamala Harris for president.”,false
"""El Pentágono falló en enviar las boletas para el voto en ausencia al personal militar activo"".",false
“Homeland Security is having a cybersecurity drill on the same day as the election.”,false
A Melania Trump impostor accompanied former President Donald Trump to the polls Nov. 5.,false
Text message shows Turnout the Vote offering “$200 to vote for Kamala Harris.”,false
Nevada ballots “don’t even have to be postmarked to be counted” after the election.,false
"Says U.S. Rep. Jamie Raskin said, “Let folks cast their votes for Trump if that’s their choice. But mark my words, we won’t be certifying the election. He might win, but we’ll ensure he doesn’t step foot in the Oval Office.”",false
"A Nov. 5  ballot scanning error in Cambria County, Pennsylvania, shows ""the election steal is happening.""",false
Video shows Fox News contributors speculating about former President Donald Trump’s cognitive health.,false
“It’s now been confirmed by Dominion that their voting machines have a programming issue that will affect vote counts.”,false
"Former President Donald Trump posted on Truth Social, “I hate SNL.”",false
"A “ballot mule” was caught on camera Nov. 2 in Lincoln, Nebraska.",pants-fire
"""The Pentagon reportedly failed to send absentee ballots to active military service members before the election.”",false
Photo shows former President Donald Trump voting in the 2024 election in New York.,false
"Gwinnett County, Georgia, sheriff's office said white supremacists “are planning to attack” Black people “from now until the Inauguration.”",pants-fire
A photo shows actor Keanu Reeves holding an anti-Trump shirt.,false
Says Donald Trump Jr. “has a banner photo of Joe Biden being hung from a helicopter.”,false
"""Haitianos afirman haber llegado a EEUU hace solo 6 meses y ya tienen documentos de legalidad que les permite votar en Georgia"".",pants-fire
“Kari Lake is threatening Social Security and Medicare.”,half-true
“Elon Musk está trabajando en un robot diseñado para llevar un bebé durante nueve meses”.,false
“The United States Postal Service recently changed the delivery method of absentee mail-in ballots” to hide “the evidence of absentee mail-in ballot fraud.”,false
Photo shows Donald Trump statement condemning the Peanut the squirrel’s euthanasia,false
"If a ballot has a small dot in the box for Vice President Kamala Harris, “any other box filled in, will be void.”",false
An image shows CNN reporting that Vice President Kamala Harris has more votes than former President Donald Trump in Texas.,pants-fire
Este video muestra a un votante en Kentucky tratando de votar por el expresidente Donald Trump y la máquina de votación no le deja.,pants-fire
Michael Jordan endorsed Donald Trump for president in the 2024 election.,false
"Says Liz Cheney said, “Donald Trump is now literally threatening to have me killed. If you don’t want to live in a banana republic run by a senile man with some sort of Daffy Duck disease, vote for Kamala.”",false
"Former President Donald Trump posted on Truth Social and addressed claims about his use of a microphone, saying “I was pretending to eat a corn dog.”",false
Video shows Kamala Harris has a “drinking problem.”,pants-fire
The FBI seized a video of former Secretary of State Hillary Clinton killing a child at a Sean “Diddy” Combs party.,pants-fire
Dominion Voting Systems employee Eric Coomer told an Antifa meeting he “made sure” Donald Trump wouldn’t win.,false
“Joe Rogan says he will not be voting for Trump after having him on the podcast.”,false
Video shows the FBI reported that “three linked groups have been apprehended for rigging early voting by mail-in ballot.”,pants-fire
"Vice President Kamala Harris and husband Doug Emhoff received $500,000 for tipping off Sean “Diddy” Combs about police raids.",pants-fire
“I never mentioned” wanting to end the Affordable Care Act.,pants-fire
“The lady who leaked passwords for voting systems in Colorado is the same person who tried to remove Trump from the ballot.”,barely-true
“Ballots in Ohio are showing Trump’s name misspelled!”,false
Vice President Kamala Harris’ mother “worked the MK Ultra program” and was “involved in secret mind-control experiments.”,pants-fire
Video shows a ‘Democratic operative’ making credible allegations of fraud during the 2020 presidential election in Georgia.,false
"A video shows Haitians showing duplicate IDs, claiming they are voting for Vice President Kamala Harris in multiple Georgia counties.",pants-fire
Former President Donald Trump would “force states to monitor women's pregnancies.”,false
"Video shows “ballot mule in Northampton County, Pennsylvania, (dropping) off a large amount of ballots.”",pants-fire
Video shows “voting machines in Kentucky are not allowing voters to select” Donald Trump for president.,pants-fire
Video muestra que “‘votantes’ ilegales SE COLARON a LA FILA OTRA VEZ! En Pensilvania estado clave”.,false
Photos show “Trump funded signs with swastikas on them.”,false
Republican Senate candidate Sam Brown “wants to cut Medicaid and Social Security.”,half-true
"“As California attorney general, (Kamala Harris) redefined child sex trafficking, assault with a deadly weapon, and rape of an unconscious person as a totally nonviolent crime.”",false
"In Glynn County, Georgia, it was 'voter fraud' when poll workers found no record of a person who already voted.",false
"Data shows some voters cast multiple votes, meaning ""at least 164,568 illegal votes have been cast” in Michigan.",false
"U.S. Rep. Marjorie Taylor Greene said on X, “New York and California are absolutely flipping red.”",false
"Vice President Kamala Harris didn’t respond to questions about a cognitive test in a CBS News interview that aired Oct. 28, 2024.",false
An E. coli outbreak followed former President Donald Trump’s campaign stop at a Pennsylvania McDonald’s.,false
Photos show Vice President Kamala Harris when she was “a former call girl in California.”,pants-fire
Sen. Jon Tester “voted to let men compete against our girls in their sports.”,false
"El expresidente Donald Trump “se vistio de negro y dorado, colores del grupo Proud Boys” en mitín en el Madison Square Garden el 27 de octubre del 2024.",false
"""Right to Try"" experimental drug program saved ""thousands and thousands of lives.""",false
“I’ve not gotten a single call from the White House.”,barely-true
“Revolucionarios Comunistas de América” marcharon a favor de Kamala Harris.,pants-fire
Says opponent Eric Hovde “opposes efforts to negotiate with the big pharmaceutical companies to lower the price of prescription drugs.”,barely-true
"Video shows Kamala Harris saying, “Trump is literally Hitler,” on Joe Rogan’s podcast.",pants-fire
"""El fondo de innovación para la deuda americana está ayudando a los hispanoamericanos a borrar hasta $50,000 de deuda de tarjetas de crédito...para evitar otra recesión"".",false
"In Lancaster, Pa., “We caught them with 2,600 votes. We caught them cold, 2,600 votes. ... And every vote was written by the same person.""",false
Kamala Harris paid The Shade Room to interview her “for perceived support amongst black voters.”,false
Video shows “illegal ‘voters’ cutting the line” to vote in Pennsylvania.,false
"""AOC is worth 29 Million dollars! How did that happen, on $174,000 per year?""",pants-fire
Video shows people “marching in Puerto Rico” after former President Donald Trump’s Madison Square Garden rally.,false
"In Fordyce, Arkansas, voting machines changed votes from Republican to Democrat.",pants-fire
Says Eric Hovde “claims anyone who believes in transitioning to a clean energy economy is ‘smoking crack cocaine.’”,false
"“Feds RAID Jay Z & Beyonce Mansion After Diddy LINKS,” arrest couple.",false
A Montana Democratic operative was caught tampering with a ballot box.,false
A Pennsylvania TV station aired the 2024 presidential election results early.,half-true
"Former President Donald Trump wore “Proud Boy gang colors” Oct. 27, 2024, at Madison Square Garden.",false
Image shows an anti-Trump billboard outside Madison Square Garden.,false
"""The cocaine found in the White House was Kamala’s.”",false
“Kamala campaign photoshops her with a McDonald’s uniform!”,false
"At Vice President Kamala Harris’ Houston campaign rally, when an attendee had a medical emergency, none of the “abortion doctors” onstage helped.",false
Photos show federal authorities arrested and charged a clone instead of the real Sean “Diddy” Combs.,pants-fire
"""Nicki Minaj just endorsed Donald Trump for President.”",false
“Jacky Rosen voted to allow biological men to compete in women’s sports.”,false
"“In Montana, we cherish our public lands. But Tim Sheehy called to transfer them off, so the ultra-rich can buy them up.”",false
El expresidente Donald Trump dijo “ESTOY PIDIENDO LA PENA DE (MUERTE) PARA CUALQUIER MIGRANTE”.,false
"There are “180,000 registered new Amish voters in Lancaster, Pennsylvania.”",false
“Milwaukee is one of the sex trafficking capitals in our country.”,mostly-true
“Elon Musk launches new pregnancy robot.”,false
Vice Presidential nominee Tim Walz “says that if Democrats win they’ll make (U.S. Rep. Alexandria Ocasio-Cortez) speaker of the house.”,false
"""Circula este video de un hombre que rompe los votos para Donald Trump y guarda las de Kamala Harris”.",pants-fire
An old photo shows Kamala Harris in a McDonald’s uniform.,false
“Beyonce got paid $10 MILLION for her speech” at a Kamala Harris rally.,false
"Four Florida counties had “zero results” Oct. 26, and “something underhanded might be happening.”",false
Photo shows people lined up outside Madison Square Garden before an Oct. 27 rally by former President Donald Trump.,false
"Sen. Bob Casey ""has voted in lockstep with his liberal party to defund the police.""",false
“BREAKING: Lizzo charged the Harris-Walz campaign $2.3 million for a single appearance at a Detroit rally.”,false
“Ballots are not supposed to have fold lines or creases in the candidates name area” or it could invalidate your vote.,false
"Scott Lassiter “repeatedly campaigned to promote” North Carolina's “largest-ever” school funding cut, sending public school money to “unaccountable private schools” and ending science education.",false
"Video shows an election worker destroying mail ballots with votes for former President Donald Trump in Bucks County, Pennsylvania.",pants-fire
Kamala Harris’ statements about Trump invoking Adolf Hitler were based on a “debunked hoax from The Atlantic.”,false
"Kamala Harris ""proclaimed she would not accept the outcome of the election and has a team of lawyers ready to overturn them""",false
Kamala Harris imprisoned a woman for three years for praying.,false
“El gobernador de la Florida dice que por el momento va a pausar” la ley S.B. 1718 porque necesitan que los hispanos reconstruyan el estado tras la destrucción del huracán Milton.,false
"""The Defense Department, with the stroke of a pen, has quietly codified its right to deploy lethal force against its own citizens.”",false
El expresidente Donald Trump quiere eliminar la Ley del Cuidado de Salud a Bajo Precio.,half-true
“Land O Lakes has announced the return of the iconic squaw to its packaging.”,false
"""Ruben Gallego wanted to defund the police. He actually co-sponsored legislation to defund the police.”",false
"“The cheat has begun” because “Michigan, Georgia and Pennsylvania have officially announced that they will not have election results available on election night.”",false
The Biden-Harris administration “brought over” 10 million migrants who got 9 million jobs.,false
Ballot drop boxes 'were only used for a pandemic.',false
Vice President Kamala Harris has been “going so far as to call me Adolf Hitler.”,false
"Voting machines in Shelby County, Tennessee, are swapping votes from Kamala Harris to Donald Trump.",pants-fire
"“Schaumburg, Illinois not recording votes, just putting votes ‘in a box.’”",false
"""As of today, we have cut the flow of immigration by over half.""",true
"""Breaking: Voters in Tarrant County, Texas are reporting that the voting machines are flipping their votes from Trump to Kamala Harris.""",pants-fire
"“Elon Musk reportedly eyeing CNN acquisition: ‘I’ll fix the media, one network at a time.’”",false
“Elon Musk urges a boycott of ABC Network: ‘Let’s take them down!’”,false
Lt. Gen. H.R. McMaster was arrested “for aiding FEMA in deep state’s ‘eminent domain’ takeover of North Carolina.”,false
Michigan U.S. Senate candidate Mike Rogers “wants to cut Medicare and Social Security.”,false
Former President Donald Trump wants to take away the Affordable Care Act.,half-true
"""Se ha desaparecido el famoso Dr. Juan Rivera después de revelar este simple secreto de salud que podría dejar los hospitales vacíos"", la ashwagandha.",pants-fire
Says opponent Eric Hovde “supports a $4 trillion tax plan that would disproportionately advantage the well-off and profitable corporations”,mostly-true
A photo shows The Atlantic published a story headlined “Trump is Literally Hitler.”,false
"“Breaking news: Elon Musk endorses Caitlin Clark, will soon donate $10 million: ‘You are the pride of America, I support you.’”",false
Jussie Smollett is Kamala Harris’ nephew.,false
"""Reports from Whitfield County, GA that Dominion machines are flipping votes. This is exactly the kind of fraud we saw in 2020.""",pants-fire
“BREAKING: Diddy hospitalized after being jumped in prison.”,false
"“Liberal woman films herself eating dog food” because she said, “I’m eating dog food until Kamala is president.”",pants-fire
Michigan has “more registered voters than eligible citizens. This creates a huge risk of election fraud.”,false
Vice President Kamala Harris “wants struggling seniors to pay more Social Security taxes while she gives Medicare and Social Security to illegals.”,false
“Breaking: Florida Governor Ron DeSantis says Dominion voting systems will NOT operate in the state of Florida. ”,false
“We're bankrupting a lot of hospitals by forcing these hospitals  to provide care for people who don't have the legal right to be in our country.”,false
"“There was a bill to basically create a ban to make sure we never become a sanctuary state, that no locality passes those regulations, and (former Manchester Mayor Joyce Craig) opposed that bill.”",mostly-true
"Gubernatorial candidate Kelly Ayotte “has voted for national abortion bans, she has voted to defund Planned Parenthood, and she shepherded Neil Gorsuch through the Supreme Court process, and then celebrated when Roe v. Wade was overturned.”",half-true
"If an election worker writes anything on your ballot before you put it in the voting machine, “your ballot could be disqualified.”",false
The Oregon secretary of state “removed” former President Donald Trump and U.S. Sen. JD Vance from “the official state website.”,false
“Melania Trump declares that she wants a divorce.”,pants-fire
Donald Trump offered “food for everyone” at his McDonald’s press conference and then left without paying.,false
"To pay for extending the Trump tax cuts, Dave McCormick has “made clear he’ll slash your Medicare and Social Security, and cut Medicaid for nursing home care.”",false
Photo shows former President Donald Trump sitting on a black towel on “Fox & Friends” because “they don’t want him to stain the sofa.”,pants-fire
“Breaking news: Megyn Kelly calls for boycott of Taylor Swift after singer attends charity event in Gaza.”,false
Video shows “Karl Rove rallying support for Kamala Harris yesterday in Pennsylvania.”,false
A pro-Kamala Harris website shows she supports a mandatory gun buyback program.,false
“GA election official Gabriel Sterling says audits will take place after election day because it’s ‘nerve-racking’ to count ballots in front of poll watchers.”,false
"""Michael Jackson discovered alive at age 65” and will testify against Sean “Diddy” Combs.",pants-fire
"Former President Donald Trump posted on Truth Social and addressed claims of his “incontinence,” saying, “I don’t poop myself.”",false
Says opponent Eric Hovde “just proposed cutting Social Security by 28%.”,barely-true
Estas son imágenes del huracán Milton en Florida.,false
"As part of his “charitable donations,” in 1990 Donald Trump “chartered a private plane to get Nelson Mandela to America when the U.S. government wouldn't help.""",false
"There was an Oct. 17, 2024, hospital update about the health of Kate Middleton, Princess of Wales.",false
Kamala Harris “supports taxpayer-funded sex changes for prisoners and illegal aliens.”,mostly-true
"“About 400,000 manufacturing jobs in the state of Michigan will go away with EV mandates.”",false
The northern lights are proof of the sky “glowing with chemicals” sprayed in the sky.,false
"“Trump's convictions have all been overturned and he is getting his $500,000,000.00 back!”",false
Photo shows Vice President Kamala Harris and Sean “Diddy” Combs.,false
"“Elon Musk takes over Taylor Swift’s X account, causing her to lose 7 million followers and $100 million in brand deals.”",false
Arizona U.S. Senate candidate Kari Lake “was against” the child tax credit expansion “when the bill was on the floor.”,barely-true
"Vice President Kamala Harris commented on President Joe Biden’s “mental fitness,” saying, “he’s not stable” and “we should all be concerned.”",pants-fire
"Detroit’s Oct.15, 2024, absentee ballot return rate proves election fraud.",false
"Fox News reported Donald Trump donated $1,300 for hurricane relief.",false
"“Kamala Harris staged hurricane relief photo op with C-17, no supplies sent to victims.”",false
Screenshots of documents show a former student of Democratic vice presidential candidate Tim Walz has lodged sexual abuse allegations against him.,pants-fire
Elissa Slotkin “signed a secret agreement with a CCP-linked Chinese battery company.”,false
Says former President Donald Trump did not lose the 2020 election.,pants-fire
"Vice President Kamala Harris' plan “will raise taxes for the typical American family by an estimated $3,000.""",false
Says Donald Trump posted on Truth Social it “should be illegal” and is “election interference” for Barack Obama to criticize him.,false
CBS exposed “the fact” that Kamala Harris’ crowd sizes are inflated because her campaign bused hundreds of attendees to her New Hampshire rally.,barely-true
"The Sept. 10 presidential debate was edited to cut comments from Vice President Kamala Harris about “$6,400 relief checks.”",false
Journalist Bob Woodward posted on X that Donald Trump wears adult diapers.,pants-fire
“FEMA helicopters caught disrupting North Carolina supplies by using a ‘rotor wash’.”,false
La administración de Joe Biden tomó dinero de ayudas de FEMA para usarlo en inmigrantes.,pants-fire
Video shows former Vice President Mike Pence endorsing Vice President Kamala Harris and Minnesota Gov. Tim Walz.,false
Says former President Donald Trump posted on Truth Social that former President Barack Obama “was ashamed at how much better of a golfer that I am.”,pants-fire
"Says former President Donald Trump posted on Truth Social, “I hope that America obliterates Israel.”",false
La vicepresidenta Kamala Harris “usó el teleprompter para contestar las preguntas” de Univision.,false
"""The ERA could also mandate that schools allow biological males to compete in girls' sports.""",mostly-true
Video shows footage of Hurricane Milton in Florida.,false
“Wages adjusted for inflation were massively up under Donald Trump for Black men. … The (Black-white) wage gap in 2019 was actually shrinking under Donald Trump's administration.”,barely-true
Video clips show Hurricane Milton hitting Florida “with wind speed 185 mph as Category 5”,false
Photos show that Disney World was “destroyed by Hurricane Milton.”,false
"""Kid Rock heads to North Carolina with Millions in supplies. Taylor Swift Nowhere to be Found.”",false
“It has just come out that Democrats in Washington and the Democrat Governor’s Office of North Carolina (Roy Cooper) were blocking people and money from coming into North Carolina.”,pants-fire
“Hurricane Nadine” was on a path to hit Florida on Oct. 10.,false
Vice President Kamala Harris’ “60 Minutes” interview may be “a major Campaign Finance Violation.”,false
“Dave McCormick is fully against abortion.”,barely-true
Republican state Senate candidate Ashlee Adams “campaigned for Mark Robinson and his radical agenda.”,false
“Univision accidentally shows that Kamala Harris is reading from a teleprompter live on air.”,false
U.S. Sen. Sherrod Brown “supported allowing puberty blockers and sex-change surgeries for minor children.”,barely-true
2023 FEMA webinar shows the agency is prioritizing its relief efforts around LGBTQ+ people,false
North Carolina’s new voting rules in response to Hurricane Helene amount to “cheating” or “stealing.”,pants-fire
"The government gave $3,500 debit cards to immigrants while giving only $750 to Hurricane Helene victims.",false
"“Arizona was safe” when she moved to the state in 1994, but has become “unsafe.”",false
An image shows a child affected by recent hurricanes in the United States.,false
“We have cut the flow of fentanyl by half.”,false
“Hurricane Nadine was a catastrophic Category 5 hurricane that struck Central America and the Bahamas in October 2024.”,false
Minnesota Gov. Tim Walz gave a college football crowd “the bird.”,false
Says Minnesota Gov. Tim Walz was “banned from future games for flipping off the fans.”,pants-fire
Image shows the projected trajectory for a Hurricane Nadine is “the same path as Helene.”,false
Video shows “people attempting to flee Florida & Hurricane Milton.”,false
“Two weeks ago 100 GOP lawmakers voted against additional FEMA funding.”,half-true
"Says Democratic opponent Tammy Baldwin ""gave stimulus checks to illegals.""",false
Patents dating back to the 1800s show that people can control the weather.,pants-fire
U.S. Sen. Sherrod Brown voted to “allow transgender biological men to compete in girls’ sports.”,false
"""Los 750 dólares que nuestra generosa administración ha ofrecido a las víctimas del huracán Helene son un PRÉSTAMO! Tienen un año para devolverlo"".",pants-fire
"""Teachers and nurses and firefighters are paying a higher tax rate than billionaires and the biggest corporations.""",barely-true
“Taylor Swift blames Instagram for losing millions of followers after Harris endorsement: ‘It must be a glitch!”,false
“FEMA is supposed to help out white people last for the purpose of ‘equity.’ … It’s literally on the FEMA website.”,pants-fire
“They create hurricanes via cloud seeding” and “direct them where they want the Hurricane to go!”,pants-fire
"Says Wisconsin GOP U.S. Senate candidate Eric Hovde ""brags about being in the 1%.""",mostly-true
The U.S. government is offering Americans loans to pay for flights out of Lebanon while they have been flying Israeli citizens out of Israel on chartered flights for a year “on our dime.”,false
A Republican representative posted a response to the vice presidential debate before it happened.,false
Hurricane Milton is part of Tampa’s plan to become a “15-minute city.”,false
“FEMA is closing roads and bridges and causing gridlock traffic during evacuations from Hurricane Milton.”,false
Taylor Swift “admits to having done immoral things with Diddy in the past to gain fame.”,pants-fire
“Taylor Swift’s manager confirms: ‘Ticket sales are dead after Harris endorsement backlash.”,false
"Hurricane Milton article is evidence they ""control and plan these storms.""",false
Alexa’s answers to questions about Hurricane Helene prove the storm was “artificially created” or the result of “cloud seeding”,false
Video shows “geoengineering happening” as Hurricane Milton approaches Florida.,pants-fire
"Of Gaza, “I’ve been there.”",false
"""We now have historic low unemployment in America among all groups of people.""",half-true
The Biden administration stole $1 billion “from FEMA to use it for illegal migrants. … And FEMA is now busted. They don’t have any money.”,pants-fire
“Taylor Swift’s concert tickets” fell to $75 after she endorsed Kamala Harris,false
"La vicepresidenta Kamala Harris ofrece ""solo $750 para los norteamericanos qué perdieron todo con el Huracan"" Helene.",false
"FEMA, FAA are “blocking” delivery of Starlink devices and supplies to North Carolina’s hurricane-hit areas.",false
Hurricane Helene was planned to seize land in North Carolina for lithium mining.,pants-fire
"""FEMA is out of money and doesn't have money to transfer to those people affected by the hurricane ... they used the money to assist illegal immigrants.""",false
"“Out of the 28 North Carolina counties destroyed by Hurricane Helene, 26 of them supported President Trump in the 2020 election … If you’re wondering why the government hasn’t helped these people, now you know why.”",false
"Video shows Oct. 6, 2024, fires in Beirut caused by Israeli airstrikes.",false
"“Kamala Harris permitió la entrada a Estados Unidos de 13.000 extranjeros ilegales condenados por asesinato"".",false
FEMA “blocked a runway” at a South Carolina airport and “halted” hurricane relief flights.,false
Dockworkers went on strike because “they hear screaming children inside shipping containers!”,false
"“Breaking: Kansas City Chiefs refuse to host a Pride Night, ‘It’s woke agenda’”",false
"When New Hampshire gubernatorial nominee Kelly Ayotte served on two companies’ boards, one “laid off 18,000 workers” and the other “laid off 1,200 American workers, moving jobs overseas.”",half-true
"In Manchester, N.H., gubernatorial candidate Joyce Craig “pushed for a city sales tax. Then, Joyce Craig overrode the tax cap and tried to raise taxes six times.”",half-true
Video shows a missile strike on Israel.,false
The Federal Emergency Management Agency “is confiscating supplies and donations!”,false
"“The $750 from FEMA that Kamala Harris is offering them is actually a loan, not real relief. And that if they don’t pay it back the feds can seize their property.”",pants-fire
"""Missouri registered 78,421 in just one week of February of this year. Out of that number, 23,253 were dead people!""",false
"With U.S. Customs and Border Protection’s CBP One app, it “takes less than 5 minutes and zero documentation to get approved as an illegal immigrant and be flown to the United States with air tickets paid for by the American taxpayer.”",false
"Vice President Kamala Harris' comments in Augusta, Georgia, show the Biden administration is offering Hurricane Helene victims only $750 in relief.",false
"North Carolina removed 747,000 voters from the voter rolls to try to “steal the election.”",false
U.S. Transportation Secretary Pete Buttigieg banned private drones from flying over areas affected by Hurricane Helene.,barely-true
"Imágenes en este video de un tobogán inflable volando son de la ""tormenta tropical helena en Florida EEUU"".",false
"""Elon Musk Declares: ‘Pride flags should be banned from classrooms, forever!’""",false
"Imágenes en este video son del ""Huracan helen en la Florida"".",false
Project 2025 would “cut” the Federal Emergency Management Agency and “kill federal-backed flood insurance.”,true
Kamala Harris campaign ad “features a mother expressing regret for not having an abortion.”,pants-fire
“Breaking: Pete Buttigieg reveals that he is HIV-positive.”,pants-fire
"Says Elon Musk said on X, “Go to my crypto project.”",false
"Rep. Ruben Gallego is “controlled by the cartels. His own father was a Colombian drug trafficker, and so he’s got links to the cartel.”",pants-fire
"Says immigrants with temporary protections in Springfield, Ohio, are “illegal immigrants.”",false
Video shows an Iranian missile attack.,pants-fire
"Photo shows Gatlinburg, Tennessee, flooded on Sept. 30, 2024.",false
Sean “Diddy” Combs wrote the book “The Adrenochrome Witch.”,false
"Says opponent Sen. Tammy Baldwin “gave our taxpayer money to a transgender-affirming clinic … that does it without even telling parents.""",false
Video shows “FBI finds human remains at a McDonald’s meat supplier.”,pants-fire
Video shows Sean “Diddy” Combs speaking “from prison.”,false
“Weatherman loses it live on air” during broadcast about Hurricane Helene.,false
Image shows a photo of former President Donald Trump wading through floodwater after Hurricane Helene.,false
"Kamala Harris ""let in the 13,099 convicted murderers and opposes all efforts to find them and to remove them.""",false
“Georgia coach Kirby Smart's family ends relationship with Taylor Swift: ‘We do not support her endorsement.’”,false
“TD Jakes MYSTERIOUSLY VANISHES: The search for the renowned bishop begins!”,false
A biolab caught fire in Georgia right before the 2024 election.,false
Vice President Kamala Harris “even wants to legalize fentanyl.”,false
"Laurie Buckhout is “trying to get to Congress to pass a national abortion ban, allowing politicians to ban abortions with no exceptions and prosecute women if they get an abortion, treating women right here like criminals.”",barely-true
"“Less than three months ago, Kamala Harris and her administration blocked 300,000 unvetted Haitian migrants from being deported out of our country.""",barely-true
"Photo shows President Joe Biden lounging on the beach ""while towns all over America were being wiped out” by Hurricane Helene.",false
“Biden Announces: ‘2.4 billion more to Ukraine’ but ‘no more aid for Hurricane Helene.’”,false
"“Olympic boxer Imane Khelif fails gender test, stripped of all titles, lifetime ban and $25 million prize money revoked!”",false
"Georgia Gov. Brian Kemp was calling President Joe Biden after Hurricane Helene but ""hasn't been able to get him.”",false
“Video shows Kamala (Harris) responding to someone talking through her earrings that she allegedly wore during the Trump vs. Harris debate.”,pants-fire
U.S. Senate candidate Mike Rogers “believes he should make that decision” about whether to end pregnancies.,barely-true
"U.S. Sen. Jon Tester “voted to give taxpayer-funded health care to illegal immigrants.""",false
“Kamala involved in P-Diddy’s rapes and assaults.”,pants-fire
“Donald Trump said he was going to allow Medicare to negotiate drug prices. He never did. We did.”,true
Video shows “the bunker-busting bombs that ended the lives of (Hassan) Nasrallah and Hezbollah’s leadership.”,false
Shows video of damage from Hurricane Helene.,false
"En el sur de Filadelfia, la campaña de Kamala Harris “está pagando a la gente $700 por semana para viajar y asistir a todos sus eventos”.",false
Hurricane Helene was the product of intentional weather modification.,pants-fire
Video shows footage of Hurricane Helene,false
Florida’s Amendment 3 is “the monopoly amendment.”,false
“El Proyecto 2025 quiere deshacerse de la NOAA” y del Servicio Nacional de Meteorología.,half-true
"Vice President Kamala Harris responded, “Next question please,” when asked about the economy during an Aug. 29 CNN interview.",pants-fire
Melania Trump “was an escort.”,false
“Serena Williams reportedly passes away following tragic car crash in Texas.”,pants-fire
“Elon Musk silences Taylor Swift: Shocking ban wipes out 1 million followers and costs her a staggering $72 million!”,false
“Project 2025 wants to get rid of NOAA” and the National Weather Service.,half-true
"“Even before the pandemic, (Donald Trump) lost manufacturing jobs, by most people’s estimates at least 200,000.”",barely-true
The government is arming “illegal immigrants.”,false
"Haitians are responsible for the disappearance of 16 cats in Bangor, Maine.",pants-fire
Photos show a toddler “saved” by Deputy Tyler Cooper.,false
"Says Donald Trump said, “Women are miserable — not sexy, not safe.”",false
“Taylor Swift faces a 10-game NFL ban following controversial political involvement.”,false
"“Communicable diseases like HIV and TB (tuberculosis) have skyrocketed” after Haitian migrants came to Springfield, Ohio.",barely-true
"The Inflation Reduction Act, which Rep. Elissa Slotkin supported, “drove inflation higher.”",false
Image of people boarding up a window shows Michigan election officials are “preparing to steal this election”,false
"“MAGA Republicans like Kari Lake support Project 2025, which would raise the retirement age for 73% of Arizonans.”",barely-true
"Nevada Sen. Jacky Rosen said the Biden administration did a ""tremendous job"" on the U.S. military’s Afghanistan withdrawal.",barely-true
"In South Philadelphia, people are “getting paid $700 a week to go to wherever Kamala’s campaign tells them to go to.”",false
"Bill Gates dijo que ""estamos tomando cosas que son ya sabes organismos genéticamente modificados y los estamos inyectando en los brazos de niños pequeños"" en el contexto de las vacunas.",false
"Photo shows missing couple Raymond Peterson and his wife, Sophie.",false
“Oprah is a sex trafficker. She’s been caught and now has to be escorted around” by U.S. marshals,false
Says John Fetterman said he’s “voting for Trump.”,false
"“Taylor Swift’s concert attendance drops after Harris endorsement: ‘No Fans, just empty seats and echoes.’”",false
Jon Tester “supported slashing Social Security benefits”,false
"Florida ""put Tom Walz instead of Tim Walz"" on its ballots.",half-true
"“Donald Trump added more to the national debt than any other president, ever.”",half-true
"“Two years ago, Bob Casey promised us his vote will reduce inflation. ... Casey’s vote for reckless spending” made inflation worse.",barely-true
Video shows Vice President Kamala Harris “hammered.”,pants-fire
Travis Kelce endorsed Kamala Harris.,false
"""Profesores de la Universidad de Howard confirman: 'Kamala fue la peor estudiante de la historia'"".",pants-fire
Video shows Vice President Kamala Harris using a teleprompter.,false
“Sam Brown publicly supported forcing massive cuts to Social Security and Medicare and was caught on tape saying he admires the plan to phase out Social Security and Medicare in five years.”,barely-true
"Tim Walz said ""we can't afford four more years"" of Kamala Harris.",false
“The last union member on a national ticket (was) Ronald Reagan.”,false
Photo shows a toilet after “some Hezbollah operative blew up.”,false
“The Montana Secretary of State left Kamala Harris off the ballot.”,half-true
“A staffer reveals that Kamala Harris doesn’t actually own a gun.”,pants-fire
"When Haitians go to school in Springfield, Ohio, they “take the place of our children in school” and “each one will have a private interpreter.""",false
"In Springfield, Ohio, “murders are up by 81%.”",barely-true
"“400,000 workers are now in a union that were not in a union when (Biden) became president.”",mostly-true
"“Unlike other amendments, Amendment 4 has no definitions. … Without definitions these words can mean almost anything.”",barely-true
Sen. JD Vance admitted he has a ‘rent-a-dog’ from the Trump campaign to make him “seem like a dog person.”,false
First lady Jill Biden led a Cabinet meeting for President Joe Biden and her signature appears on presidential stationery.,false
Video claims to show Donald Trump in an interview with Diddy,pants-fire
“iPhones exploding in Lebanon blowing up random people.”,false
“Attorney General Merrick Garland just vetoed charging Ryan Routh with attempted assassination” of Donald Trump.,false
"""Taylor Swift unexpectedly lost a $125 million brand contract after a massive advertising campaign” endorsing Vice President Kamala Harris.",false
“Portugal lanza monedas de 7 euros para honrar al legendario futbolista Cristiano Ronaldo”.,false
Former President Donald Trump “started out with $400 million on a silver platter and then filed for bankruptcy six times.”,half-true
"Ryan Routh's Instagram bio says he is a ""proud LGBTQ+ member""",false
“Chiefs' Coach Andy Reid criticizes Taylor Swift: ‘You’re not a good role model.’”,false
"“Kansas City Chiefs CEO bans Taylor Swift from attending games, calling her the team’s ‘biggest distraction.’”",false
"Former President Donald Trump could have destroyed the Affordable Care Act, but “he chose to build upon (it).""",false
“Tim Sheehy told us his health care plan: ‘We need to return health care to pure privatization.’ That would eliminate Medicare.”,barely-true
Says Colin Kaepernick said he “will go to Russia if not properly respected in the United States.”,false
Image shows “P Diddy with Kamala Harris.”,false
"“If you make less than $100,000, Trump is about to raise your taxes. Currently, you’re taxed at 10% and then 12%. He would raise that to a flat rate of 15%.”",false
Vice President Kamala Harris’ college professors disparaged her as their “worst student.”,pants-fire
Photo shows Kamala Harris posing beside Sean “Diddy” Combs.,false
“BREAKING: Police found ‘explosives’ in car near former President Donald Trump’s rally site on Long Island.”,false
"Charleroi, Pennsylvania, “has grown by 2,000% due to an influx in migrants.”",false
"""El gran respaldo de Taylor Swift"" a Kamala Harris ""le cuesta $125 millones en acuerdos de marca"".",false
Taylor Swift “lost 17 million followers by endorsing Kamala.”,false
Rep. Ruben Gallego’s “first act in Congress was to propose legislation to BAN the use of the term ‘illegal alien.’”,false
"Of Bernie Moreno, “Now, he’s arguing for a national abortion ban, no exceptions.”",half-true
“Country Music Television (CMT) has announced a permanent boycott of Taylor Swift.”,false
“Disney World officially moving to Nashville.”,false
"“Illegal” Haitians in Springfield, Ohio, are “reportedly killing and eating pets.”",pants-fire
"Karine Jean-Pierre, President Joe Biden’s press secretary, ended a press conference when a reporter asked about Donald Trump’s assassination attempt.",false
An image shows Taylor Swift responding to Elon Musk's X post about giving her a child by saying she's happy to take his daughter Vivian and ‘give her all the love and respect she deserves.’,false
"“In 12 states, children born alive after a failed abortion have no legal protection, and in three more states children born alive after an abortion had legal rights that governors — like Tim Walz — repealed.”",false
Images show Sean Combs’ booking photos after Sept. 16 arrest.,false
"“Kamala Harris has promised amnesty for the 10 million illegals she allowed in as border czar, making them eligible for Social Security. Studies warn this will lead to cuts in your Social Security benefits.""",false
Vice President Kamala Harris is “talking about bringing back the draft.”,pants-fire
"""ABC elimina a los moderadores del debate David Muir y Linsey Davis"".",pants-fire
"Este es “vídeo de una inmigrante haitiana que asesinó y se comió al gato de sus vecinos” en Springfield, Ohio.",pants-fire
CDC warns a third of adults may die from dangerous bacteria in ramen noodles.,false
“Donald Trump posted this photo of Taylor Swift saying that she was crying because she lost over $150 million worth of merchandise.”,false
“Coca-Cola cuts ties with Taylor Swift over (Kamala) Harris endorsement.”,false
“Taylor Swift forced to cancel Eras Tour dates following endorsement backlash.”,false
"Says Rep. Marjorie Taylor Greene said, “Who else thinks the downfall of America started with Barack Obama?”",false
"“On (Josh) Stein’s watch, rapes in North Carolina are up 53%.”",barely-true
The plus in LGBTQ+ includes pedophilia.,pants-fire
"The FBI said it would “visit” Elon Musk for writing on X,  “No one is even trying to assassinate Biden/Kamala.”",false
"""Typically you have three to four debates in a U.S. Senate race. (Sen. Tammy Baldwin, D-Wis. has) given me one debate, almost a month after early voting has started.""",mostly-true
The “‘Inflation Reduction Act’ increased inflation and drove prices sky high!”,false
"“In Project 2025, you’re going to have to register with a new federal agency when you get pregnant.”",false
"""Maduro llega a Rusia para pedir ayuda armamentista ante las relaciones negativas con los países americanos"".",false
Former President Donald Trump posted “0-2” Sept. 15 on Truth Social.,false
Ryan Routh appeared in a Blackrock commercial.,false
"The apparent assassination attempt against former President Donald Trump on Sept. 15, 2024, was “staged.”",pants-fire
“The most recent State Budget increased funding for the Department of Tourism by 98 percent.”,true
"“ABC lost $27M in ad revenue after advertisers pulled ads from the network after the way they hosted the debate"" on Sept. 10.",pants-fire
Photos that show lists of school names are “school shooting lists.”,false
A video shows a body that Israel embedded with a bomb exploding during a Palestinian funeral procession.,false
“ESPN has fired Shannon Sharpe.”,false
An image shows Travis Kelce responding to Elon Musk X post that followed Taylor Swift’s endorsement of Vice President Kamala Harris.,false
Former President Donald Trump admitted during the Sept. 10 presidential debate that he “blew up the Nord Stream pipeline.”,pants-fire
"Patron, Don Julio and Pink Whitney tequila recalled because they contained fecal matter.",false
Mike Rogers supported “laws that could eliminate IVF and birth control.”,half-true
"""Debate moderators made the false claim to Donald Trump that there is nowhere in the United States where abortion is legal up until birth.""",false
ABC News fired presidential debate moderators David Muir and Linsey Davis.,pants-fire
Florida’s six-week abortion law has “no real exceptions. Not for her health. Not even for rape.”,barely-true
Imagen muestra carnet del Partido Comunista de la vicepresidenta Kamala Harris.,pants-fire
Proposed Nevada constitutional amendment to protect abortion rights would put “essentially no limit on access to abortion.”,false
"Tim Sheehy “would let politicians like him ban abortion, with no exceptions for rape or to save a woman’s life, and criminalize women.”",barely-true
"“Elon Musk is going to expose Bill Gates soon, says ‘he’s evil.’”",false
"“Gordon Ramsay calls Tim Walz a ‘woke creep,’ throws him out of Hell’s Kitchen.”",false
"""ÚLTIMA HORA Río Nilo se pinta de rojo sangre"".",false
Photo shows Elton John wearing a “MAGA” jacket.,false
The Minnesota Vikings have denounced Tim Walz: “We don’t suppᴏrt his values.”,pants-fire
"Immigrants get $2,000 each time they cross the border illegally.",false
Video shows tornadoes in Canada.,false
Video shows a Ku Klux Klan member at a rally for former President Donald Trump.,false
"Elon Musk said, “Anyone caught promoting propaganda will be suspended from X.”",false
"A Haitian woman was arrested in Springfield, Ohio, for eating a cat.",pants-fire
"Kamala Harris “descubierta usando unos zarcillos con audífonos inhalambricos, para que le soplaran las respuestas durante el debate contra Donald Trump”.",pants-fire
“Elon Musk to fund new anti-woke show featuring Tucker Carlson.”,false
"Video shows Tim Walz “falsely claims that being gay in Nebraska is ‘illegal’""",false
"Vice President Kamala Harris wore NOVA H1 audio earrings in the Sept. 10, 2024, presidential debate.",pants-fire
"“As of today, there is not one member of the United States military who is in active duty in a combat zone, in any war zone around the world, for the first time this century.”",barely-true
"""Dallas County Texas (tells) election workers to (illegally) lie on registration & use a church address to register homeless people to vote!”",pants-fire
CNN reported that the Apalachee High School shooting suspect was motivated by a “lack of trans acceptance.”,false
Image shows “Michelle Obama’s necklace from DNC speech” said “Mike.”,pants-fire
"""In Springfield (Ohio), they're eating the dogs, the people that came in, they're eating the cats. They're eating, they're eating the pets of the people that live there.”",pants-fire
"Haitian immigrants are eating pets and wildlife in Springfield, Ohio.",false
"The Hells Angels Motorcycle Club is on the way to Aurora, Colorado, to confront a Venezuelan gang.",false
Donald Trump “took away protections against discrimination for LGBTQ patients under the Affordable Care Act.”,mostly-true
"“Sen. Jacky Rosen voted to increase taxes on families making less than $75,000 a year.”",barely-true
"""La nueva ley de condonación elimina $15,000 de la deuda de tarjetas de crédito para todos los estadounidenses"".",false
“Un grupo de 32 venezolanos armados tomaron esta noche un edificio de apartamentos en Chicago”.,false
"Vice President Kamala Harris “cast the tiebreaking votes that caused the worst inflation in American history, costing a typical American family $28,000.”",barely-true
Elissa Slotkin “gave your hard-earned tax money to illegal immigrants.”,false
Video shows Democratic vice presidential candidate Tim Walz dancing to Beyoncé in a cowboy hat and crop top.,false
A group of 32 armed Venezuelans took over an apartment building in Chicago.,false
"""Kamala Harris aboga por censurar X en Estados Unidos al estilo de Brasil si es elegida presidenta en noviembre”.",false
Project 2025 would defund K-12 schools.,half-true
"“The entire family of Kamala Harris’ running mate, Tim Walz—they are all supporting Donald Trump.”",false
“Mark Robinson skips Board of Education vote on teacher bonuses to hold campaign event.”,barely-true
An image shows the social media profile of the accused suspect in the Apalachee High School shooting.,false
McDonald’s “said they have no record whatsoever of Kamala Harris ever working at any of their locations.”,false
“BREAKING: Apalachee High School shooter has been identified as non-binary trans girl Samantha Hyde.”,pants-fire
“Kamala Harris said she will shut down X if elected.”,false
“In less than 48 hours the United States government is shutting down for good.”,pants-fire
"Photo shows a child “saved” by Deputy Ryan Braidley in Elko County, Nevada.",false
"“The transgender thing is incredible... your kid goes to school and comes home a few days later with an operation. The school decides what’s going to happen with your child.""",pants-fire
"El expresidente Donald Trump “tiene la intención de promulgar lo que, en efecto, es un impuesto nacional sobre las ventas…que elevaría los precios para las familias de clase media a casi $4,000 al año”.",half-true
"On June 7, 2011, Kamala Harris was involved in a San Francisco hit-and-run crash that injured a woman named Alicia Brown.",pants-fire
Photo shows Vice President Kamala Harris “in the 90s.”,false
“There’s been a 43% increase in violent crimes since I left office.”,barely-true
NFL’s Philadelphia Eagles endorsed Kamala Harris for president.,false
"A zero-tolerance policy during the Trump administration ""led to less family separation than under Kamala Harris' border policies.”",false
"“BREAKING: Illegal Aliens in San Diego, California, tried to hijack 2 school buses filled with children.”",false
“Melania Trump just filed for divorce MINUTES ago in Palm Beach.”,pants-fire
Vice President Kamala Harris “is a communist. … She is really a Marxist.”,pants-fire
Vice President Kamala Harris was fired from McDonald’s for stealing.,pants-fire
Image claims Tiger Woods said “Kamala's fake black accent is embarrassing and extremely offensive.”,pants-fire
"U.S. Sen. Sherrod Brown voted to “give illegals taxpayer funded stimulus checks, health care, even Social Security.""",false
"Four government agencies donated nearly $900,000 of taxpayer money to Kamala Harris’ presidential campaign.",false
Nine Americans died from a listeria outbreak after Boar’s Head brand meat prioritized hiring “refugees” in Virginia.,false
Rep. Elissa Slotkin “voted recently to let illegals vote in U.S. elections.”,false
California S.B. 1174 eliminates the requirement for voter ID at polling places.,barely-true
President Joe Biden “did a campaign ad at the graves in Arlington in 2020.”,barely-true
"Video shows “Kamala Harris describing how she can ruin lives with the 'swipe of a pen.’""",false
Kamala Harris’ “plan to tax unrecognized Capital Gains mean(s) if your house goes up in value you will have to pay that Tax Even if you don’t sell your House!”,barely-true
“There’s no such thing as menopause.”,pants-fire
"“Hollywood actor Kurt Russell just said: ‘It is now proven, beyond a shadow of a doubt that Kamala Harris and Joe Biden CHEATED in the 2020 election with mail-in ballots.’”",false
"Former President Donald Trump ""intends to enact what, in effect, is a national sales tax ... that would raise prices on middle-class families by almost $4,000 a year.""",half-true
“Kurt Russell forms a new non-woke actors alliance with Roseanne Barr and Tim Allen.”,false
Photo of former President Donald Trump after an assassination attempt was generated by artificial intelligence.,false
"C-SPAN captions for a JD Vance speech said, “Single person clapping.”",false
"“JD Vance actually sent a letter last year to the Department of Justice saying, ‘enforce the Comstock Act.’”",true
"El director general de la Organización Mundial de la Salud ""dice que ya no es emergencia sanitaria la viruela del mono"" en 2024.",false
"El Dr. Juan Rivera lanza ""una pastilla revolucionaria"" para curar la diabetes.",pants-fire
Image shows Fox Business graphic titled  “Tim Walz’s Communist Agenda.”,false
"The proposal to put golf courses, hotels in Florida state parks “was something that was leaked. … a lot of that stuff was half-baked and was not ready for prime time.”",barely-true
"“This month alone, more than 16,000 non-citizens have been removed from the voter rolls in 3 states.”",half-true
"Un video muestra un helicóptero distribuyendo “mosquitos genéticos en Massachusetts, Estados Unidos”.",false
Video shows a CNN segment about “veterans cancelling their auto insurance.”,false
Video shows buildings crumbling because of an “earthquake in Taiwan.”,false
World Economic Forum “document confirms 6 billion humans will die in 2025.”,pants-fire
Video shows Jordan Peterson making disparaging remarks about Chinese food,pants-fire
Ruben Gallego wants to “cut your Social Security.”,false
Charlie Kirk X post about iPhone storage reveals his top app is Grindr.,pants-fire
Kamala Harris “wants to forcibly compel doctors and nurses against their will to give chemical castration drugs to young children.”,false
"“Anything that you lose on the tariff from the perspective of the consumer, you gain in higher wages, so you're ultimately much better off.”",false
Sen. Bob Casey “voted to sell American oil to China.”,false
Rep. Elissa Slotkin’s vote for the 2022 Inflation Reduction Act was a vote to “cut Medicare benefits for seniors.”,false
Videos muestran a Kamala Harris ebria.,false
The order of candidate names on North Carolina’s ballot shows a “clear attempt at voter manipulation.”,false
“Colin Kaepernick 'screams' as Coach Kyle Shanahan denies his return request: 'The kneeling symbol has no chance of coming back.’”,false
"Beyoncé and Taylor Swift announced a “big endorsement concert” and said, “No more silence, before it’s too late, our voice must be heard now!”",false
“Breaking: WNBA referees disqualify players under league’s new ‘no anthem kneeling’ rule.”,false
“Prices are up because these corporations are scheming to drive them up.”,barely-true
Gov. Tim Walz insulted Ann Coulter’s romantic history after she called his son “weird.”,false
Video shows helicopter “dropping millions” of mosquitoes in Massachusetts towns hit by eastern equine encephalitis virus.,false
"“Kamala cast the tiebreaking vote to hire 87,000 new IRS agents to go after your tip income.”",false
Minnesota Gov. Tim Walz signed a law that would “take children away from their parents if the parents don’t want to consent to sex changes.”,false
Donald Trump posted on Truth Social that Kamala Harris used to be a man named Kamal Aroush.,false
Food and Drug Administration approval for updated COVID-19 vaccines requires a public health emergency declaration.,false
"In Wisconsin, “a legislative committee cannot release funding.”",barely-true
“Nike announces termination of contract with Brittney Griner after ‘strong backlash’ from online community.”,false
"Lowe’s CEO Marvin Ellison said on CNBC, “If conservatives do not like our values, they should take their money to Home Depot.”",pants-fire
“All students who knelt during the national anthem were rounded up and removed from scholarships” at the University of Texas.,false
Kamala Harris has adopted the Nazi-rooted phrase “Strength Through Joy” as her campaign slogan.,false
Jason Aldean rejected a $500 million music collaboration with Taylor Swift.,false
"“Elon Musk pide la prohibición de ‘The View’, ‘prefiero caminar descalzo sobre asfalto caliente que ver The View’”.",false
“Mark Wahlberg y Mel Gibson invierten 500 millones de dólares para el primer estudio de producción de la industria centrado en los valores tradicionales”.,false
"Says U.S. Sen. Tammy Baldwin ""believes taxpayer dollars should be used for abortion.""",half-true
Maxine Waters told her followers on X not to follow Omar Navarro because he is a “Hispanic Republican.”,pants-fire
Jacky Rosen “said ending taxes on tips would ‘hurt working Nevada families.’”,false
"Mike Rogers “left Michigan to trade on his D.C. connections, helping Chinese tech companies get access to the U.S.”",false
“The Harris-Biden Administration has been caught fraudulently manipulating Job Statistics.”,pants-fire
Pallets of bricks were left all over the streets of Chicago before the Democratic National Convention.,false
Says U.S. Sen. Tammy Baldwin “has done absolutely nothing” about the fentanyl crisis.,false
Videos show Kamala Harris intoxicated.,false
Video shows former President Donald Trump thought he was in North Carolina while he spoke in Pennsylvania.,false
The Democratic National Convention was “nearly empty” during its first day.,false
"“Kamala Harris wants to give $25,000 to illegal aliens to buy American homes.”",false
“PA Gov Josh Shapiro isn’t attending the DNC at all.”,false
"Trump said “you used to be able to get cereal for 20, 30 bucks a pound.”",false
"Photo shows “domestic Antifa are already gathering in Chicago, to create chaos during the Harris-Walz DNC.”",false
“Travis Kelce kneels during national anthem fined $10 million and thrown out of the game.”,false
The American flag is missing from the Democratic National Convention in Chicago.,false
Former President Donald Trump “cut overtime benefits for millions of workers.”,barely-true
“Women don't even get their own restroom at the DNC convention.”,pants-fire
Photo shows “pallets or containers of bricks have been found near locations designated for protests related to the Democratic National Convention”,false
Democrats dyed the “Chicago River red to celebrate abortion.”,pants-fire
The World Health Organization ordered governments to prepare for “mega lockdown” because of an mpox strain.,false
A video shows “triggered Kamala Harris walks out on Charlamagne Tha God after he exposed Joe Biden’s dementia.”,false
California law lets you “rob a store as long as it’s not more than $950” and “not get charged.” Kamala Harris “did that.”,false
"Actor Mel Gibson told talk show host Oprah Winfrey, “You sell children!”",pants-fire
Sam Brown “said abortion should be banned without any exceptions for rape or incest.”,half-true
“The NFL will now use facial recognition at every stadium to verify the identity of everyone at the game.”,false
Kamala Harris y Tim Walz se tomaron una foto con un cartel comunista.,pants-fire
A 15-year-old named “Graci Mae Thompson” is missing.,false
Candace Owens will host an ABC morning show that will replace “The View.”,false
JD Vance holds “anti-marriage-equality views.”,half-true
El senador Rick Scott no apoya las excepciones al aborto.,false
Minnesota Gov. Tim Walz signed a bill “redefining ‘sexual orientation’ to include pedophiles.”,false
Gov. Tim Walz delivered paid family leave in Minnesota but “Republicans are blocking” a Biden-Harris proposal.,mostly-true
“Bob Casey and Kamala Harris want to BAN fracking.”,false
"“We’re losing 300,000 people a year to fentanyl that comes through our border. We had it down to the lowest number and now it’s worse than it’s ever been.”",pants-fire
Kamala Harris voted in favor of passing a law in 2022 to tax tips.,false
"Dr. Leo Ferreira, a cancer researcher shown in a video clip, was on the plane that crashed in Brazil on Aug. 9.",false
"Videos of media talking about Tim Walz as a ""happy warrior"" are proof of government propaganda legalized by Barack Obama.",false
"Says Elon Musk posted on X, “Any harassment of Trump supporters using the term ‘weird’ will be punished.”",false
Photo from an Aug. 14 campaign event in Michigan shows “JD Vance couldn’t fill a small room.”,false
Video shows Boston Red Sox player Jarren Duran getting a “MASSIVE” ovation after his two-game suspension for homophobic slur.,pants-fire
Republican Senate candidate Dave McCormick “wants to outlaw abortions.”,barely-true
"“Elon Musk has announced his first robot girlfriend, with artificial intelligence.”",false
"“Vice President, Kamala Harris cast the tie-breaking vote to cut, as you know, Medicare by $273 billion. She cast a vote to cut Medicare.”",false
Sen. Rick Scott does not support abortion exceptions.,false
"""Elon Musk anuncia su primera novia (un robot con inteligencia artificial)"".",false
Kamala Harris posted about banning Barron Trump’s friend from X because he wore a “Biden Loves Minors” shirt.,false
Video shows former President Donald Trump freezing up.,false
"Video muestra policías entrando en una casa en Inglaterra ""por comentarios en redes sociales"".",false
"“During Covid, Tim Walz rationed access to monoclonal antibody treatments based on skin color.”",barely-true
"JD Vance “literally wrote the foreword for the architect of the Project 2025 agenda.""",true
Minnesota Gov. Tim Walz “forced schools to stock tampons in boys’ bathrooms.”,barely-true
Craigslist ad shows “every single person” at Kamala Harris’ Arizona rally was paid.,false
Photo of Kamala Harris’ Aug. 7 rally near Detroit was AI-generated and “there was nobody there.” Attendees pictured “didn’t exist.”,pants-fire
"Says Tim Walz said he carried weapons in war, but “he has not spent a day in a combat zone.”",true
"El gobernador de Minnesota, Tim Walz, firmó una ley dando educación universitaria gratuita “a los inmigrantes ilegales”.",mostly-true
“I went down in a helicopter with (Willie Brown). We thought maybe this is the end. We were in a helicopter going to a certain location together and there was an emergency landing.”,pants-fire
Says Minnesota Gov. Tim Walz had his stomach pumped “after overingesting horse semen.”,pants-fire
Photo shows former President Donald Trump “asleep at the 2017 NATO summit.”,false
“Mike Tyson says he’s willing to box Olympic DUDE with all proceeds to go to a battered women’s charity.”,false
"Says his Jan. 6, 2021, speech on the White House Ellipse drew the “same number of people,” as the 1963 March on Washington where  Martin Luther King Jr. gave his “I Have a Dream” speech.",false
“Caitlin Clark declines $1 million offer from ABC to appear on ‘The View.’”,false
Image shows Hitler in similar scene as Trump.,false
"""Tim Walz firmó una ley para dar licencia de conducir a inmigrantes ilegales en Minnesota"".",true
"""El crimen violento aumentó bajo Donald Trump"".",half-true
"""Tim Walz signed into law driver's licenses for illegal immigrants in Minnesota.""",true
Minnesota Gov. Tim Walz signed “legislation giving free college … to illegal immigrants.”,mostly-true
"“When Tim Walz was asked by his country to go to Iraq, do you know what he did? He dropped out of the Army and allowed his unit to go without him.”",barely-true
"“In 2021, Minnesotans were roughly five times more likely to move to Florida than vice versa” because they were “fleeing” the state under Democratic Gov. Tim Walz.",half-true
"A plane crashed into the Milad Tower, July 31, 2024.",false
"""Actornautas aparecen en los videos de la NASA desde hace años mostrando el set de filmación en el supuesto alunizaje”.",false
"In negotiating releases of Americans held abroad, “(I) gave the opposing country NOTHING — and never any cash.”",barely-true
"In Pompano Beach, Florida, Somali immigrants illegally in the U.S. were in line to get driver’s licenses and “all you need to vote is a driver's license.”",false
“Violent crime was up under Donald Trump.”,half-true
President Joe Biden walked “onto an empty airplane for no reason.”,false
“Police found human remains and evidence of cannibalism” at  Oprah Winfrey’s home.,pants-fire
"“Michael Jordan rejects $400 million Disney offer, stating, ‘I do not collaborate with companies aligned with woke ideologies.’”",false
“Scientists at Exeter University have reconstructed this 3D model of how Moses might have looked.”,false
"During the 2020 Minnesota riots after George Floyd’s murder, Gov. Tim Walz didn’t call in the National Guard, “so, I sent in the National Guard to save Minneapolis.”",false
"“Elon Musk calls for ban on ‘The View,’ ‘I’d rather walk barefoot on hot asphalt than watch ‘The View.’”",false
Kamala Harris “supports mandatory gun confiscation.”,barely-true
Donald Trump “intends to cut” Medicare.,barely-true
"Eric Hovde “wants to repeal the Affordable Care Act, and kick millions off their health insurance.”",true
Tim Walz “changed the Minnesota flag so it could resemble the Somalian flag.”,false
"“Elon Musk backs Caitlin Clark, offers $10 million endorsement.”",false
"Kamala Harris’ X post said the Olympics’ opening ceremony “made France look great! America, this is what we need to strive towards!”",false
Photo shows Israeli swimmers protesting Olympic rules by spelling out “bring them home.”,false
“Nowhere on her birth certificate does it say that she is BLACK OR AFRICAN. …  Kamala Harris is NOT black and never has been.”,false
"""Since Vice President Harris and I took office … incomes have risen faster than prices.""",mostly-true
Video shows a “strong tornado in Atlanta.”,false
Says Simone Biles “announces retirement” and “reveals she is ‘expecting a baby.’”,false
"Olympic air pistol shooting medalist took up the sport during his divorce and told his ex-wife from the podium, “I want my dog back.”",false
"""Samsung drops out of $1 billion advertising campaign with Olympics.""",false
"""Mark Zuckerberg, CEO de Meta, ha retirado la verificación” de Nicolás Maduro en Facebook e Instagram.",false
El 31 de julio de 2024 confirmaron el fallecimiento del expresidente Donald Trump en un accidente de helicóptero.,false
Biden Executive Order 14019  “requires our taxpayer-funded federal agencies to violate the Hatch Act and engage in illegal vote harvesting.”,pants-fire
Vice President Kamala Harris “was born in Canada.”,pants-fire
Switzerland “no longer recognizes Islam as an official religion.”,false
“Netflix loses 6 million subscribers within hours of donation announcement.”,false
“Estados Unidos decide INVADIR VENEZUELA”.,false
President Joe Biden “killed his first wife.”,pants-fire
"Kamala Harris was “Indian all the way, and then all of a sudden, she made a turn and she went, she became a Black person.”",pants-fire
"""Donald Trump intends to cut Social Security.""",barely-true
"“Even before the pandemic, America went into a manufacturing recession.”",mostly-true
Video shows that “JD Vance endorses Project 2025.”,false
"""Kamala just launched her presidential campaign on RuPaul's Drag Race.""",false
"Says Kamala Harris tweeted, “It’s BLACK LIVES MATTER, not ‘Biden Loves Minors!’”",false
Says Kamala Harris proposed on X that “we have the next debate at a venue Donald Trump feels more comfortable: Jeffrey Epstein’s townhouse.”,false
Vice President Kamala Harris “endorsed free taxpayer-funded government health care for all illegal aliens.”,barely-true
Sen. JD Vance is “known for his obsession with couches.”,pants-fire
Este video muestra un robo de votos en la elección del 2024 en Venezuela.,false
Video shows “thousands of Christians in France gathered to pray after Olympics opening mocked Jesus Christ.”,false
Project 2025 would end gay marriage.,false
“Netflix stock tumbles almost 40%” after the company donated to Kamala Harris’ campaign.,false
Vice President Kamala Harris is “calling for an end to the child tax credit.”,pants-fire
Video shows “several masked men stormed a local voting station and stole the ballot boxes” in Venezuela’s 2024 election.,false
Kamala Harris “wants to defund the police.”,barely-true
“100 million ballots (Democrats) prefilled now have the wrong name.”,false
"""Mike Pence endorsed Kamala Harris.”",false
"Kamala Harris said, “Today we celebrate the Olympics. Because Olympians are Olympic.”",pants-fire
Kamala Harris “supported abolishing ICE.”,false
Rose Garden video shows that President Joe Biden was taller when he emerged from July 24 Oval Office speech.,pants-fire
"“Today, America has record energy production and we are energy independent.”",mostly-true
"""Taylor Swift y Beyoncé se unen para un concierto épico en apoyo a Kamala Harris!"".",false
ABC News reporter said “government tried to kill” former President Donald Trump.,false
"Thomas Matthew Crooks worked for BlackRock ""in the past"" and BlackRock owned the building Crooks stood on when he shot at the Trump campaign rally.",false
"Bruce Willis murió, 23 de julio de 2024.",false
"Financial advisory company Austin Private Wealth shorted 12 million shares of Trump Media July 12, the day before former President Donald Trump’s attempted assassination.",false
Video shows President Joe Biden’s July 24 address is “either CGI or a mask.”,pants-fire
Videos show Jill Biden alone in Paris and at White House with Joe Biden at the same time.,pants-fire
Imágenes muestran a la subdirectora del FBI Janeen DiGuiseppi sentada detrás del expresidente Donald Trump durante su intento de asesinato.,false
"Says Bruce Willis died, as of July 23, 2024.",false
Says Taylor Swift “announced a fund raising concert with Beyoncé in support of Harris” on July 23.,false
Image shows former President Donald Trump golfing July 23 with “no wound. No bandage.”,false
President Joe Biden is stepping down from the 2024 presidential race because he’s dead.,pants-fire
"""Muere la madre de Michelle Obama, deja herencia a 'Mi hijo Michael'"".",pants-fire
"Usha Vance, wife of Republican vice presidential nominee JD Vance, posted on X that Vice President Kamala Harris was “absolutely a DEI hire.”",false
Photo shows “Thomas Matthew Crooks wearing a quipá.”,false
"The death of Rep. Sheila Jackson Lee, D-Texas, six days after the Trump rally shooting was linked to her “oversight of the Secret Service.”",false
"As of July 23, 2024, “Trump has announced he won’t debate Kamala Harris.”",false
Starbucks was an “official sponsor of the RNC.”,false
"""Kamala Harris no es elegible para postularse para la presidencia. Ninguno de sus padres eran ciudadanos estadounidenses natos cuando ella nació"".",pants-fire
"“Michelle Obama’s mother dies, leaves inheritance to ‘my son Michael.’”",pants-fire
Project 2025 calls for restricting “access to IVF and contraception.”,barely-true
"President Joe Biden appointed ""Kamala Harris to be his border czar to deal with illegal immigration … Harris was put in charge of stopping illegal immigration.""",barely-true
Images show FBI assistant director Janeen DiGuiseppi seated behind former President Donald Trump during his assassination attempt.,false
"Fox News aired a chyron that said, “Kamala could be the oldest elected female president.”",pants-fire
The absence of the presidential seal on President Joe Biden’s letter announcing his exit from the presidential race proves “this wasn’t Biden’s choice.”,false
Photo shows Trump shooter Thomas Matthew Crooks was transgender.,false
There are nine states “where Biden’s name can’t be removed and no one can be added. That’s over 130 electoral votes in the toilet.”,false
“The state of Washington has already sent out their ballots” for the 2024 presidential election.,false
"Former President Jimmy Carter “passed away Tuesday, July 23, at 01:34 am at his home in Plains, Georgia at the age of 99.”",false
Project 2025 would “end Head Start.”,true
"Says former President Donald Trump said, “It took my entire ear off. The whole ear.”",false
"Kamala Harris “returned” a $5,000 donation Donald Trump made to her campaign in 2011.",false
Kamala Harris “is not eligible to hold the office of president” because her parents were non-citizens.,pants-fire
A July 21 video aired by PBS News shows President Joe Biden’s “first video address following dropping out of the presidential race.”,pants-fire
Bill Gates is responsible for July 19 global tech outage.,false
"An executive of the gay dating app Grindr said the Republican National Convention is ""basically Grindr’s Super Bowl.'”",false
A photo shows a Secret Service sniper at the July 13 Trump rally wearing a red string bracelet tied to Kabbalah Judaism.,false
"After being shot at a Milwaukee rally in 1912, former President Teddy Roosevelt “finished his speech and he kept fighting.”",mostly-true
"""Unlike Mike Pence, (JD) Vance said he would have carried out Trump's plan to overturn the 2020 election.""",mostly-true
A photo shows proof of a bullet hole in Trump’s jacket.,false
"Milwaukee's Marcus Performing Arts Center – where 'The Daily Show' had been scheduled – “was originally located in the ‘soft perimeter,’ they called it, security-wise” but “was shifted, understandably so, to the ‘hard perimeter.’”",false
"“Just last week, Ruben Gallego voted to let the millions of people who poured into our country illegally cast a ballot in this upcoming election.”",false
The Secret Service staged the July 13 shooting at Trump rally.,pants-fire
Video shows Donald Trump sleeping at the Republican National Convention’s first night.,false
"Photo shows that two days after former President Donald Trump’s attempted assassination, the top part of his ear “grew back.”",pants-fire
The shooter who attempted to assassinate Donald Trump was “Maxwell Yearick.”,pants-fire
Photos show former President Donald Trump golfing after being shot.,false
Switzerland banned mammograms.,false
Trump campaign rally gunman Thomas Matthew Crooks was “arrested more than once.”,false
"A Secret Service agent named Jonathan Willis said he “had the assassin in his sights for 3 minutes, but he was told not to engage by the head of the (Secret Service) unit.”",false
"Photo shows the Instagram account of shooter Thomas Matthew Crooks, with the bio, “In my quest to end Epsteins evil empire.”",false
Video shows Trump gunman Thomas Matthew Crooks yelling “slash Republican throats”,false
"Photo shows Barron Trump on July 13, 2024, at Butler, Pennsylvania, rally.",false
Thomas Crooks “was a registered Democrat who voted for Clinton and Biden.”,pants-fire
Photo shows Secret Service agents smiling while escorting Donald Trump offstage after assassination attempt.,pants-fire
"Donald Trump escenificó el tiroteo en su mitin en Butler, Pensilvania.",pants-fire
“The idea that there’s political violence or violence in America like this is just unheard of.”,false
"Estas imágenes muestran a Thomas Matthew Crooks, el sospechoso del tiroteo en el mitin de Donald Trump.",pants-fire
A photo from viral social media posts shows Trump rally shooting suspect Thomas Matthew Crooks.,pants-fire
"Donald Trump staged the shooting at his rally in Butler, Pennsylvania.",pants-fire
"“El que disparo Donald Trump, Mark Violets ha sido asesinado.”",pants-fire
“Butler Police confirm the shooter’s name is Mark Violets. He is a known Antifa extremist.”,pants-fire
"“Trump rally shooter has been identified as 32-year-old California resident, Hank Pecker.”",pants-fire
"""The Trump administration handed out taxpayer dollars to a foreign company. Hundreds of homes and farms were bulldozed, and over $500 million in taxpayer dollars were wasted preparing for Foxconn.""",half-true
"""Project 2025 eliminates OSHA and overtime wages.”",false
"Lower insulin prices were the work of the Trump administration, not “Crooked Joe Biden. He had NOTHING to do with it.”",false
"BBC News published a graphic quoting President Joe Biden saying, “Let me say this as clearly and simply as I can: [inaudible].”",false
"“Anyone on Social Security or Disability should know, Project 2025 totally eliminates
all benefits.”",false
List shows settlements Donald Trump made to 10- to 13-year-old victims of child sex crimes.,false
CNN producer “caught on hot mic” commenting on Maxine Waters’ “wig problem.”,false
"In 2020, “only nine NATO allies were spending 2%” of their GDP on defense. “This year, 23 will spend at least 2%.”",mostly-true
"“(Homeland Security Secretary Alejandro) Mayorkas said, ‘Hey you don’t have to detain aggravated felons,’ those are rapists, child predators, you know, murderers.”",barely-true
LGBTQ+ leaders sign World Economic Forum treaty to “Accept Pedophiles as 'Legally Protected Minority’”,pants-fire
Official Navy photographs show an unidentified flying object in the Arctic Ocean in 1971.,false
“Every single McDonald’s french fry comes exclusively from potatoes grown on Bill Gates-owned farmland.”,false
"Black women in the U.S. are “three to four times more likely to die in connection with childbirth than other women.""",true
“Deadlines have passed in … Wisconsin” to replace President Joe Biden on the ballot.,false
"Kamala Harris ""co-sponsored, fully sponsored"" the Green New Deal.",true
"""Miami Dolphins QB Tua Tagovailoa” had a “front-row seat” reserved at Donald Trump’s Miami rally.",false
Video shows Elon Musk saying Oreos are “satanic.”,pants-fire
"“Elective abortions up to and including the moment of birth. Healthy, 9-month-year-old baby killed at the moment of birth. That’s what Jon Tester and the Democrats have voted for.”",false
"Video shows “huge green coloured meteor” on July 7, 2024, in Budapest, Hungary.",false
CNN reported July 3 that “Joe has decided to drop out of the 2024 Presidential race and will be replaced by Hunter Biden.”,false
“The New York Times has closed its main Threads account.”,false
“Officially; Lia Thomas has lost every title.”,false
Video shows tornado caused by Hurricane Beryl in July 2024.,false
"La compañía Fisher-Price creó un juguete ""Ouija para niños”.",false
"Video shows “Florida beach tornado” July 7, 2024",false
Photo shows Mount Etna erupting in Sicily in July 2024.,false
President Joe Biden had a “medical emergency on Air Force One” on July 5.,false
The Associated Press reported “prosecutors are reconsidering bringing charges against former President Donald J. Trump on child rape and molestation charges.”,false
Project 2025 mandates women carry “period passports” to “track their menstrual cycles” and “monitor pregnancies.”,false
“Roundabouts are causing tornadoes.”,false
"A McDonald’s billboard said, “Hey crypto bro’s we are hiring.”",false
"“In official capacity, Biden orders DOJ to arrest 6 justices of SCOTUS.”",pants-fire
"La comunidad de hispanos se puede beneficiar de una ""Nueva ley de prosperidad nacional elimina hasta 47,000 en deudas de tarjetas de crédito"".",false
"Photo shows “Roman tidal baths in Malta, still at sea level after thousands of years!”",false
“Disney and Google bought the rights to the first King James Bible.”,false
"""For 18 months under President Trump, not a single American was harmed in Afghanistan.”",false
C-sections are coded as abortions in hospitals.,false
"""Huracán Beryl pasado por la isla Canarias todo quedo bajo Agua y Horacio por todo la isla afectada "".",false
“Riley Gaines won $10 million against Whoopi Goldberg for defaming her reputation.”,false
"Activistas de Just Stop Oil ""han rociado con pintura naranja el avión de Taylor Swift, en el aeródromo privado de Stansted, en el Reino Unido"".",false
"""Malaysia Airlines Flight MH370 returns after 10-year mystery""",false
"“En la última conferencia médica en Estados Unidos, el Dr. Juan Rivera presentó una nueva terapia que ha sido validada y demostrada efectiva para manejar el tinnitus”.",pants-fire
"""President Zelenskyy’s wife orders 4 million dollar Bugatti” in Paris with U.S. tax money.",false
“Planes full of unvetted ‘refugees’ are being accepted at the Milw. & Madison airports!”,pants-fire
Video shows Dr. Ben Carson promoting an erectile dysfunction treatment.,false
“WNBA organizers have officially announced an investigation into the referees in all of Caitlin Clark's games for ignoring all dirty actions by her opponents against her.”,false
Michael J. Fox “doesn’t have Parkinson’s disease.”,pants-fire
“Just Stop Oil activists paint Taylor Swift’s private jets.”,false
"“R. Kelly has been released from United States of America Federal Prison, Chicago.”",false
"Border Patrol agents take migrants ""to the Yuma airport, put them on a plane to any destination they want. ... And they pay their ticket. And then they get reimbursement from FEMA.""",false
El 30 de junio de 2024  falleció el expresidente de Estados Unidos Barack Obama.,false
"A 2019 clip from the show “Project Runway,” with a face mask and a designer named Kovid, is proof that the COVID-19 pandemic was a hoax.",false
"Photo shows a missing child in Pike County, Missouri.",false
The city of San Francisco posted street signs warning that “stolen goods must remain under $950.”,false
"“Gordon Ramsay kicks Lia Thomas out of his restaurant, 'Dine in some woke place.'""",false
"“The weapons that Ukraine used in the early days of this war to fend off the Russian invasion are the weapons that Donald Trump sent, that Barack Obama and Joe Biden had refused to send.”",half-true
A jury “ordered Disney and Lucasfilm to pay” actor Gina Carano $115 million.,false
"Says as of June 30, “the decision has been made that (President Joe Biden) will quit the campaign.”",false
"“Nuevo programa en línea está enviando a estudiantes laptops Apple gratis y subvenciones en efectivo"".",false
"Chiefs' Coach Andy Reid ""fires 3 top players for anthem kneeling.""",false
"""No live audience” at CNN debate means “We are watching a scripted movie.”",false
"""There were 42,000 people diagnosed with (an) STD in Houston” in one week.",false
“Actor and comedian Tim Allen died suddenly” in a “fatal car accident.”,false
The Gates Foundation “awarded $9.5 million to UW-Madison to make H5N1 bird flu transmissible to humans.”,false
“Under (the Biden) administration we have witnessed the fastest growth of Black-owned small businesses in more than 30 years.”,true
"CNN's David Chalian referred to Michelle Obama as ""Big Mike"" on air during presidential debate coverage.",false
Photo shows a Houston woman baking bread in her mailbox.,false
Wisconsin had a “record-breaking year” for tourism in 2023.,true
"“CNN will implement a 1-2 minute delay for tonight’s presidential debate instead of the standard 7-second delay, potentially allowing time to edit parts of the broadcast.”",false
"""Hospitals murdered patients” with remdesivir, a drug banned from Ebola trials because of “53% kill rate.”",false
"“Starting from June 2024, the United States will provide a six-month free CDL course.”",false
Former President Donald Trump is “against mail in voting.”,half-true
CERN scientists admit they “accidentally” ended the world in 2012 while performing experiments into the Higgs boson particle.,false
Foto muestra a un delfín rosado en la costa de Carolina del Norte.,false
Image shows Disney+ poster for new “Vader” show.,false
“Brittney Griner asked Angel Reese instead of Caitlin Clark to compete in the 3x3 Olympics.”,false
“Candace Owens vows to have Taylor Swift banned from next NFL season.”,false
"""Ahora mismo al abrir una cuenta bancaria en línea recibirás $1,000 listos para ser retirados, no hay depósito ni tarifas ocultas"".",false
“Lia Thomas ordered to compete with men.”,false
“Lia Thomas announces retirement from competitive swimming.”,false
"“Lia Thomas declares: ‘In our country, only people like (Harrison) Butker have a place — I’m leaving the USA.”",false
"The U.S. House “has authorized a new $1,000 stimulus card program to support those in need.”",false
"Video muestra a Rita Moreno hablando con Jorge Ramos sobre un ""método natural"" para tratar la diabetes.",false
“Congresswoman (Anna Paulina) Luna confirms that Biden will be replaced on 2024 ballot.”,false
Video shows a banner with Iran’s supreme leader displayed at the Brooklyn Museum.,false
Photo shows a pink dolphin spotted off the North Carolina coast.,false
“Caitlin Clark rejects $400 million deal from Nike” saying “not with that Kaepernick clown.’”,false
Video shows “fences have been installed around the Supreme Court” in 2024.,false
All men aged 18 to 26 “have been automatically registered in the U.S. Army.”,false
"“Justin Timberlake allegedly had traces of molly, poppers, Truvada, and coke in his bloodstream following his DWI arrest in New York.”",false
“Caitlin Clark has officially joined the Canadian women's Olympic team.”,false
"“En la Eurocopa 2020, la Unión Europea impuso a todos los capitanes de selecciones nacionales llevar el distintivo lgtb. Pero Cristiano fue el único capitán de la Euro que se negó y no llevo el cintillo lgtb”.",false
"""Pfizer CEO Albert Bourla admitted yesterday that Covid was used as a test.”",false
Caitlin Clark has been named to the U.S. women’s Olympic basketball team after Brittney Griner was released for “undisclosed reasons.”,false
"California Assembly Bill 1955 “would allow schools to secretly, socially and perhaps medically transition your child without your knowledge and consent.""",false
“The loss of SALT deductibility cost our state $15 billion in revenue. So New Yorkers are paying more in taxes and receiving fewer services because of Donald Trump.”,barely-true
Video shows a man interrupting White House Press Secretary Karine Jean-Pierre on “The View.”,false
Donald Trump’s plan is “cutting Social Security for you.”,barely-true
"Says linguist Noam Chomsky died, as of June 18, 2024.",false
"Al tomar un licuado de sábila, remolacha, limón, curcuma y pepino “te sanarás completamente” de varios tipos de cáncer.",false
Says he “saved Kenosha” and the “governor wouldn’t move” on sending the National Guard.,pants-fire
Cristiano Ronaldo was the only European soccer captain who did not wear a rainbow armband at Euro 2020.,false
"""Fotografía tomada en el 2496 A.C. durante la construcción de las pirámides en Egipto”.",pants-fire
“Saudi Arabia will stop using the US dollar for oil sales and will not renew the 50-year petro-dollar agreement with the U.S.”,false
"Este video de un carro lleno de agua muestra a ""Miami inundado"".",false
Joe Biden’s immigration order limiting asylum is “pro-child trafficking.”,false
The Trump administration “achieved the lowest African American unemployment rate and the lowest African American poverty rate ever recorded.”,half-true
Crime statistics “no longer include data from 30% of the country including the biggest and most violent cities.”,false
Video muestra al Presidente Joe Biden desorientado en evento de paracaidismo del G7 con líderes mundiales.,false
“Photo shows Egyptian pyramids being constructed in 2549 BC”,pants-fire
The 9th Circuit Court of Appeals “just ruled Covid vax mandates unconstitutional.”,false
Video shows “two electric vehicles in a crash in Canada.”,false
Video muestra al Dr. Jorge Bayter promoviendo un medicamento para curar la hipertensión.,false
“The Biden campaign has demanded that Joe Biden not have to stand during the presidential debate.”,false
Ronald Reagan’s Federal Communications Commission abolished the Fairness Doctrine and gave rise to Fox News.,barely-true
"“Biden's sister is married to Stephen Owens, who owns Dominion Voting Systems.”",false
Canadian Cancer Society apologized and said it will “no longer use the term ‘cervix’ and instead use the term ‘front hole.’”,false
"""Apple is … about to start charging us to use the FaceTime feature.”",false
"Donald Trump “shut down” Nord Stream 2 pipeline, Joe Biden approved it, then Biden shut down U.S. liquified natural gas export capacity.",barely-true
“El Banco Federal elimina la deuda de tarjetas de crédito a todos los hispanoamericanos…para evitar otra recesión ya que la inflación alcanzó un máximo histórico”.,false
Video shows “U.S. Navy deploys in Miami due to Russian warships 6/12.”,false
Video shows Biden wandered off from world leaders at G7 skydiving event.,false
Ancestry.com proves President Joe Biden “is not real.”,pants-fire
“Trump can’t be on the Texas ballot because of our state constitution.”,false
"Says Gov. Tony Evers is asking the GOP to release money for PFAS, but ""vetoed (a bill outlining) how to spend the money.""",mostly-true
"Pittsburgh Steelers coach “directs team to not participate in pride month” calling it ""woke crap""",false
"""A MAGA fan in Iowa accidentally burned down his house today trying to burn a gay pride flag.”",false
Fox News reported that the U.S. Department of Health and Human Services “formally endorses Barbara O’Neill’s ‘US without diabetes’ initiative.”,false
Hunter Biden’s trial and conviction were contrived to divert attention from Biden family crimes.,pants-fire
Republican legislatures “have targeted birth control” and in Wisconsin “refused to schedule a vote on a bill that would have codified a right to birth control.”,half-true
"Video shows Rep. Nancy Pelosi “takes responsibility for not having the National Guard” at the U.S. Capitol on Jan. 6, 2021.",false
Fuddruckers is “closing ALL locations.”,false
Photo shows “the Sandy Hook girls that did not die like they said they did!”,pants-fire
"""La reapertura de la Catedral de Notre Dame en París, después del incendio de las torres. Espectacular!"".",false
"“Congo, Africa, just released a lot of people, a lot of people from their prisons and jails and brought them into the United States of America.”",pants-fire
"If the Affordable Care Act were terminated, “that would mean over a hundred million Americans will lose protections for preexisting conditions.”",mostly-true
Photo shows the scene of a fatal crash that killed a Filipino artist.,false
Don Francisco dice que un médico le habló sobre un remedio para la hipertensión “completamente natural que podría salvar a millones de personas si comenzaran a tomarlo”.,false
"The number of people in the U.S. illegally is “upwards of 20, 25, maybe 30 million.”",false
Kansas City Chiefs said they refuse to participate in Pride Month because ‘it’s extremely woke.’,false
Says Sen. Lindsey Graham said a newly elected Donald Trump “will round up and deport LEGAL immigrants.”,false
"HarperCollins “removed 64,575 words from the Bible.”",false
"""La ivermectina cura el cáncer”.",false
"""The last administration oversaw the largest increase in murders ever recorded.""",half-true
Audio of President Joe Biden’s interview with Special Counsel Robert Hur leaked.,false
Photo shows actor Chris Evans signing a bomb amid the assault on Gaza.,false
“Wage increases have exceeded” the cost of inflation.,half-true
“James Woods leaves Hollywood to join Mel Gibson’s new non-woke film studio.”,false
U.S. Rep. Marjorie Taylor Greene said dinosaurs used to be called “by their biblical name … dragons.”,pants-fire
“Amazon está regalando las tabletas del año pasado a todos los residentes en Estados Unidos mayores de 30 años para deshacerse del exceso de inventario”.,false
“Elon Musk invests $1 billion in Mel Gibson and Mark Wahlberg’s new un-woke production studio.”,false
"Joe Biden “is letting millions of people from jails, from prisons, from insane asylums, from mental institutions, drug dealers pour in.”",pants-fire
“Denzel Washington rejects $100 million Disney offer to work with ‘woke’ Robert De Niro.”,false
"“Due to the arrangements that I've reached with (Mexico) President Obrador, the number of migrants coming … to our shared border unlawfully in recent months has dropped dramatically.”",mostly-true
Former President Donald Trump “blew off his post-sentencing probation report.”,false
Photo shows former President Donald Trump’s probation officer.,false
"Says in his three election campaigns, the early polls were ""wildly incorrect, all three times.""",mostly-true
“Kyle Rittenhouse’s mom is 38.”,false
“Elon Musk sues The View and Whoopi Goldberg for $60 million.”,false
"Elon Musk said, “I’d rather drink sewer water than see Taylor Swift at the Super Bowl.”",false
“Every American over 25 is now entitled to get a prepaid reward card up to $500 to use for groceries and everyday expenses.”,false
Joe Biden wants “to quadruple your taxes.”,false
The U.S. Supreme Court ruled in May that “Texas SB-4 law is constitutional.”,false
"Speaking about Hillary Clinton: “I didn’t say, ‘Lock her up.’ ”",pants-fire
“Walmart has announced starting June 3rd all locations in the U.S. will go back to 24hrs.”,false
“Justice Paul Newby is out here removing judges who were elected to their positions by the voters of North Carolina!!!”,false
Donald Trump wants to terminate the Affordable Care Act.,half-true
Video shows a crowd celebrating former President Donald Trump’s conviction.,false
Fox News reported on Taco Bell instead of former President Donald Trump’s conviction.,false
Photo shows the judges who will hear the appeal of former President Donald Trump’s criminal conviction.,false
“Walmart está regalando los toboganes acuáticos hinchables del año pasado a todos los estadounidenses mayores de 28 años”.,false
Burger King is “closing its doors for good.”,false
“Astronauts from the Challenger are alive!”,pants-fire
"Under federal law, former President Donald Trump’s “felony convictions mean he can no longer possess guns.”",true
“Trump can’t vote for himself in the November election.”,barely-true
Pfizer sued Barbara O’Neill “because she exposed secrets that will keep everyone safe from the bird flu outbreak.”,pants-fire
Photo shows former President Donald Trump in police custody May 30.,false
Judge Juan Merchan “overrules every objection from the defense and sustains every objection from the prosecution” during former President Donald Trump’s New York trial.,false
“Trump is no longer eligible to run for president and must drop out of the race immediately.”,false
Joe Biden told West Point graduates that “he is not planning to accept the results of the 2024 election” and he wants them to “stand back and stand by” to ensure Donald J. Trump doesn’t win.,false
"Noncitizens in Washington, D.C., “can vote in federal elections.”",false
"El actor, Arnold Schwarzenegger durmió en el suelo bajo su estatua de bronce porque se negaron a darle una habitación en un hotel.",false
"""Warner Bros Cancels $10 Million Project Starring 'Woke' Robert De Niro.”",false
“The Simpsons” predicted Sean Combs’ legal problems.,false
“Sunflowers are turning away from the sun because that’s not the sun.”,pants-fire
Starbucks lattes contain semen.,pants-fire
“Revelan momentos exactos de la caída del helicóptero con el presidente de Iran abordo…”.,false
Judge Juan Merchan told New York jurors the verdict in Donald Trump’s trial does not need to be unanimous.,false
"When Secretary of State Antony Blinken was in Ukraine recently ""he announced that they were going to suspend elections in Ukraine.""",false
